2026-10-07 20:31:28,075 INFO o.a.j.u.JMeterUtils: Setting Locale to en_EN
2026-10-07 20:31:28,093 INFO o.a.j.JMeter: Loading user properties from: C:\Users\tayka\Tools\apache-jmeter-5.6.3\bin\user.properties
2026-10-07 20:31:28,093 INFO o.a.j.JMeter: Loading system properties from: C:\Users\tayka\Tools\apache-jmeter-5.6.3\bin\system.properties
2026-10-07 20:31:28,093 INFO o.a.j.JMeter: Loading additional properties from: results.properties
2026-10-07 20:31:28,100 INFO o.a.j.JMeter: Copyright (c) 1998-2024 The Apache Software Foundation
2026-10-07 20:31:28,100 INFO o.a.j.JMeter: Version 5.6.3
2026-10-07 20:31:28,100 INFO o.a.j.JMeter: java.version=21.0.5
2026-10-07 20:31:28,100 INFO o.a.j.JMeter: java.vm.name=Java HotSpot(TM) 64-Bit Server VM
2026-10-07 20:31:28,100 INFO o.a.j.JMeter: os.name=Windows 11
2026-10-07 20:31:28,100 INFO o.a.j.JMeter: os.arch=amd64
2026-10-07 20:31:28,100 INFO o.a.j.JMeter: os.version=10.0
2026-10-07 20:31:28,100 INFO o.a.j.JMeter: file.encoding=UTF-8
2026-10-07 20:31:28,100 INFO o.a.j.JMeter: java.awt.headless=true
2026-10-07 20:31:28,100 INFO o.a.j.JMeter: Max memory     =1073741824
2026-10-07 20:31:28,100 INFO o.a.j.JMeter: Available Processors =20
2026-10-07 20:31:28,112 INFO o.a.j.JMeter: Default Locale=English (EN)
2026-10-07 20:31:28,112 INFO o.a.j.JMeter: JMeter  Locale=English (EN)
2026-10-07 20:31:28,112 INFO o.a.j.JMeter: JMeterHome=C:\Users\tayka\Tools\apache-jmeter-5.6.3
2026-10-07 20:31:28,112 INFO o.a.j.JMeter: user.dir  =C:\Users\tayka\ICT3113-PTO-P1-10-Assignment-1\jmeter\runs\peak-llama3-r2
2026-10-07 20:31:28,112 INFO o.a.j.JMeter: PWD       =C:\Users\tayka\ICT3113-PTO-P1-10-Assignment-1\jmeter\runs\peak-llama3-r2
2026-10-07 20:31:28,114 INFO o.a.j.JMeter: IP: 192.168.1.3 Name: KaiWen FullName: host.docker.internal
2026-10-07 20:31:28,116 INFO o.a.j.s.FileServer: Default base='C:\Users\tayka\ICT3113-PTO-P1-10-Assignment-1\jmeter\runs\peak-llama3-r2'
2026-10-07 20:31:28,116 INFO o.a.j.s.FileServer: Set new base='C:\Users\tayka\ICT3113-PTO-P1-10-Assignment-1\jmeter\runs\peak-llama3-r2'
2026-10-07 20:31:28,251 INFO o.a.j.s.SaveService: Testplan (JMX) version: 2.2. Testlog (JTL) version: 2.2
2026-10-07 20:31:28,274 INFO o.a.j.s.SaveService: Using SaveService properties version 5.0
2026-10-07 20:31:28,274 INFO o.a.j.s.SaveService: Using SaveService properties file encoding UTF-8
2026-10-07 20:31:28,274 INFO o.a.j.s.SaveService: Loading file: plan.jmx
2026-10-07 20:31:28,314 INFO o.a.j.p.h.s.HTTPSamplerBase: Parser for text/html is org.apache.jmeter.protocol.http.parser.LagartoBasedHtmlParser
2026-10-07 20:31:28,314 INFO o.a.j.p.h.s.HTTPSamplerBase: Parser for application/xhtml+xml is org.apache.jmeter.protocol.http.parser.LagartoBasedHtmlParser
2026-10-07 20:31:28,314 INFO o.a.j.p.h.s.HTTPSamplerBase: Parser for application/xml is org.apache.jmeter.protocol.http.parser.LagartoBasedHtmlParser
2026-10-07 20:31:28,314 INFO o.a.j.p.h.s.HTTPSamplerBase: Parser for text/xml is org.apache.jmeter.protocol.http.parser.LagartoBasedHtmlParser
2026-10-07 20:31:28,314 INFO o.a.j.p.h.s.HTTPSamplerBase: Parser for text/vnd.wap.wml is org.apache.jmeter.protocol.http.parser.RegexpHTMLParser
2026-10-07 20:31:28,314 INFO o.a.j.p.h.s.HTTPSamplerBase: Parser for text/css is org.apache.jmeter.protocol.http.parser.CssParser
2026-10-07 20:31:28,337 INFO o.a.j.JMeter: Creating summariser <summary>
2026-10-07 20:31:28,357 INFO o.a.j.e.StandardJMeterEngine: Running the test!
2026-10-07 20:31:28,357 INFO o.a.j.s.SampleEvent: List of sample_variables: [request_id, row]
2026-10-07 20:31:28,357 INFO o.a.j.s.SampleEvent: List of sample_variables: [request_id, row]
2026-10-07 20:31:28,362 INFO o.a.j.e.u.CompoundVariable: Note: Function class names must contain the string: '.functions.'
2026-10-07 20:31:28,362 INFO o.a.j.e.u.CompoundVariable: Note: Function class names must not contain the string: '.gui.'
2026-10-07 20:31:28,559 INFO o.a.j.JMeter: Running test (1791376288559)
2026-10-07 20:31:28,575 INFO o.a.j.e.StandardJMeterEngine: Starting ThreadGroup: 1 : POST arrivals
2026-10-07 20:31:28,575 INFO o.a.j.e.StandardJMeterEngine: Starting 0 threads for group POST arrivals.
2026-10-07 20:31:28,575 INFO o.a.j.e.StandardJMeterEngine: Thread will continue on error
2026-10-07 20:31:28,575 INFO o.a.j.t.o.OpenModelThreadGroup: Starting OpenModelThreadGroup#1 with schedule rate(36/min) random_arrivals(720 sec) rate(36/min) pause(360 sec)
2026-10-07 20:31:28,591 INFO o.a.j.e.StandardJMeterEngine: Starting ThreadGroup: 2 : Search arrivals
2026-10-07 20:31:28,591 INFO o.a.j.e.StandardJMeterEngine: Starting 0 threads for group Search arrivals.
2026-10-07 20:31:28,591 INFO o.a.j.e.StandardJMeterEngine: Thread will continue on error
2026-10-07 20:31:28,591 INFO o.a.j.t.o.OpenModelThreadGroup: Starting OpenModelThreadGroup#2 with schedule rate(7.2/min) random_arrivals(720 sec) rate(7.2/min) pause(360 sec)
2026-10-07 20:31:28,591 INFO o.a.j.t.o.OpenModelThreadGroup: Thread starting init
2026-10-07 20:31:28,591 INFO o.a.j.e.StandardJMeterEngine: Starting ThreadGroup: 3 : Stats arrivals
2026-10-07 20:31:28,591 INFO o.a.j.e.StandardJMeterEngine: Starting 0 threads for group Stats arrivals.
2026-10-07 20:31:28,591 INFO o.a.j.e.StandardJMeterEngine: Thread will continue on error
2026-10-07 20:31:28,591 INFO o.a.j.t.o.OpenModelThreadGroup: Thread starting init
2026-10-07 20:31:28,591 INFO o.a.j.t.o.OpenModelThreadGroup: Starting OpenModelThreadGroup#3 with schedule rate(1.8/min) random_arrivals(720 sec) rate(1.8/min) pause(360 sec)
2026-10-07 20:31:28,603 INFO o.a.j.e.StandardJMeterEngine: All thread groups have been started
2026-10-07 20:31:28,603 INFO o.a.j.t.o.OpenModelThreadGroup: Thread starting init
2026-10-07 20:31:28,608 INFO o.a.j.t.o.PoissonArrivalsRamp: Generating 21 events, beginRate = 0.030000000000000002 / sec, endRate = 0.030000000000000002 / sec, duration = 720.0 sec
2026-10-07 20:31:28,608 INFO o.a.j.t.o.PoissonArrivalsRamp: Generating 86 events, beginRate = 0.12000000000000001 / sec, endRate = 0.12000000000000001 / sec, duration = 720.0 sec
2026-10-07 20:31:28,608 INFO o.a.j.t.o.PoissonArrivalsRamp: Generating 432 events, beginRate = 0.6 / sec, endRate = 0.6 / sec, duration = 720.0 sec
2026-10-07 20:31:29,217 INFO o.a.j.t.JMeterThread: Thread started: POST arrivals 1-1
2026-10-07 20:31:29,218 INFO o.a.j.s.FileServer: Stored: data/tickets.csv
2026-10-07 20:31:29,233 INFO o.a.j.p.h.s.HTTPHCAbstractImpl: Local host = KaiWen
2026-10-07 20:31:29,238 INFO o.a.j.p.h.s.HTTPHC4Impl: HTTP request retry count = 0
2026-10-07 20:31:29,238 INFO o.a.j.s.SampleResult: Note: Sample TimeStamps are START times
2026-10-07 20:31:29,238 INFO o.a.j.s.SampleResult: sampleresult.default.encoding is set to UTF-8
2026-10-07 20:31:29,240 INFO o.a.j.s.SampleResult: sampleresult.useNanoTime=true
2026-10-07 20:31:29,240 INFO o.a.j.s.SampleResult: sampleresult.nanoThreadSleep=5000
2026-10-07 20:31:29,272 INFO o.a.j.t.JMeterThread: Thread started: POST arrivals 1-2
2026-10-07 20:31:30,945 INFO o.a.j.t.JMeterThread: Thread started: POST arrivals 1-3
2026-10-07 20:31:31,025 INFO o.a.j.t.JMeterThread: Thread started: POST arrivals 1-4
2026-10-07 20:31:33,633 INFO o.a.j.r.Summariser: summary +      1 in 00:00:05 =    0.2/s Avg:  3739 Min:  3739 Max:  3739 Err:     0 (0.00%) Active: 4 Started: 4 Finished: 0
2026-10-07 20:31:33,634 INFO o.a.j.t.JMeterThread: Thread is done: POST arrivals 1-1
2026-10-07 20:31:33,634 INFO o.a.j.t.JMeterThread: Thread finished: POST arrivals 1-1
2026-10-07 20:31:34,004 INFO o.a.j.t.JMeterThread: Thread started: POST arrivals 1-5
2026-10-07 20:31:34,421 INFO o.a.j.t.JMeterThread: Thread started: POST arrivals 1-6
2026-10-07 20:31:35,757 INFO o.a.j.t.JMeterThread: Thread is done: POST arrivals 1-2
2026-10-07 20:31:35,757 INFO o.a.j.t.JMeterThread: Thread finished: POST arrivals 1-2
2026-10-07 20:31:36,401 INFO o.a.j.t.JMeterThread: Thread started: POST arrivals 1-7
2026-10-07 20:31:36,695 INFO o.a.j.t.JMeterThread: Thread started: Stats arrivals 3-1
2026-10-07 20:31:37,476 INFO o.a.j.t.JMeterThread: Thread started: POST arrivals 1-8
2026-10-07 20:31:39,013 INFO o.a.j.t.JMeterThread: Thread started: POST arrivals 1-9
2026-10-07 20:31:39,652 INFO o.a.j.t.JMeterThread: Thread started: POST arrivals 1-10
2026-10-07 20:31:39,759 INFO o.a.j.t.JMeterThread: Thread started: POST arrivals 1-11
2026-10-07 20:31:40,472 INFO o.a.j.t.JMeterThread: Thread started: POST arrivals 1-12
2026-10-07 20:31:41,310 INFO o.a.j.t.JMeterThread: Thread started: POST arrivals 1-13
2026-10-07 20:31:42,350 INFO o.a.j.t.JMeterThread: Thread started: POST arrivals 1-14
2026-10-07 20:31:42,785 INFO o.a.j.t.JMeterThread: Thread is done: POST arrivals 1-3
2026-10-07 20:31:42,785 INFO o.a.j.t.JMeterThread: Thread finished: POST arrivals 1-3
2026-10-07 20:31:43,371 INFO o.a.j.t.JMeterThread: Thread started: POST arrivals 1-15
2026-10-07 20:31:44,988 INFO o.a.j.t.JMeterThread: Thread started: POST arrivals 1-16
2026-10-07 20:31:45,533 INFO o.a.j.t.JMeterThread: Thread started: POST arrivals 1-17
2026-10-07 20:31:47,167 INFO o.a.j.t.JMeterThread: Thread started: POST arrivals 1-18
2026-10-07 20:31:47,774 INFO o.a.j.t.JMeterThread: Thread started: POST arrivals 1-19
2026-10-07 20:31:48,608 INFO o.a.j.t.JMeterThread: Thread started: POST arrivals 1-20
2026-10-07 20:31:49,062 INFO o.a.j.t.JMeterThread: Thread is done: POST arrivals 1-4
2026-10-07 20:31:49,062 INFO o.a.j.t.JMeterThread: Thread finished: POST arrivals 1-4
2026-10-07 20:31:49,385 INFO o.a.j.t.JMeterThread: Thread started: POST arrivals 1-21
2026-10-07 20:31:50,541 INFO o.a.j.t.JMeterThread: Thread started: POST arrivals 1-22
2026-10-07 20:31:51,370 INFO o.a.j.t.JMeterThread: Thread started: POST arrivals 1-23
2026-10-07 20:31:52,068 INFO o.a.j.t.JMeterThread: Thread started: POST arrivals 1-24
2026-10-07 20:31:52,245 INFO o.a.j.t.JMeterThread: Thread started: POST arrivals 1-25
2026-10-07 20:31:53,250 INFO o.a.j.t.JMeterThread: Thread started: POST arrivals 1-26
2026-10-07 20:31:53,803 INFO o.a.j.t.JMeterThread: Thread started: POST arrivals 1-27
2026-10-07 20:31:53,939 INFO o.a.j.t.JMeterThread: Thread started: POST arrivals 1-28
2026-10-07 20:31:54,405 INFO o.a.j.t.JMeterThread: Thread started: POST arrivals 1-29
2026-10-07 20:31:54,715 INFO o.a.j.t.JMeterThread: Thread started: POST arrivals 1-30
2026-10-07 20:31:56,124 INFO o.a.j.t.JMeterThread: Thread started: POST arrivals 1-31
2026-10-07 20:31:56,878 INFO o.a.j.t.JMeterThread: Thread started: POST arrivals 1-32
2026-10-07 20:31:58,675 INFO o.a.j.t.JMeterThread: Thread is done: POST arrivals 1-5
2026-10-07 20:31:58,675 INFO o.a.j.t.JMeterThread: Thread finished: POST arrivals 1-5
2026-10-07 20:32:01,473 INFO o.a.j.t.JMeterThread: Thread started: POST arrivals 1-33
2026-10-07 20:32:03,060 INFO o.a.j.t.JMeterThread: Thread started: POST arrivals 1-34
2026-10-07 20:32:03,156 INFO o.a.j.r.Summariser: summary +      5 in 00:00:30 =    0.2/s Avg: 17940 Min:  6451 Max: 28727 Err:     0 (0.00%) Active: 30 Started: 35 Finished: 5
2026-10-07 20:32:03,157 INFO o.a.j.r.Summariser: summary =      6 in 00:00:35 =    0.2/s Avg: 15573 Min:  3739 Max: 28727 Err:     0 (0.00%)
2026-10-07 20:32:03,157 INFO o.a.j.t.JMeterThread: Thread is done: POST arrivals 1-6
2026-10-07 20:32:03,158 INFO o.a.j.t.JMeterThread: Thread finished: POST arrivals 1-6
2026-10-07 20:32:03,243 INFO o.a.j.t.JMeterThread: Thread started: Search arrivals 2-1
2026-10-07 20:32:03,898 INFO o.a.j.t.JMeterThread: Thread started: Search arrivals 2-2
2026-10-07 20:32:06,498 INFO o.a.j.t.JMeterThread: Thread is done: POST arrivals 1-7
2026-10-07 20:32:06,498 INFO o.a.j.t.JMeterThread: Thread finished: POST arrivals 1-7
2026-10-07 20:32:06,509 INFO o.a.j.t.JMeterThread: Thread is done: Stats arrivals 3-1
2026-10-07 20:32:06,510 INFO o.a.j.t.JMeterThread: Thread finished: Stats arrivals 3-1
2026-10-07 20:32:09,076 INFO o.a.j.t.JMeterThread: Thread started: Search arrivals 2-3
2026-10-07 20:32:09,214 INFO o.a.j.t.JMeterThread: Thread is done: POST arrivals 1-8
2026-10-07 20:32:09,214 INFO o.a.j.t.JMeterThread: Thread finished: POST arrivals 1-8
2026-10-07 20:32:12,886 INFO o.a.j.t.JMeterThread: Thread started: POST arrivals 1-35
2026-10-07 20:32:15,663 INFO o.a.j.t.JMeterThread: Thread is done: POST arrivals 1-9
2026-10-07 20:32:15,663 INFO o.a.j.t.JMeterThread: Thread finished: POST arrivals 1-9
2026-10-07 20:32:20,345 INFO o.a.j.t.JMeterThread: Thread started: POST arrivals 1-36
2026-10-07 20:32:20,492 INFO o.a.j.t.JMeterThread: Thread started: Search arrivals 2-4
2026-10-07 20:32:20,513 INFO o.a.j.t.JMeterThread: Thread started: Search arrivals 2-5
2026-10-07 20:32:20,992 INFO o.a.j.t.JMeterThread: Thread started: POST arrivals 1-37
2026-10-07 20:32:21,418 INFO o.a.j.t.JMeterThread: Thread started: POST arrivals 1-38
2026-10-07 20:32:21,572 INFO o.a.j.t.JMeterThread: Thread started: Search arrivals 2-6
2026-10-07 20:32:22,479 INFO o.a.j.t.JMeterThread: Thread is done: POST arrivals 1-10
2026-10-07 20:32:22,479 INFO o.a.j.t.JMeterThread: Thread finished: POST arrivals 1-10
2026-10-07 20:32:22,886 INFO o.a.j.t.JMeterThread: Thread started: Stats arrivals 3-2
2026-10-07 20:32:23,023 INFO o.a.j.t.JMeterThread: Thread started: POST arrivals 1-39
2026-10-07 20:32:27,724 INFO o.a.j.t.JMeterThread: Thread started: POST arrivals 1-40
2026-10-07 20:32:30,526 INFO o.a.j.t.JMeterThread: Thread started: POST arrivals 1-41
2026-10-07 20:32:30,726 INFO o.a.j.t.JMeterThread: Thread started: POST arrivals 1-42
2026-10-07 20:32:30,769 INFO o.a.j.r.Summariser: summary +      6 in 00:00:28 =    0.2/s Avg: 37017 Min: 29811 Max: 51005 Err:     0 (0.00%) Active: 39 Started: 50 Finished: 11
2026-10-07 20:32:30,771 INFO o.a.j.r.Summariser: summary =     12 in 00:01:02 =    0.2/s Avg: 26295 Min:  3739 Max: 51005 Err:     0 (0.00%)
2026-10-07 20:32:30,771 INFO o.a.j.t.JMeterThread: Thread is done: POST arrivals 1-11
2026-10-07 20:32:30,771 INFO o.a.j.t.JMeterThread: Thread finished: POST arrivals 1-11
2026-10-07 20:32:32,743 INFO o.a.j.t.JMeterThread: Thread started: POST arrivals 1-43
2026-10-07 20:32:35,787 INFO o.a.j.t.JMeterThread: Thread is done: POST arrivals 1-12
2026-10-07 20:32:35,787 INFO o.a.j.t.JMeterThread: Thread finished: POST arrivals 1-12
2026-10-07 20:32:36,659 INFO o.a.j.t.JMeterThread: Thread started: POST arrivals 1-44
2026-10-07 20:32:37,690 INFO o.a.j.t.JMeterThread: Thread started: POST arrivals 1-45
2026-10-07 20:32:38,301 INFO o.a.j.t.JMeterThread: Thread started: Search arrivals 2-7
2026-10-07 20:32:38,615 INFO o.a.j.t.JMeterThread: Thread is done: POST arrivals 1-13
2026-10-07 20:32:38,615 INFO o.a.j.t.JMeterThread: Thread finished: POST arrivals 1-13
2026-10-07 20:32:38,965 INFO o.a.j.t.JMeterThread: Thread started: POST arrivals 1-46
2026-10-07 20:32:40,595 INFO o.a.j.t.JMeterThread: Thread is done: POST arrivals 1-14
2026-10-07 20:32:40,595 INFO o.a.j.t.JMeterThread: Thread finished: POST arrivals 1-14
2026-10-07 20:32:41,829 INFO o.a.j.t.JMeterThread: Thread started: POST arrivals 1-47
2026-10-07 20:32:42,003 INFO o.a.j.t.JMeterThread: Thread started: POST arrivals 1-48
2026-10-07 20:32:42,397 INFO o.a.j.t.JMeterThread: Thread started: Search arrivals 2-8
2026-10-07 20:32:44,226 INFO o.a.j.t.JMeterThread: Thread started: POST arrivals 1-49
2026-10-07 20:32:44,577 INFO o.a.j.t.JMeterThread: Thread started: POST arrivals 1-50
2026-10-07 20:32:44,963 INFO o.a.j.t.JMeterThread: Thread is done: POST arrivals 1-15
2026-10-07 20:32:44,963 INFO o.a.j.t.JMeterThread: Thread finished: POST arrivals 1-15
2026-10-07 20:32:45,247 INFO o.a.j.t.JMeterThread: Thread started: POST arrivals 1-51
2026-10-07 20:32:48,212 INFO o.a.j.t.JMeterThread: Thread started: POST arrivals 1-52
2026-10-07 20:32:48,240 INFO o.a.j.t.JMeterThread: Thread is done: POST arrivals 1-16
2026-10-07 20:32:48,241 INFO o.a.j.t.JMeterThread: Thread finished: POST arrivals 1-16
2026-10-07 20:32:49,606 INFO o.a.j.t.JMeterThread: Thread started: Stats arrivals 3-3
2026-10-07 20:32:49,864 INFO o.a.j.t.JMeterThread: Thread started: POST arrivals 1-53
2026-10-07 20:32:50,557 INFO o.a.j.t.JMeterThread: Thread started: Search arrivals 2-9
2026-10-07 20:32:51,037 INFO o.a.j.t.JMeterThread: Thread is done: POST arrivals 1-17
2026-10-07 20:32:51,037 INFO o.a.j.t.JMeterThread: Thread finished: POST arrivals 1-17
2026-10-07 20:32:51,187 INFO o.a.j.t.JMeterThread: Thread started: POST arrivals 1-54
2026-10-07 20:32:51,331 INFO o.a.j.t.JMeterThread: Thread started: POST arrivals 1-55
2026-10-07 20:32:54,137 INFO o.a.j.t.JMeterThread: Thread started: POST arrivals 1-56
2026-10-07 20:32:55,246 INFO o.a.j.t.JMeterThread: Thread started: POST arrivals 1-57
2026-10-07 20:32:55,652 INFO o.a.j.t.JMeterThread: Thread started: Search arrivals 2-10
2026-10-07 20:32:55,779 INFO o.a.j.t.JMeterThread: Thread started: POST arrivals 1-58
2026-10-07 20:32:56,209 INFO o.a.j.t.JMeterThread: Thread is done: POST arrivals 1-18
2026-10-07 20:32:56,209 INFO o.a.j.t.JMeterThread: Thread finished: POST arrivals 1-18
2026-10-07 20:32:56,636 INFO o.a.j.t.JMeterThread: Thread started: Search arrivals 2-11
2026-10-07 20:32:58,823 INFO o.a.j.t.JMeterThread: Thread started: POST arrivals 1-59
2026-10-07 20:33:01,368 INFO o.a.j.t.JMeterThread: Thread started: POST arrivals 1-60
2026-10-07 20:33:01,647 INFO o.a.j.t.JMeterThread: Thread started: POST arrivals 1-61
2026-10-07 20:33:04,185 INFO o.a.j.r.Summariser: summary +      8 in 00:00:33 =    0.2/s Avg: 63326 Min: 55310 Max: 76403 Err:     0 (0.00%) Active: 56 Started: 75 Finished: 19
2026-10-07 20:33:04,186 INFO o.a.j.r.Summariser: summary =     20 in 00:01:36 =    0.2/s Avg: 41108 Min:  3739 Max: 76403 Err:     0 (0.00%)
2026-10-07 20:33:04,188 INFO o.a.j.t.JMeterThread: Thread is done: POST arrivals 1-19
2026-10-07 20:33:04,188 INFO o.a.j.t.JMeterThread: Thread finished: POST arrivals 1-19
2026-10-07 20:33:04,922 INFO o.a.j.t.JMeterThread: Thread started: POST arrivals 1-62
2026-10-07 20:33:06,816 INFO o.a.j.t.JMeterThread: Thread started: POST arrivals 1-63
2026-10-07 20:33:11,591 INFO o.a.j.t.JMeterThread: Thread started: POST arrivals 1-64
2026-10-07 20:33:11,622 INFO o.a.j.t.JMeterThread: Thread is done: POST arrivals 1-20
2026-10-07 20:33:11,622 INFO o.a.j.t.JMeterThread: Thread finished: POST arrivals 1-20
2026-10-07 20:33:11,966 INFO o.a.j.t.JMeterThread: Thread started: POST arrivals 1-65
2026-10-07 20:33:12,550 INFO o.a.j.t.JMeterThread: Thread started: POST arrivals 1-66
2026-10-07 20:33:12,816 INFO o.a.j.t.JMeterThread: Thread started: Stats arrivals 3-4
2026-10-07 20:33:13,893 INFO o.a.j.t.JMeterThread: Thread started: POST arrivals 1-67
2026-10-07 20:33:13,951 INFO o.a.j.t.JMeterThread: Thread is done: POST arrivals 1-21
2026-10-07 20:33:13,951 INFO o.a.j.t.JMeterThread: Thread finished: POST arrivals 1-21
2026-10-07 20:33:15,816 INFO o.a.j.t.JMeterThread: Thread started: Search arrivals 2-12
2026-10-07 20:33:16,338 INFO o.a.j.t.JMeterThread: Thread is done: POST arrivals 1-22
2026-10-07 20:33:16,338 INFO o.a.j.t.JMeterThread: Thread finished: POST arrivals 1-22
2026-10-07 20:33:17,102 INFO o.a.j.t.JMeterThread: Thread started: POST arrivals 1-68
2026-10-07 20:33:18,824 INFO o.a.j.t.JMeterThread: Thread is done: POST arrivals 1-23
2026-10-07 20:33:18,824 INFO o.a.j.t.JMeterThread: Thread finished: POST arrivals 1-23
2026-10-07 20:33:19,736 INFO o.a.j.t.JMeterThread: Thread started: POST arrivals 1-69
2026-10-07 20:33:20,571 INFO o.a.j.t.JMeterThread: Thread started: Search arrivals 2-13
2026-10-07 20:33:23,781 INFO o.a.j.t.JMeterThread: Thread started: POST arrivals 1-70
2026-10-07 20:33:25,848 INFO o.a.j.t.JMeterThread: Thread started: POST arrivals 1-71
2026-10-07 20:33:25,878 INFO o.a.j.t.JMeterThread: Thread started: POST arrivals 1-72
2026-10-07 20:33:27,725 INFO o.a.j.t.JMeterThread: Thread is done: POST arrivals 1-24
2026-10-07 20:33:27,725 INFO o.a.j.t.JMeterThread: Thread finished: POST arrivals 1-24
2026-10-07 20:33:29,574 INFO o.a.j.t.JMeterThread: Thread started: POST arrivals 1-73
2026-10-07 20:33:30,132 INFO o.a.j.r.Summariser: summary +      6 in 00:00:26 =    0.2/s Avg: 89055 Min: 83009 Max: 97877 Err:     0 (0.00%) Active: 65 Started: 90 Finished: 25
2026-10-07 20:33:30,133 INFO o.a.j.r.Summariser: summary =     26 in 00:02:02 =    0.2/s Avg: 52173 Min:  3739 Max: 97877 Err:     0 (0.00%)
2026-10-07 20:33:30,134 INFO o.a.j.t.JMeterThread: Thread is done: POST arrivals 1-25
2026-10-07 20:33:30,134 INFO o.a.j.t.JMeterThread: Thread finished: POST arrivals 1-25
2026-10-07 20:33:30,173 INFO o.a.j.t.JMeterThread: Thread started: POST arrivals 1-74
2026-10-07 20:33:30,631 INFO o.a.j.t.JMeterThread: Thread started: POST arrivals 1-75
2026-10-07 20:33:33,361 INFO o.a.j.t.JMeterThread: Thread started: POST arrivals 1-76
2026-10-07 20:33:36,079 INFO o.a.j.t.JMeterThread: Thread started: Search arrivals 2-14
2026-10-07 20:33:36,785 INFO o.a.j.t.JMeterThread: Thread started: Stats arrivals 3-5
2026-10-07 20:33:39,691 INFO o.a.j.t.JMeterThread: Thread is done: POST arrivals 1-26
2026-10-07 20:33:39,691 INFO o.a.j.t.JMeterThread: Thread finished: POST arrivals 1-26
2026-10-07 20:33:39,804 INFO o.a.j.t.JMeterThread: Thread started: POST arrivals 1-77
2026-10-07 20:33:41,170 INFO o.a.j.t.JMeterThread: Thread started: POST arrivals 1-78
2026-10-07 20:33:41,879 INFO o.a.j.t.JMeterThread: Thread started: Search arrivals 2-15
2026-10-07 20:33:41,893 INFO o.a.j.t.JMeterThread: Thread is done: POST arrivals 1-27
2026-10-07 20:33:41,893 INFO o.a.j.t.JMeterThread: Thread finished: POST arrivals 1-27
2026-10-07 20:33:42,667 INFO o.a.j.t.JMeterThread: Thread started: POST arrivals 1-79
2026-10-07 20:33:42,787 INFO o.a.j.t.JMeterThread: Thread started: POST arrivals 1-80
2026-10-07 20:33:44,068 INFO o.a.j.t.JMeterThread: Thread started: POST arrivals 1-81
2026-10-07 20:33:44,314 INFO o.a.j.t.JMeterThread: Thread started: POST arrivals 1-82
2026-10-07 20:33:44,727 INFO o.a.j.t.JMeterThread: Thread started: POST arrivals 1-83
2026-10-07 20:33:47,109 INFO o.a.j.t.JMeterThread: Thread started: POST arrivals 1-84
2026-10-07 20:33:48,771 INFO o.a.j.t.JMeterThread: Thread started: POST arrivals 1-85
2026-10-07 20:33:49,246 INFO o.a.j.t.JMeterThread: Thread is done: POST arrivals 1-28
2026-10-07 20:33:49,246 INFO o.a.j.t.JMeterThread: Thread finished: POST arrivals 1-28
2026-10-07 20:33:49,839 INFO o.a.j.t.JMeterThread: Thread started: POST arrivals 1-86
2026-10-07 20:33:50,188 INFO o.a.j.t.JMeterThread: Thread started: Search arrivals 2-16
2026-10-07 20:33:50,749 INFO o.a.j.t.JMeterThread: Thread started: POST arrivals 1-87
2026-10-07 20:33:53,257 INFO o.a.j.t.JMeterThread: Thread started: Search arrivals 2-17
2026-10-07 20:33:54,469 INFO o.a.j.t.JMeterThread: Thread started: POST arrivals 1-88
2026-10-07 20:33:55,210 INFO o.a.j.t.JMeterThread: Thread started: POST arrivals 1-89
2026-10-07 20:33:55,325 INFO o.a.j.t.JMeterThread: Thread started: POST arrivals 1-90
2026-10-07 20:33:57,799 INFO o.a.j.t.JMeterThread: Thread started: Stats arrivals 3-6
2026-10-07 20:33:58,671 INFO o.a.j.t.JMeterThread: Thread started: Search arrivals 2-18
2026-10-07 20:33:59,397 INFO o.a.j.t.JMeterThread: Thread is done: POST arrivals 1-29
2026-10-07 20:33:59,397 INFO o.a.j.t.JMeterThread: Thread finished: POST arrivals 1-29
2026-10-07 20:34:00,685 INFO o.a.j.t.JMeterThread: Thread started: POST arrivals 1-91
2026-10-07 20:34:02,944 INFO o.a.j.r.Summariser: summary +      5 in 00:00:33 =    0.2/s Avg: 116605 Min: 106435 Max: 128221 Err:     0 (0.00%) Active: 85 Started: 115 Finished: 30
2026-10-07 20:34:02,945 INFO o.a.j.r.Summariser: summary =     31 in 00:02:34 =    0.2/s Avg: 62565 Min:  3739 Max: 128221 Err:     0 (0.00%)
2026-10-07 20:34:02,945 INFO o.a.j.t.JMeterThread: Thread is done: POST arrivals 1-30
2026-10-07 20:34:02,946 INFO o.a.j.t.JMeterThread: Thread finished: POST arrivals 1-30
2026-10-07 20:34:04,562 INFO o.a.j.t.JMeterThread: Thread started: POST arrivals 1-92
2026-10-07 20:34:06,155 INFO o.a.j.t.JMeterThread: Thread is done: POST arrivals 1-31
2026-10-07 20:34:06,155 INFO o.a.j.t.JMeterThread: Thread finished: POST arrivals 1-31
2026-10-07 20:34:08,909 INFO o.a.j.t.JMeterThread: Thread is done: POST arrivals 1-32
2026-10-07 20:34:08,909 INFO o.a.j.t.JMeterThread: Thread finished: POST arrivals 1-32
2026-10-07 20:34:11,348 INFO o.a.j.t.JMeterThread: Thread started: POST arrivals 1-93
2026-10-07 20:34:12,024 INFO o.a.j.t.JMeterThread: Thread started: POST arrivals 1-94
2026-10-07 20:34:12,220 INFO o.a.j.t.JMeterThread: Thread started: POST arrivals 1-95
2026-10-07 20:34:12,964 INFO o.a.j.t.JMeterThread: Thread started: Search arrivals 2-19
2026-10-07 20:34:13,554 INFO o.a.j.t.JMeterThread: Thread is done: POST arrivals 1-33
2026-10-07 20:34:13,554 INFO o.a.j.t.JMeterThread: Thread finished: POST arrivals 1-33
2026-10-07 20:34:15,302 INFO o.a.j.t.JMeterThread: Thread started: POST arrivals 1-96
2026-10-07 20:34:15,938 INFO o.a.j.t.JMeterThread: Thread started: POST arrivals 1-97
2026-10-07 20:34:16,517 INFO o.a.j.t.JMeterThread: Thread is done: POST arrivals 1-34
2026-10-07 20:34:16,517 INFO o.a.j.t.JMeterThread: Thread finished: POST arrivals 1-34
2026-10-07 20:34:16,533 INFO o.a.j.t.JMeterThread: Thread is done: Search arrivals 2-1
2026-10-07 20:34:16,542 INFO o.a.j.t.JMeterThread: Thread finished: Search arrivals 2-1
2026-10-07 20:34:16,547 INFO o.a.j.t.JMeterThread: Thread is done: Search arrivals 2-2
2026-10-07 20:34:16,547 INFO o.a.j.t.JMeterThread: Thread finished: Search arrivals 2-2
2026-10-07 20:34:16,562 INFO o.a.j.t.JMeterThread: Thread is done: Search arrivals 2-3
2026-10-07 20:34:16,562 INFO o.a.j.t.JMeterThread: Thread finished: Search arrivals 2-3
2026-10-07 20:34:17,021 INFO o.a.j.t.JMeterThread: Thread started: POST arrivals 1-98
2026-10-07 20:34:17,313 INFO o.a.j.t.JMeterThread: Thread started: POST arrivals 1-99
2026-10-07 20:34:18,446 INFO o.a.j.t.JMeterThread: Thread started: Search arrivals 2-20
2026-10-07 20:34:19,761 INFO o.a.j.t.JMeterThread: Thread is done: POST arrivals 1-35
2026-10-07 20:34:19,762 INFO o.a.j.t.JMeterThread: Thread finished: POST arrivals 1-35
2026-10-07 20:34:20,784 INFO o.a.j.t.JMeterThread: Thread started: Search arrivals 2-21
2026-10-07 20:34:20,915 INFO o.a.j.t.JMeterThread: Thread started: POST arrivals 1-100
2026-10-07 20:34:23,245 INFO o.a.j.t.JMeterThread: Thread started: POST arrivals 1-101
2026-10-07 20:34:23,547 INFO o.a.j.t.JMeterThread: Thread started: POST arrivals 1-102
2026-10-07 20:34:24,072 INFO o.a.j.t.JMeterThread: Thread is done: POST arrivals 1-36
2026-10-07 20:34:24,073 INFO o.a.j.t.JMeterThread: Thread finished: POST arrivals 1-36
2026-10-07 20:34:24,092 INFO o.a.j.t.JMeterThread: Thread is done: Search arrivals 2-4
2026-10-07 20:34:24,092 INFO o.a.j.t.JMeterThread: Thread finished: Search arrivals 2-4
2026-10-07 20:34:24,108 INFO o.a.j.t.JMeterThread: Thread is done: Search arrivals 2-5
2026-10-07 20:34:24,108 INFO o.a.j.t.JMeterThread: Thread finished: Search arrivals 2-5
2026-10-07 20:34:24,853 INFO o.a.j.t.JMeterThread: Thread started: POST arrivals 1-103
2026-10-07 20:34:24,903 INFO o.a.j.t.JMeterThread: Thread started: POST arrivals 1-104
2026-10-07 20:34:27,591 INFO o.a.j.t.JMeterThread: Thread started: POST arrivals 1-105
2026-10-07 20:34:27,830 INFO o.a.j.t.JMeterThread: Thread is done: POST arrivals 1-37
2026-10-07 20:34:27,830 INFO o.a.j.t.JMeterThread: Thread finished: POST arrivals 1-37
2026-10-07 20:34:27,852 INFO o.a.j.t.JMeterThread: Thread started: POST arrivals 1-106
2026-10-07 20:34:29,293 INFO o.a.j.t.JMeterThread: Thread started: POST arrivals 1-107
2026-10-07 20:34:31,013 INFO o.a.j.t.JMeterThread: Thread started: Search arrivals 2-22
2026-10-07 20:34:32,496 INFO o.a.j.t.JMeterThread: Thread started: POST arrivals 1-108
2026-10-07 20:34:32,939 INFO o.a.j.t.JMeterThread: Thread started: POST arrivals 1-109
2026-10-07 20:34:33,979 INFO o.a.j.t.JMeterThread: Thread started: POST arrivals 1-110
2026-10-07 20:34:35,476 INFO o.a.j.t.JMeterThread: Thread started: Stats arrivals 3-7
2026-10-07 20:34:35,710 INFO o.a.j.r.Summariser: summary +     13 in 00:00:33 =    0.4/s Avg: 129222 Min: 123591 Max: 134286 Err:     0 (0.00%) Active: 96 Started: 139 Finished: 43
2026-10-07 20:34:35,712 INFO o.a.j.r.Summariser: summary =     44 in 00:03:07 =    0.2/s Avg: 82259 Min:  3739 Max: 134286 Err:     0 (0.00%)
2026-10-07 20:34:35,712 INFO o.a.j.t.JMeterThread: Thread is done: POST arrivals 1-38
2026-10-07 20:34:35,712 INFO o.a.j.t.JMeterThread: Thread finished: POST arrivals 1-38
2026-10-07 20:34:35,726 INFO o.a.j.t.JMeterThread: Thread is done: Search arrivals 2-6
2026-10-07 20:34:35,726 INFO o.a.j.t.JMeterThread: Thread finished: Search arrivals 2-6
2026-10-07 20:34:35,739 INFO o.a.j.t.JMeterThread: Thread is done: Stats arrivals 3-2
2026-10-07 20:34:35,740 INFO o.a.j.t.JMeterThread: Thread finished: Stats arrivals 3-2
2026-10-07 20:34:35,789 INFO o.a.j.t.JMeterThread: Thread started: Search arrivals 2-23
2026-10-07 20:34:42,029 INFO o.a.j.t.JMeterThread: Thread is done: POST arrivals 1-39
2026-10-07 20:34:42,029 INFO o.a.j.t.JMeterThread: Thread finished: POST arrivals 1-39
2026-10-07 20:34:46,081 INFO o.a.j.t.JMeterThread: Thread is done: POST arrivals 1-40
2026-10-07 20:34:46,081 INFO o.a.j.t.JMeterThread: Thread finished: POST arrivals 1-40
2026-10-07 20:34:46,468 INFO o.a.j.t.JMeterThread: Thread started: Stats arrivals 3-8
2026-10-07 20:34:48,079 INFO o.a.j.t.JMeterThread: Thread started: Search arrivals 2-24
2026-10-07 20:34:48,122 INFO o.a.j.t.JMeterThread: Thread started: POST arrivals 1-111
2026-10-07 20:34:48,897 INFO o.a.j.t.JMeterThread: Thread started: POST arrivals 1-112
2026-10-07 20:34:49,490 INFO o.a.j.t.JMeterThread: Thread started: POST arrivals 1-113
2026-10-07 20:34:56,071 INFO o.a.j.t.JMeterThread: Thread started: POST arrivals 1-114
2026-10-07 20:34:56,458 INFO o.a.j.t.JMeterThread: Thread is done: POST arrivals 1-41
2026-10-07 20:34:56,458 INFO o.a.j.t.JMeterThread: Thread finished: POST arrivals 1-41
2026-10-07 20:34:56,683 INFO o.a.j.t.JMeterThread: Thread started: POST arrivals 1-115
2026-10-07 20:34:58,354 INFO o.a.j.t.JMeterThread: Thread started: POST arrivals 1-116
2026-10-07 20:34:58,979 INFO o.a.j.t.JMeterThread: Thread started: Stats arrivals 3-9
2026-10-07 20:34:59,762 INFO o.a.j.t.JMeterThread: Thread started: Search arrivals 2-25
2026-10-07 20:35:01,349 INFO o.a.j.t.JMeterThread: Thread started: Search arrivals 2-26
2026-10-07 20:35:03,114 INFO o.a.j.t.JMeterThread: Thread started: Search arrivals 2-27
2026-10-07 20:35:04,836 INFO o.a.j.r.Summariser: summary +      6 in 00:00:29 =    0.2/s Avg: 140731 Min: 132851 Max: 154105 Err:     0 (0.00%) Active: 103 Started: 152 Finished: 49
2026-10-07 20:35:04,837 INFO o.a.j.r.Summariser: summary =     50 in 00:03:36 =    0.2/s Avg: 89276 Min:  3739 Max: 154105 Err:     0 (0.00%)
2026-10-07 20:35:04,838 INFO o.a.j.t.JMeterThread: Thread is done: POST arrivals 1-42
2026-10-07 20:35:04,838 INFO o.a.j.t.JMeterThread: Thread finished: POST arrivals 1-42
2026-10-07 20:35:08,534 INFO o.a.j.t.JMeterThread: Thread is done: POST arrivals 1-43
2026-10-07 20:35:08,534 INFO o.a.j.t.JMeterThread: Thread finished: POST arrivals 1-43
2026-10-07 20:35:10,376 INFO o.a.j.t.JMeterThread: Thread started: Search arrivals 2-28
2026-10-07 20:35:10,862 INFO o.a.j.t.JMeterThread: Thread started: POST arrivals 1-117
2026-10-07 20:35:12,275 INFO o.a.j.t.JMeterThread: Thread started: POST arrivals 1-118
2026-10-07 20:35:12,549 INFO o.a.j.t.JMeterThread: Thread is done: POST arrivals 1-44
2026-10-07 20:35:12,550 INFO o.a.j.t.JMeterThread: Thread finished: POST arrivals 1-44
2026-10-07 20:35:13,294 INFO o.a.j.t.JMeterThread: Thread started: POST arrivals 1-119
2026-10-07 20:35:14,769 INFO o.a.j.t.JMeterThread: Thread is done: POST arrivals 1-45
2026-10-07 20:35:14,769 INFO o.a.j.t.JMeterThread: Thread finished: POST arrivals 1-45
2026-10-07 20:35:14,790 INFO o.a.j.t.JMeterThread: Thread is done: Search arrivals 2-7
2026-10-07 20:35:14,790 INFO o.a.j.t.JMeterThread: Thread finished: Search arrivals 2-7
2026-10-07 20:35:15,309 INFO o.a.j.t.JMeterThread: Thread started: POST arrivals 1-120
2026-10-07 20:35:18,014 INFO o.a.j.t.JMeterThread: Thread started: POST arrivals 1-121
2026-10-07 20:35:19,902 INFO o.a.j.t.JMeterThread: Thread started: POST arrivals 1-122
2026-10-07 20:35:22,682 INFO o.a.j.t.JMeterThread: Thread is done: POST arrivals 1-46
2026-10-07 20:35:22,682 INFO o.a.j.t.JMeterThread: Thread finished: POST arrivals 1-46
2026-10-07 20:35:23,524 INFO o.a.j.t.JMeterThread: Thread started: Search arrivals 2-29
2026-10-07 20:35:23,555 INFO o.a.j.t.JMeterThread: Thread started: POST arrivals 1-123
2026-10-07 20:35:25,925 INFO o.a.j.t.JMeterThread: Thread started: POST arrivals 1-124
2026-10-07 20:35:26,679 INFO o.a.j.t.JMeterThread: Thread started: Search arrivals 2-30
2026-10-07 20:35:27,723 INFO o.a.j.t.JMeterThread: Thread started: POST arrivals 1-125
2026-10-07 20:35:28,242 INFO o.a.j.t.JMeterThread: Thread started: POST arrivals 1-126
2026-10-07 20:35:28,405 INFO o.a.j.t.JMeterThread: Thread started: POST arrivals 1-127
2026-10-07 20:35:28,655 INFO o.a.j.t.JMeterThread: Thread started: POST arrivals 1-128
2026-10-07 20:35:30,265 INFO o.a.j.t.JMeterThread: Thread started: POST arrivals 1-129
2026-10-07 20:35:31,725 INFO o.a.j.r.Summariser: summary +      6 in 00:00:27 =    0.2/s Avg: 159805 Min: 155785 Max: 169890 Err:     0 (0.00%) Active: 113 Started: 168 Finished: 55
2026-10-07 20:35:31,725 INFO o.a.j.r.Summariser: summary =     56 in 00:04:03 =    0.2/s Avg: 96832 Min:  3739 Max: 169890 Err:     0 (0.00%)
2026-10-07 20:35:31,726 INFO o.a.j.t.JMeterThread: Thread is done: POST arrivals 1-47
2026-10-07 20:35:31,726 INFO o.a.j.t.JMeterThread: Thread finished: POST arrivals 1-47
2026-10-07 20:35:31,876 INFO o.a.j.t.JMeterThread: Thread started: POST arrivals 1-130
2026-10-07 20:35:33,164 INFO o.a.j.t.JMeterThread: Thread started: POST arrivals 1-131
2026-10-07 20:35:34,751 INFO o.a.j.t.JMeterThread: Thread started: POST arrivals 1-132
2026-10-07 20:35:34,759 INFO o.a.j.t.JMeterThread: Thread started: POST arrivals 1-133
2026-10-07 20:35:35,144 INFO o.a.j.t.JMeterThread: Thread is done: POST arrivals 1-48
2026-10-07 20:35:35,145 INFO o.a.j.t.JMeterThread: Thread finished: POST arrivals 1-48
2026-10-07 20:35:35,161 INFO o.a.j.t.JMeterThread: Thread is done: Search arrivals 2-8
2026-10-07 20:35:35,161 INFO o.a.j.t.JMeterThread: Thread finished: Search arrivals 2-8
2026-10-07 20:35:36,049 INFO o.a.j.t.JMeterThread: Thread started: Stats arrivals 3-10
2026-10-07 20:35:36,946 INFO o.a.j.t.JMeterThread: Thread started: POST arrivals 1-134
2026-10-07 20:35:37,866 INFO o.a.j.t.JMeterThread: Thread started: POST arrivals 1-135
2026-10-07 20:35:38,350 INFO o.a.j.t.JMeterThread: Thread is done: POST arrivals 1-49
2026-10-07 20:35:38,351 INFO o.a.j.t.JMeterThread: Thread finished: POST arrivals 1-49
2026-10-07 20:35:40,798 INFO o.a.j.t.JMeterThread: Thread started: POST arrivals 1-136
2026-10-07 20:35:40,845 INFO o.a.j.t.JMeterThread: Thread started: POST arrivals 1-137
2026-10-07 20:35:42,642 INFO o.a.j.t.JMeterThread: Thread is done: POST arrivals 1-50
2026-10-07 20:35:42,642 INFO o.a.j.t.JMeterThread: Thread finished: POST arrivals 1-50
2026-10-07 20:35:45,993 INFO o.a.j.t.JMeterThread: Thread started: POST arrivals 1-138
2026-10-07 20:35:46,466 INFO o.a.j.t.JMeterThread: Thread started: POST arrivals 1-139
2026-10-07 20:35:48,077 INFO o.a.j.t.JMeterThread: Thread started: POST arrivals 1-140
2026-10-07 20:35:48,374 INFO o.a.j.t.JMeterThread: Thread started: POST arrivals 1-141
2026-10-07 20:35:49,063 INFO o.a.j.t.JMeterThread: Thread started: Search arrivals 2-31
2026-10-07 20:35:50,995 INFO o.a.j.t.JMeterThread: Thread is done: POST arrivals 1-51
2026-10-07 20:35:50,995 INFO o.a.j.t.JMeterThread: Thread finished: POST arrivals 1-51
2026-10-07 20:35:55,780 INFO o.a.j.t.JMeterThread: Thread started: POST arrivals 1-142
2026-10-07 20:35:58,084 INFO o.a.j.t.JMeterThread: Thread is done: POST arrivals 1-52
2026-10-07 20:35:58,085 INFO o.a.j.t.JMeterThread: Thread finished: POST arrivals 1-52
2026-10-07 20:35:58,097 INFO o.a.j.t.JMeterThread: Thread is done: Stats arrivals 3-3
2026-10-07 20:35:58,097 INFO o.a.j.t.JMeterThread: Thread finished: Stats arrivals 3-3
2026-10-07 20:35:59,725 INFO o.a.j.t.JMeterThread: Thread started: POST arrivals 1-143
2026-10-07 20:36:00,651 INFO o.a.j.r.Summariser: summary +      8 in 00:00:29 =    0.3/s Avg: 181616 Min: 172760 Max: 190780 Err:     0 (0.00%) Active: 121 Started: 184 Finished: 63
2026-10-07 20:36:00,652 INFO o.a.j.r.Summariser: summary =     64 in 00:04:32 =    0.2/s Avg: 107430 Min:  3739 Max: 190780 Err:     0 (0.00%)
2026-10-07 20:36:00,652 INFO o.a.j.t.JMeterThread: Thread is done: POST arrivals 1-53
2026-10-07 20:36:00,652 INFO o.a.j.t.JMeterThread: Thread finished: POST arrivals 1-53
2026-10-07 20:36:00,677 INFO o.a.j.t.JMeterThread: Thread is done: Search arrivals 2-9
2026-10-07 20:36:00,677 INFO o.a.j.t.JMeterThread: Thread finished: Search arrivals 2-9
2026-10-07 20:36:03,004 INFO o.a.j.t.JMeterThread: Thread started: Search arrivals 2-32
2026-10-07 20:36:03,121 INFO o.a.j.t.JMeterThread: Thread started: Search arrivals 2-33
2026-10-07 20:36:03,755 INFO o.a.j.t.JMeterThread: Thread started: Search arrivals 2-34
2026-10-07 20:36:03,959 INFO o.a.j.t.JMeterThread: Thread started: POST arrivals 1-144
2026-10-07 20:36:04,083 INFO o.a.j.t.JMeterThread: Thread is done: POST arrivals 1-54
2026-10-07 20:36:04,083 INFO o.a.j.t.JMeterThread: Thread finished: POST arrivals 1-54
2026-10-07 20:36:05,004 INFO o.a.j.t.JMeterThread: Thread started: POST arrivals 1-145
2026-10-07 20:36:08,497 INFO o.a.j.t.JMeterThread: Thread started: POST arrivals 1-146
2026-10-07 20:36:08,603 INFO o.a.j.t.JMeterThread: Thread started: POST arrivals 1-147
2026-10-07 20:36:09,665 INFO o.a.j.t.JMeterThread: Thread is done: POST arrivals 1-55
2026-10-07 20:36:09,665 INFO o.a.j.t.JMeterThread: Thread finished: POST arrivals 1-55
2026-10-07 20:36:10,586 INFO o.a.j.t.JMeterThread: Thread started: POST arrivals 1-148
2026-10-07 20:36:11,351 INFO o.a.j.t.JMeterThread: Thread started: POST arrivals 1-149
2026-10-07 20:36:13,017 INFO o.a.j.t.JMeterThread: Thread is done: POST arrivals 1-56
2026-10-07 20:36:13,017 INFO o.a.j.t.JMeterThread: Thread finished: POST arrivals 1-56
2026-10-07 20:36:15,467 INFO o.a.j.t.JMeterThread: Thread started: POST arrivals 1-150
2026-10-07 20:36:16,300 INFO o.a.j.t.JMeterThread: Thread started: POST arrivals 1-151
2026-10-07 20:36:16,363 INFO o.a.j.t.JMeterThread: Thread started: POST arrivals 1-152
2026-10-07 20:36:16,421 INFO o.a.j.t.JMeterThread: Thread is done: POST arrivals 1-57
2026-10-07 20:36:16,421 INFO o.a.j.t.JMeterThread: Thread finished: POST arrivals 1-57
2026-10-07 20:36:16,438 INFO o.a.j.t.JMeterThread: Thread is done: Search arrivals 2-10
2026-10-07 20:36:16,439 INFO o.a.j.t.JMeterThread: Thread finished: Search arrivals 2-10
2026-10-07 20:36:17,578 INFO o.a.j.t.JMeterThread: Thread started: POST arrivals 1-153
2026-10-07 20:36:17,769 INFO o.a.j.t.JMeterThread: Thread started: POST arrivals 1-154
2026-10-07 20:36:18,080 INFO o.a.j.t.JMeterThread: Thread is done: POST arrivals 1-58
2026-10-07 20:36:18,081 INFO o.a.j.t.JMeterThread: Thread finished: POST arrivals 1-58
2026-10-07 20:36:18,097 INFO o.a.j.t.JMeterThread: Thread is done: Search arrivals 2-11
2026-10-07 20:36:18,098 INFO o.a.j.t.JMeterThread: Thread finished: Search arrivals 2-11
2026-10-07 20:36:19,095 INFO o.a.j.t.JMeterThread: Thread started: POST arrivals 1-155
2026-10-07 20:36:20,001 INFO o.a.j.t.JMeterThread: Thread started: POST arrivals 1-156
2026-10-07 20:36:21,319 INFO o.a.j.t.JMeterThread: Thread started: POST arrivals 1-157
2026-10-07 20:36:21,681 INFO o.a.j.t.JMeterThread: Thread started: POST arrivals 1-158
2026-10-07 20:36:22,351 INFO o.a.j.t.JMeterThread: Thread started: POST arrivals 1-159
2026-10-07 20:36:22,358 INFO o.a.j.t.JMeterThread: Thread started: POST arrivals 1-160
2026-10-07 20:36:23,184 INFO o.a.j.t.JMeterThread: Thread started: POST arrivals 1-161
2026-10-07 20:36:23,500 INFO o.a.j.t.JMeterThread: Thread started: Search arrivals 2-35
2026-10-07 20:36:24,603 INFO o.a.j.t.JMeterThread: Thread started: POST arrivals 1-162
2026-10-07 20:36:24,691 INFO o.a.j.t.JMeterThread: Thread started: POST arrivals 1-163
2026-10-07 20:36:25,212 INFO o.a.j.t.JMeterThread: Thread started: POST arrivals 1-164
2026-10-07 20:36:25,663 INFO o.a.j.t.JMeterThread: Thread started: Stats arrivals 3-11
2026-10-07 20:36:27,155 INFO o.a.j.t.JMeterThread: Thread started: POST arrivals 1-165
2026-10-07 20:36:27,562 INFO o.a.j.t.JMeterThread: Thread started: POST arrivals 1-166
2026-10-07 20:36:27,983 INFO o.a.j.t.JMeterThread: Thread started: POST arrivals 1-167
2026-10-07 20:36:28,150 INFO o.a.j.t.JMeterThread: Thread is done: POST arrivals 1-59
2026-10-07 20:36:28,150 INFO o.a.j.t.JMeterThread: Thread finished: POST arrivals 1-59
2026-10-07 20:36:28,408 INFO o.a.j.t.JMeterThread: Thread started: POST arrivals 1-168
2026-10-07 20:36:29,350 INFO o.a.j.t.JMeterThread: Thread started: POST arrivals 1-169
2026-10-07 20:36:30,510 INFO o.a.j.t.JMeterThread: Thread started: POST arrivals 1-170
2026-10-07 20:36:32,899 INFO o.a.j.t.JMeterThread: Thread started: POST arrivals 1-171
2026-10-07 20:36:33,277 INFO o.a.j.t.JMeterThread: Thread started: Search arrivals 2-36
2026-10-07 20:36:34,557 INFO o.a.j.t.JMeterThread: Thread started: Search arrivals 2-37
2026-10-07 20:36:34,792 INFO o.a.j.t.JMeterThread: Thread started: Search arrivals 2-38
2026-10-07 20:36:36,343 INFO o.a.j.t.JMeterThread: Thread started: POST arrivals 1-172
2026-10-07 20:36:37,026 INFO o.a.j.t.JMeterThread: Thread is done: POST arrivals 1-60
2026-10-07 20:36:37,026 INFO o.a.j.t.JMeterThread: Thread finished: POST arrivals 1-60
2026-10-07 20:36:37,392 INFO o.a.j.t.JMeterThread: Thread started: POST arrivals 1-173
2026-10-07 20:36:37,594 INFO o.a.j.t.JMeterThread: Thread started: POST arrivals 1-174
2026-10-07 20:36:39,646 INFO o.a.j.t.JMeterThread: Thread started: Search arrivals 2-39
2026-10-07 20:36:41,360 INFO o.a.j.t.JMeterThread: Thread is done: POST arrivals 1-61
2026-10-07 20:36:41,360 INFO o.a.j.t.JMeterThread: Thread finished: POST arrivals 1-61
2026-10-07 20:36:46,416 INFO o.a.j.t.JMeterThread: Thread started: Search arrivals 2-40
2026-10-07 20:36:46,757 INFO o.a.j.t.JMeterThread: Thread started: POST arrivals 1-175
2026-10-07 20:36:47,410 INFO o.a.j.t.JMeterThread: Thread started: POST arrivals 1-176
2026-10-07 20:36:48,041 INFO o.a.j.t.JMeterThread: Thread is done: POST arrivals 1-62
2026-10-07 20:36:48,041 INFO o.a.j.t.JMeterThread: Thread finished: POST arrivals 1-62
2026-10-07 20:36:48,877 INFO o.a.j.t.JMeterThread: Thread started: Search arrivals 2-41
2026-10-07 20:36:49,089 INFO o.a.j.t.JMeterThread: Thread started: POST arrivals 1-177
2026-10-07 20:36:51,979 INFO o.a.j.t.JMeterThread: Thread is done: POST arrivals 1-63
2026-10-07 20:36:51,979 INFO o.a.j.t.JMeterThread: Thread finished: POST arrivals 1-63
2026-10-07 20:36:54,303 INFO o.a.j.t.JMeterThread: Thread is done: POST arrivals 1-64
2026-10-07 20:36:54,303 INFO o.a.j.t.JMeterThread: Thread finished: POST arrivals 1-64
2026-10-07 20:36:56,481 INFO o.a.j.t.JMeterThread: Thread is done: POST arrivals 1-65
2026-10-07 20:36:56,481 INFO o.a.j.t.JMeterThread: Thread finished: POST arrivals 1-65
2026-10-07 20:36:58,709 INFO o.a.j.t.JMeterThread: Thread started: POST arrivals 1-178
2026-10-07 20:36:58,877 INFO o.a.j.t.JMeterThread: Thread started: POST arrivals 1-179
2026-10-07 20:36:59,166 INFO o.a.j.t.JMeterThread: Thread started: Search arrivals 2-42
2026-10-07 20:36:59,732 INFO o.a.j.t.JMeterThread: Thread is done: POST arrivals 1-66
2026-10-07 20:36:59,733 INFO o.a.j.t.JMeterThread: Thread finished: POST arrivals 1-66
2026-10-07 20:36:59,748 INFO o.a.j.t.JMeterThread: Thread is done: Stats arrivals 3-4
2026-10-07 20:36:59,748 INFO o.a.j.t.JMeterThread: Thread finished: Stats arrivals 3-4
2026-10-07 20:37:00,082 INFO o.a.j.t.JMeterThread: Thread started: POST arrivals 1-180
2026-10-07 20:37:00,111 INFO o.a.j.t.JMeterThread: Thread started: POST arrivals 1-181
2026-10-07 20:37:00,166 INFO o.a.j.t.JMeterThread: Thread started: Search arrivals 2-43
2026-10-07 20:37:03,954 INFO o.a.j.r.Summariser: summary +     18 in 00:01:03 =    0.3/s Avg: 211679 Min: 190113 Max: 230055 Err:     0 (0.00%) Active: 154 Started: 235 Finished: 81
2026-10-07 20:37:03,956 INFO o.a.j.r.Summariser: summary =     82 in 00:05:35 =    0.2/s Avg: 130314 Min:  3739 Max: 230055 Err:     0 (0.00%)
2026-10-07 20:37:03,956 INFO o.a.j.t.JMeterThread: Thread is done: POST arrivals 1-67
2026-10-07 20:37:03,956 INFO o.a.j.t.JMeterThread: Thread finished: POST arrivals 1-67
2026-10-07 20:37:03,980 INFO o.a.j.t.JMeterThread: Thread is done: Search arrivals 2-12
2026-10-07 20:37:03,980 INFO o.a.j.t.JMeterThread: Thread finished: Search arrivals 2-12
2026-10-07 20:37:04,717 INFO o.a.j.t.JMeterThread: Thread started: POST arrivals 1-182
2026-10-07 20:37:05,368 INFO o.a.j.t.JMeterThread: Thread started: POST arrivals 1-183
2026-10-07 20:37:06,114 INFO o.a.j.t.JMeterThread: Thread started: Search arrivals 2-44
2026-10-07 20:37:06,226 INFO o.a.j.t.JMeterThread: Thread started: POST arrivals 1-184
2026-10-07 20:37:07,107 INFO o.a.j.t.JMeterThread: Thread started: POST arrivals 1-185
2026-10-07 20:37:07,449 INFO o.a.j.t.JMeterThread: Thread started: POST arrivals 1-186
2026-10-07 20:37:07,830 INFO o.a.j.t.JMeterThread: Thread started: POST arrivals 1-187
2026-10-07 20:37:08,506 INFO o.a.j.t.JMeterThread: Thread is done: POST arrivals 1-68
2026-10-07 20:37:08,506 INFO o.a.j.t.JMeterThread: Thread finished: POST arrivals 1-68
2026-10-07 20:37:09,310 INFO o.a.j.t.JMeterThread: Thread started: POST arrivals 1-188
2026-10-07 20:37:09,469 INFO o.a.j.t.JMeterThread: Thread started: POST arrivals 1-189
2026-10-07 20:37:10,860 INFO o.a.j.t.JMeterThread: Thread is done: POST arrivals 1-69
2026-10-07 20:37:10,860 INFO o.a.j.t.JMeterThread: Thread finished: POST arrivals 1-69
2026-10-07 20:37:10,889 INFO o.a.j.t.JMeterThread: Thread is done: Search arrivals 2-13
2026-10-07 20:37:10,889 INFO o.a.j.t.JMeterThread: Thread finished: Search arrivals 2-13
2026-10-07 20:37:11,935 INFO o.a.j.t.JMeterThread: Thread started: POST arrivals 1-190
2026-10-07 20:37:12,835 INFO o.a.j.t.JMeterThread: Thread started: POST arrivals 1-191
2026-10-07 20:37:12,846 INFO o.a.j.t.JMeterThread: Thread started: Stats arrivals 3-12
2026-10-07 20:37:13,347 INFO o.a.j.t.JMeterThread: Thread started: Search arrivals 2-45
2026-10-07 20:37:14,134 INFO o.a.j.t.JMeterThread: Thread started: POST arrivals 1-192
2026-10-07 20:37:15,240 INFO o.a.j.t.JMeterThread: Thread started: POST arrivals 1-193
2026-10-07 20:37:15,962 INFO o.a.j.t.JMeterThread: Thread is done: POST arrivals 1-70
2026-10-07 20:37:15,962 INFO o.a.j.t.JMeterThread: Thread finished: POST arrivals 1-70
2026-10-07 20:37:18,415 INFO o.a.j.t.JMeterThread: Thread started: POST arrivals 1-194
2026-10-07 20:37:18,780 INFO o.a.j.t.JMeterThread: Thread started: POST arrivals 1-195
2026-10-07 20:37:19,042 INFO o.a.j.t.JMeterThread: Thread is done: POST arrivals 1-71
2026-10-07 20:37:19,043 INFO o.a.j.t.JMeterThread: Thread finished: POST arrivals 1-71
2026-10-07 20:37:19,282 INFO o.a.j.t.JMeterThread: Thread started: POST arrivals 1-196
2026-10-07 20:37:20,594 INFO o.a.j.t.JMeterThread: Thread started: Search arrivals 2-46
2026-10-07 20:37:21,389 INFO o.a.j.t.JMeterThread: Thread started: POST arrivals 1-197
2026-10-07 20:37:21,951 INFO o.a.j.t.JMeterThread: Thread is done: POST arrivals 1-72
2026-10-07 20:37:21,961 INFO o.a.j.t.JMeterThread: Thread finished: POST arrivals 1-72
2026-10-07 20:37:22,180 INFO o.a.j.t.JMeterThread: Thread started: POST arrivals 1-198
2026-10-07 20:37:25,026 INFO o.a.j.t.JMeterThread: Thread is done: POST arrivals 1-73
2026-10-07 20:37:25,026 INFO o.a.j.t.JMeterThread: Thread finished: POST arrivals 1-73
2026-10-07 20:37:25,111 INFO o.a.j.t.JMeterThread: Thread started: Search arrivals 2-47
2026-10-07 20:37:26,768 INFO o.a.j.t.JMeterThread: Thread started: POST arrivals 1-199
2026-10-07 20:37:26,924 INFO o.a.j.t.JMeterThread: Thread started: POST arrivals 1-200
2026-10-07 20:37:27,724 INFO o.a.j.t.JMeterThread: Thread is done: POST arrivals 1-74
2026-10-07 20:37:27,724 INFO o.a.j.t.JMeterThread: Thread finished: POST arrivals 1-74
2026-10-07 20:37:28,817 INFO o.a.j.t.JMeterThread: Thread started: POST arrivals 1-201
2026-10-07 20:37:30,680 INFO o.a.j.t.JMeterThread: Thread started: POST arrivals 1-202
2026-10-07 20:37:30,794 INFO o.a.j.t.JMeterThread: Thread started: POST arrivals 1-203
2026-10-07 20:37:31,415 INFO o.a.j.t.JMeterThread: Thread started: POST arrivals 1-204
2026-10-07 20:37:35,037 INFO o.a.j.t.JMeterThread: Thread started: POST arrivals 1-205
2026-10-07 20:37:36,231 INFO o.a.j.t.JMeterThread: Thread is done: POST arrivals 1-75
2026-10-07 20:37:36,232 INFO o.a.j.t.JMeterThread: Thread finished: POST arrivals 1-75
2026-10-07 20:37:39,385 INFO o.a.j.t.JMeterThread: Thread started: POST arrivals 1-206
2026-10-07 20:37:40,004 INFO o.a.j.t.JMeterThread: Thread started: Search arrivals 2-48
2026-10-07 20:37:40,084 INFO o.a.j.t.JMeterThread: Thread started: POST arrivals 1-207
2026-10-07 20:37:40,311 INFO o.a.j.t.JMeterThread: Thread is done: POST arrivals 1-76
2026-10-07 20:37:40,312 INFO o.a.j.t.JMeterThread: Thread finished: POST arrivals 1-76
2026-10-07 20:37:40,331 INFO o.a.j.t.JMeterThread: Thread is done: Search arrivals 2-14
2026-10-07 20:37:40,331 INFO o.a.j.t.JMeterThread: Thread finished: Search arrivals 2-14
2026-10-07 20:37:40,348 INFO o.a.j.t.JMeterThread: Thread is done: Stats arrivals 3-5
2026-10-07 20:37:40,348 INFO o.a.j.t.JMeterThread: Thread finished: Stats arrivals 3-5
2026-10-07 20:37:40,984 INFO o.a.j.t.JMeterThread: Thread started: POST arrivals 1-208
2026-10-07 20:37:42,189 INFO o.a.j.t.JMeterThread: Thread started: POST arrivals 1-209
2026-10-07 20:37:42,473 INFO o.a.j.t.JMeterThread: Thread started: POST arrivals 1-210
2026-10-07 20:37:42,996 INFO o.a.j.t.JMeterThread: Thread started: Search arrivals 2-49
2026-10-07 20:37:45,702 INFO o.a.j.t.JMeterThread: Thread started: POST arrivals 1-211
2026-10-07 20:37:47,035 INFO o.a.j.t.JMeterThread: Thread started: Search arrivals 2-50
2026-10-07 20:37:47,296 INFO o.a.j.t.JMeterThread: Thread started: POST arrivals 1-212
2026-10-07 20:37:47,330 INFO o.a.j.t.JMeterThread: Thread is done: POST arrivals 1-77
2026-10-07 20:37:47,330 INFO o.a.j.t.JMeterThread: Thread finished: POST arrivals 1-77
2026-10-07 20:37:48,124 INFO o.a.j.t.JMeterThread: Thread started: POST arrivals 1-213
2026-10-07 20:37:52,285 INFO o.a.j.t.JMeterThread: Thread is done: POST arrivals 1-78
2026-10-07 20:37:52,285 INFO o.a.j.t.JMeterThread: Thread finished: POST arrivals 1-78
2026-10-07 20:37:52,304 INFO o.a.j.t.JMeterThread: Thread is done: Search arrivals 2-15
2026-10-07 20:37:52,304 INFO o.a.j.t.JMeterThread: Thread finished: Search arrivals 2-15
2026-10-07 20:37:54,494 INFO o.a.j.t.JMeterThread: Thread is done: POST arrivals 1-79
2026-10-07 20:37:54,494 INFO o.a.j.t.JMeterThread: Thread finished: POST arrivals 1-79
2026-10-07 20:37:56,788 INFO o.a.j.t.JMeterThread: Thread started: POST arrivals 1-214
2026-10-07 20:37:57,073 INFO o.a.j.t.JMeterThread: Thread started: Stats arrivals 3-13
2026-10-07 20:37:58,200 INFO o.a.j.t.JMeterThread: Thread is done: POST arrivals 1-80
2026-10-07 20:37:58,200 INFO o.a.j.t.JMeterThread: Thread finished: POST arrivals 1-80
2026-10-07 20:37:58,296 INFO o.a.j.t.JMeterThread: Thread started: POST arrivals 1-215
2026-10-07 20:37:59,419 INFO o.a.j.t.JMeterThread: Thread started: POST arrivals 1-216
2026-10-07 20:37:59,760 INFO o.a.j.t.JMeterThread: Thread started: Search arrivals 2-51
2026-10-07 20:38:00,579 INFO o.a.j.r.Summariser: summary +     19 in 00:00:57 =    0.3/s Avg: 241502 Min: 228160 Max: 256504 Err:     0 (0.00%) Active: 180 Started: 280 Finished: 100
2026-10-07 20:38:00,580 INFO o.a.j.r.Summariser: summary =    101 in 00:06:32 =    0.3/s Avg: 151231 Min:  3739 Max: 256504 Err:     0 (0.00%)
2026-10-07 20:38:00,581 INFO o.a.j.t.JMeterThread: Thread is done: POST arrivals 1-81
2026-10-07 20:38:00,581 INFO o.a.j.t.JMeterThread: Thread finished: POST arrivals 1-81
2026-10-07 20:38:00,978 INFO o.a.j.t.JMeterThread: Thread started: POST arrivals 1-217
2026-10-07 20:38:05,732 INFO o.a.j.t.JMeterThread: Thread started: POST arrivals 1-218
2026-10-07 20:38:05,909 INFO o.a.j.t.JMeterThread: Thread is done: POST arrivals 1-82
2026-10-07 20:38:05,909 INFO o.a.j.t.JMeterThread: Thread finished: POST arrivals 1-82
2026-10-07 20:38:06,936 INFO o.a.j.t.JMeterThread: Thread started: POST arrivals 1-219
2026-10-07 20:38:09,328 INFO o.a.j.t.JMeterThread: Thread started: POST arrivals 1-220
2026-10-07 20:38:09,417 INFO o.a.j.t.JMeterThread: Thread started: POST arrivals 1-221
2026-10-07 20:38:10,267 INFO o.a.j.t.JMeterThread: Thread started: POST arrivals 1-222
2026-10-07 20:38:12,209 INFO o.a.j.t.JMeterThread: Thread started: POST arrivals 1-223
2026-10-07 20:38:14,584 INFO o.a.j.t.JMeterThread: Thread is done: POST arrivals 1-83
2026-10-07 20:38:14,585 INFO o.a.j.t.JMeterThread: Thread finished: POST arrivals 1-83
2026-10-07 20:38:14,598 INFO o.a.j.t.JMeterThread: Thread started: POST arrivals 1-224
2026-10-07 20:38:16,742 INFO o.a.j.t.JMeterThread: Thread started: POST arrivals 1-225
2026-10-07 20:38:18,671 INFO o.a.j.t.JMeterThread: Thread started: POST arrivals 1-226
2026-10-07 20:38:18,727 INFO o.a.j.t.JMeterThread: Thread started: POST arrivals 1-227
2026-10-07 20:38:21,434 INFO o.a.j.t.JMeterThread: Thread started: POST arrivals 1-228
2026-10-07 20:38:23,029 INFO o.a.j.t.JMeterThread: Thread started: POST arrivals 1-229
2026-10-07 20:38:24,064 INFO o.a.j.t.JMeterThread: Thread is done: POST arrivals 1-84
2026-10-07 20:38:24,064 INFO o.a.j.t.JMeterThread: Thread finished: POST arrivals 1-84
2026-10-07 20:38:25,402 INFO o.a.j.t.JMeterThread: Thread started: POST arrivals 1-230
2026-10-07 20:38:26,842 INFO o.a.j.t.JMeterThread: Thread started: POST arrivals 1-231
2026-10-07 20:38:26,956 INFO o.a.j.t.JMeterThread: Thread started: POST arrivals 1-232
2026-10-07 20:38:27,350 INFO o.a.j.t.JMeterThread: Thread is done: POST arrivals 1-85
2026-10-07 20:38:27,350 INFO o.a.j.t.JMeterThread: Thread finished: POST arrivals 1-85
2026-10-07 20:38:27,597 INFO o.a.j.t.JMeterThread: Thread started: POST arrivals 1-233
2026-10-07 20:38:28,464 INFO o.a.j.t.JMeterThread: Thread started: POST arrivals 1-234
2026-10-07 20:38:29,894 INFO o.a.j.t.JMeterThread: Thread is done: POST arrivals 1-86
2026-10-07 20:38:29,894 INFO o.a.j.t.JMeterThread: Thread finished: POST arrivals 1-86
2026-10-07 20:38:29,913 INFO o.a.j.t.JMeterThread: Thread is done: Search arrivals 2-16
2026-10-07 20:38:29,913 INFO o.a.j.t.JMeterThread: Thread finished: Search arrivals 2-16
2026-10-07 20:38:33,167 INFO o.a.j.t.JMeterThread: Thread started: POST arrivals 1-235
2026-10-07 20:38:33,661 INFO o.a.j.t.JMeterThread: Thread started: POST arrivals 1-236
2026-10-07 20:38:33,746 INFO o.a.j.t.JMeterThread: Thread started: POST arrivals 1-237
2026-10-07 20:38:33,998 INFO o.a.j.r.Summariser: summary +      7 in 00:00:33 =    0.2/s Avg: 275710 Min: 261589 Max: 283242 Err:     0 (0.00%) Active: 194 Started: 301 Finished: 107
2026-10-07 20:38:34,001 INFO o.a.j.r.Summariser: summary =    108 in 00:07:05 =    0.3/s Avg: 159299 Min:  3739 Max: 283242 Err:     0 (0.00%)
2026-10-07 20:38:34,001 INFO o.a.j.t.JMeterThread: Thread is done: POST arrivals 1-87
2026-10-07 20:38:34,001 INFO o.a.j.t.JMeterThread: Thread finished: POST arrivals 1-87
2026-10-07 20:38:34,022 INFO o.a.j.t.JMeterThread: Thread is done: Search arrivals 2-17
2026-10-07 20:38:34,022 INFO o.a.j.t.JMeterThread: Thread finished: Search arrivals 2-17
2026-10-07 20:38:34,559 INFO o.a.j.t.JMeterThread: Thread started: POST arrivals 1-238
2026-10-07 20:38:36,316 INFO o.a.j.t.JMeterThread: Thread is done: POST arrivals 1-160
2026-10-07 20:38:36,316 INFO o.a.j.t.JMeterThread: Thread finished: POST arrivals 1-160
2026-10-07 20:38:36,317 INFO o.a.j.t.JMeterThread: Thread is done: POST arrivals 1-159
2026-10-07 20:38:36,317 INFO o.a.j.t.JMeterThread: Thread finished: POST arrivals 1-159
2026-10-07 20:38:38,357 INFO o.a.j.t.JMeterThread: Thread is done: Search arrivals 2-35
2026-10-07 20:38:38,357 INFO o.a.j.t.JMeterThread: Thread finished: Search arrivals 2-35
2026-10-07 20:38:38,357 INFO o.a.j.t.JMeterThread: Thread is done: POST arrivals 1-161
2026-10-07 20:38:38,357 INFO o.a.j.t.JMeterThread: Thread finished: POST arrivals 1-161
2026-10-07 20:38:38,357 INFO o.a.j.t.JMeterThread: Thread is done: POST arrivals 1-162
2026-10-07 20:38:38,357 INFO o.a.j.t.JMeterThread: Thread finished: POST arrivals 1-162
2026-10-07 20:38:38,358 INFO o.a.j.t.JMeterThread: Thread is done: POST arrivals 1-163
2026-10-07 20:38:38,358 INFO o.a.j.t.JMeterThread: Thread finished: POST arrivals 1-163
2026-10-07 20:38:38,735 INFO o.a.j.t.JMeterThread: Thread started: POST arrivals 1-239
2026-10-07 20:38:39,365 INFO o.a.j.t.JMeterThread: Thread is done: POST arrivals 1-88
2026-10-07 20:38:39,366 INFO o.a.j.t.JMeterThread: Thread finished: POST arrivals 1-88
2026-10-07 20:38:39,446 INFO o.a.j.t.JMeterThread: Thread started: POST arrivals 1-240
2026-10-07 20:38:40,246 INFO o.a.j.t.JMeterThread: Thread started: POST arrivals 1-241
2026-10-07 20:38:40,403 INFO o.a.j.t.JMeterThread: Thread is done: POST arrivals 1-164
2026-10-07 20:38:40,403 INFO o.a.j.t.JMeterThread: Thread finished: POST arrivals 1-164
2026-10-07 20:38:40,406 INFO o.a.j.t.JMeterThread: Thread is done: Stats arrivals 3-11
2026-10-07 20:38:40,406 INFO o.a.j.t.JMeterThread: Thread finished: Stats arrivals 3-11
2026-10-07 20:38:41,472 INFO o.a.j.t.JMeterThread: Thread started: POST arrivals 1-242
2026-10-07 20:38:41,698 INFO o.a.j.t.JMeterThread: Thread started: Search arrivals 2-52
2026-10-07 20:38:42,450 INFO o.a.j.t.JMeterThread: Thread started: POST arrivals 1-243
2026-10-07 20:38:42,450 INFO o.a.j.t.JMeterThread: Thread is done: POST arrivals 1-166
2026-10-07 20:38:42,451 INFO o.a.j.t.JMeterThread: Thread finished: POST arrivals 1-166
2026-10-07 20:38:42,451 INFO o.a.j.t.JMeterThread: Thread is done: POST arrivals 1-167
2026-10-07 20:38:42,451 INFO o.a.j.t.JMeterThread: Thread finished: POST arrivals 1-167
2026-10-07 20:38:42,451 INFO o.a.j.t.JMeterThread: Thread is done: POST arrivals 1-168
2026-10-07 20:38:42,451 INFO o.a.j.t.JMeterThread: Thread finished: POST arrivals 1-168
2026-10-07 20:38:42,505 INFO o.a.j.t.JMeterThread: Thread started: Search arrivals 2-53
2026-10-07 20:38:43,009 INFO o.a.j.t.JMeterThread: Thread started: POST arrivals 1-244
2026-10-07 20:38:43,312 INFO o.a.j.t.JMeterThread: Thread started: POST arrivals 1-245
2026-10-07 20:38:44,500 INFO o.a.j.t.JMeterThread: Thread is done: POST arrivals 1-170
2026-10-07 20:38:44,500 INFO o.a.j.t.JMeterThread: Thread finished: POST arrivals 1-170
2026-10-07 20:38:44,500 INFO o.a.j.t.JMeterThread: Thread is done: POST arrivals 1-169
2026-10-07 20:38:44,501 INFO o.a.j.t.JMeterThread: Thread finished: POST arrivals 1-169
2026-10-07 20:38:45,056 INFO o.a.j.t.JMeterThread: Thread started: POST arrivals 1-246
2026-10-07 20:38:45,619 INFO o.a.j.t.JMeterThread: Thread started: POST arrivals 1-247
2026-10-07 20:38:46,169 INFO o.a.j.t.JMeterThread: Thread started: Search arrivals 2-54
2026-10-07 20:38:46,434 INFO o.a.j.t.JMeterThread: Thread is done: POST arrivals 1-89
2026-10-07 20:38:46,434 INFO o.a.j.t.JMeterThread: Thread finished: POST arrivals 1-89
2026-10-07 20:38:46,549 INFO o.a.j.t.JMeterThread: Thread is done: POST arrivals 1-171
2026-10-07 20:38:46,549 INFO o.a.j.t.JMeterThread: Thread finished: POST arrivals 1-171
2026-10-07 20:38:47,750 INFO o.a.j.t.JMeterThread: Thread started: Search arrivals 2-55
2026-10-07 20:38:48,595 INFO o.a.j.t.JMeterThread: Thread is done: Search arrivals 2-37
2026-10-07 20:38:48,595 INFO o.a.j.t.JMeterThread: Thread finished: Search arrivals 2-37
2026-10-07 20:38:48,596 INFO o.a.j.t.JMeterThread: Thread is done: Search arrivals 2-38
2026-10-07 20:38:48,597 INFO o.a.j.t.JMeterThread: Thread finished: Search arrivals 2-38
2026-10-07 20:38:50,096 INFO o.a.j.t.JMeterThread: Thread is done: POST arrivals 1-90
2026-10-07 20:38:50,096 INFO o.a.j.t.JMeterThread: Thread finished: POST arrivals 1-90
2026-10-07 20:38:50,112 INFO o.a.j.t.JMeterThread: Thread is done: Stats arrivals 3-6
2026-10-07 20:38:50,112 INFO o.a.j.t.JMeterThread: Thread finished: Stats arrivals 3-6
2026-10-07 20:38:50,135 INFO o.a.j.t.JMeterThread: Thread is done: Search arrivals 2-18
2026-10-07 20:38:50,135 INFO o.a.j.t.JMeterThread: Thread finished: Search arrivals 2-18
2026-10-07 20:38:52,570 INFO o.a.j.t.JMeterThread: Thread is done: POST arrivals 1-91
2026-10-07 20:38:52,570 INFO o.a.j.t.JMeterThread: Thread finished: POST arrivals 1-91
2026-10-07 20:38:53,106 INFO o.a.j.t.JMeterThread: Thread started: Stats arrivals 3-14
2026-10-07 20:38:53,157 INFO o.a.j.t.JMeterThread: Thread started: Search arrivals 2-56
2026-10-07 20:38:53,646 INFO o.a.j.t.JMeterThread: Thread started: POST arrivals 1-248
2026-10-07 20:38:53,918 INFO o.a.j.t.JMeterThread: Thread started: POST arrivals 1-249
2026-10-07 20:38:54,376 INFO o.a.j.t.JMeterThread: Thread started: POST arrivals 1-250
2026-10-07 20:38:54,737 INFO o.a.j.t.JMeterThread: Thread is done: Search arrivals 2-39
2026-10-07 20:38:54,737 INFO o.a.j.t.JMeterThread: Thread finished: Search arrivals 2-39
2026-10-07 20:38:56,727 INFO o.a.j.t.JMeterThread: Thread is done: POST arrivals 1-92
2026-10-07 20:38:56,727 INFO o.a.j.t.JMeterThread: Thread finished: POST arrivals 1-92
2026-10-07 20:38:57,774 INFO o.a.j.t.JMeterThread: Thread started: Search arrivals 2-57
2026-10-07 20:39:00,888 INFO o.a.j.r.Summariser: summary +     26 in 00:00:27 =    1.0/s Avg: 182227 Min: 133643 Max: 294764 Err:    18 (69.23%) Active: 188 Started: 321 Finished: 133
2026-10-07 20:39:00,888 INFO o.a.j.r.Summariser: summary =    134 in 00:07:32 =    0.3/s Avg: 163747 Min:  3739 Max: 294764 Err:    18 (13.43%)
2026-10-07 20:39:00,889 INFO o.a.j.t.JMeterThread: Thread is done: POST arrivals 1-175
2026-10-07 20:39:00,889 INFO o.a.j.t.JMeterThread: Thread finished: POST arrivals 1-175
2026-10-07 20:39:01,198 INFO o.a.j.t.JMeterThread: Thread started: POST arrivals 1-251
2026-10-07 20:39:01,209 INFO o.a.j.t.JMeterThread: Thread started: POST arrivals 1-252
2026-10-07 20:39:02,371 INFO o.a.j.t.JMeterThread: Thread started: POST arrivals 1-253
2026-10-07 20:39:03,422 INFO o.a.j.t.JMeterThread: Thread is done: POST arrivals 1-93
2026-10-07 20:39:03,422 INFO o.a.j.t.JMeterThread: Thread finished: POST arrivals 1-93
2026-10-07 20:39:07,178 INFO o.a.j.t.JMeterThread: Thread is done: POST arrivals 1-94
2026-10-07 20:39:07,178 INFO o.a.j.t.JMeterThread: Thread finished: POST arrivals 1-94
2026-10-07 20:39:08,362 INFO o.a.j.t.JMeterThread: Thread started: POST arrivals 1-254
2026-10-07 20:39:08,535 INFO o.a.j.t.JMeterThread: Thread started: POST arrivals 1-255
2026-10-07 20:39:12,234 INFO o.a.j.t.JMeterThread: Thread is done: POST arrivals 1-95
2026-10-07 20:39:12,234 INFO o.a.j.t.JMeterThread: Thread finished: POST arrivals 1-95
2026-10-07 20:39:12,321 INFO o.a.j.t.JMeterThread: Thread is done: Search arrivals 2-19
2026-10-07 20:39:12,321 INFO o.a.j.t.JMeterThread: Thread finished: Search arrivals 2-19
2026-10-07 20:39:12,432 INFO o.a.j.t.JMeterThread: Thread started: POST arrivals 1-256
2026-10-07 20:39:13,173 INFO o.a.j.t.JMeterThread: Thread is done: Search arrivals 2-42
2026-10-07 20:39:13,173 INFO o.a.j.t.JMeterThread: Thread finished: Search arrivals 2-42
2026-10-07 20:39:13,900 INFO o.a.j.t.JMeterThread: Thread started: POST arrivals 1-257
2026-10-07 20:39:14,395 INFO o.a.j.t.JMeterThread: Thread is done: POST arrivals 1-96
2026-10-07 20:39:14,395 INFO o.a.j.t.JMeterThread: Thread finished: POST arrivals 1-96
2026-10-07 20:39:15,181 INFO o.a.j.t.JMeterThread: Thread started: POST arrivals 1-258
2026-10-07 20:39:15,217 INFO o.a.j.t.JMeterThread: Thread is done: Search arrivals 2-43
2026-10-07 20:39:15,217 INFO o.a.j.t.JMeterThread: Thread finished: Search arrivals 2-43
2026-10-07 20:39:15,217 INFO o.a.j.t.JMeterThread: Thread is done: POST arrivals 1-181
2026-10-07 20:39:15,217 INFO o.a.j.t.JMeterThread: Thread finished: POST arrivals 1-181
2026-10-07 20:39:15,258 INFO o.a.j.t.JMeterThread: Thread started: POST arrivals 1-259
2026-10-07 20:39:15,768 INFO o.a.j.t.JMeterThread: Thread started: POST arrivals 1-260
2026-10-07 20:39:15,899 INFO o.a.j.t.JMeterThread: Thread started: Stats arrivals 3-15
2026-10-07 20:39:15,949 INFO o.a.j.t.JMeterThread: Thread is done: POST arrivals 1-97
2026-10-07 20:39:15,949 INFO o.a.j.t.JMeterThread: Thread finished: POST arrivals 1-97
2026-10-07 20:39:15,962 INFO o.a.j.t.JMeterThread: Thread started: Search arrivals 2-58
2026-10-07 20:39:16,913 INFO o.a.j.t.JMeterThread: Thread started: POST arrivals 1-261
2026-10-07 20:39:17,035 INFO o.a.j.t.JMeterThread: Thread is done: POST arrivals 1-98
2026-10-07 20:39:17,035 INFO o.a.j.t.JMeterThread: Thread finished: POST arrivals 1-98
2026-10-07 20:39:17,327 INFO o.a.j.t.JMeterThread: Thread is done: POST arrivals 1-99
2026-10-07 20:39:17,327 INFO o.a.j.t.JMeterThread: Thread finished: POST arrivals 1-99
2026-10-07 20:39:17,438 INFO o.a.j.t.JMeterThread: Thread started: POST arrivals 1-262
2026-10-07 20:39:18,032 INFO o.a.j.t.JMeterThread: Thread started: POST arrivals 1-263
2026-10-07 20:39:18,455 INFO o.a.j.t.JMeterThread: Thread is done: Search arrivals 2-20
2026-10-07 20:39:18,455 INFO o.a.j.t.JMeterThread: Thread finished: Search arrivals 2-20
2026-10-07 20:39:19,250 INFO o.a.j.t.JMeterThread: Thread started: Search arrivals 2-59
2026-10-07 20:39:19,314 INFO o.a.j.t.JMeterThread: Thread is done: POST arrivals 1-183
2026-10-07 20:39:19,315 INFO o.a.j.t.JMeterThread: Thread finished: POST arrivals 1-183
2026-10-07 20:39:20,293 INFO o.a.j.t.JMeterThread: Thread started: Search arrivals 2-60
2026-10-07 20:39:20,796 INFO o.a.j.t.JMeterThread: Thread is done: Search arrivals 2-21
2026-10-07 20:39:20,798 INFO o.a.j.t.JMeterThread: Thread finished: Search arrivals 2-21
2026-10-07 20:39:20,930 INFO o.a.j.t.JMeterThread: Thread is done: POST arrivals 1-100
2026-10-07 20:39:20,930 INFO o.a.j.t.JMeterThread: Thread finished: POST arrivals 1-100
2026-10-07 20:39:21,362 INFO o.a.j.t.JMeterThread: Thread is done: Search arrivals 2-44
2026-10-07 20:39:21,362 INFO o.a.j.t.JMeterThread: Thread finished: Search arrivals 2-44
2026-10-07 20:39:21,364 INFO o.a.j.t.JMeterThread: Thread is done: POST arrivals 1-186
2026-10-07 20:39:21,364 INFO o.a.j.t.JMeterThread: Thread finished: POST arrivals 1-186
2026-10-07 20:39:21,364 INFO o.a.j.t.JMeterThread: Thread is done: POST arrivals 1-184
2026-10-07 20:39:21,364 INFO o.a.j.t.JMeterThread: Thread finished: POST arrivals 1-184
2026-10-07 20:39:22,486 INFO o.a.j.t.JMeterThread: Thread started: POST arrivals 1-264
2026-10-07 20:39:23,262 INFO o.a.j.t.JMeterThread: Thread is done: POST arrivals 1-101
2026-10-07 20:39:23,262 INFO o.a.j.t.JMeterThread: Thread finished: POST arrivals 1-101
2026-10-07 20:39:23,408 INFO o.a.j.t.JMeterThread: Thread is done: POST arrivals 1-188
2026-10-07 20:39:23,408 INFO o.a.j.t.JMeterThread: Thread finished: POST arrivals 1-188
2026-10-07 20:39:23,408 INFO o.a.j.t.JMeterThread: Thread is done: POST arrivals 1-189
2026-10-07 20:39:23,409 INFO o.a.j.t.JMeterThread: Thread finished: POST arrivals 1-189
2026-10-07 20:39:23,560 INFO o.a.j.t.JMeterThread: Thread is done: POST arrivals 1-102
2026-10-07 20:39:23,560 INFO o.a.j.t.JMeterThread: Thread finished: POST arrivals 1-102
2026-10-07 20:39:23,585 INFO o.a.j.t.JMeterThread: Thread started: POST arrivals 1-265
2026-10-07 20:39:24,876 INFO o.a.j.t.JMeterThread: Thread is done: POST arrivals 1-103
2026-10-07 20:39:24,876 INFO o.a.j.t.JMeterThread: Thread finished: POST arrivals 1-103
2026-10-07 20:39:24,918 INFO o.a.j.t.JMeterThread: Thread is done: POST arrivals 1-104
2026-10-07 20:39:24,918 INFO o.a.j.t.JMeterThread: Thread finished: POST arrivals 1-104
2026-10-07 20:39:25,646 INFO o.a.j.t.JMeterThread: Thread started: POST arrivals 1-266
2026-10-07 20:39:26,109 INFO o.a.j.t.JMeterThread: Thread started: POST arrivals 1-267
2026-10-07 20:39:27,278 INFO o.a.j.t.JMeterThread: Thread started: POST arrivals 1-268
2026-10-07 20:39:27,505 INFO o.a.j.t.JMeterThread: Thread is done: Stats arrivals 3-12
2026-10-07 20:39:27,506 INFO o.a.j.t.JMeterThread: Thread finished: Stats arrivals 3-12
2026-10-07 20:39:27,508 INFO o.a.j.t.JMeterThread: Thread is done: POST arrivals 1-191
2026-10-07 20:39:27,508 INFO o.a.j.t.JMeterThread: Thread finished: POST arrivals 1-191
2026-10-07 20:39:27,508 INFO o.a.j.t.JMeterThread: Thread is done: Search arrivals 2-45
2026-10-07 20:39:27,508 INFO o.a.j.t.JMeterThread: Thread finished: Search arrivals 2-45
2026-10-07 20:39:27,605 INFO o.a.j.t.JMeterThread: Thread is done: POST arrivals 1-105
2026-10-07 20:39:27,606 INFO o.a.j.t.JMeterThread: Thread finished: POST arrivals 1-105
2026-10-07 20:39:27,644 INFO o.a.j.t.JMeterThread: Thread started: POST arrivals 1-269
2026-10-07 20:39:27,869 INFO o.a.j.t.JMeterThread: Thread is done: POST arrivals 1-106
2026-10-07 20:39:27,869 INFO o.a.j.t.JMeterThread: Thread finished: POST arrivals 1-106
2026-10-07 20:39:29,311 INFO o.a.j.t.JMeterThread: Thread is done: POST arrivals 1-107
2026-10-07 20:39:29,312 INFO o.a.j.t.JMeterThread: Thread finished: POST arrivals 1-107
2026-10-07 20:39:29,553 INFO o.a.j.t.JMeterThread: Thread is done: POST arrivals 1-193
2026-10-07 20:39:29,553 INFO o.a.j.t.JMeterThread: Thread finished: POST arrivals 1-193
2026-10-07 20:39:30,345 INFO o.a.j.t.JMeterThread: Thread started: POST arrivals 1-270
2026-10-07 20:39:30,813 INFO o.a.j.t.JMeterThread: Thread started: POST arrivals 1-271
2026-10-07 20:39:30,870 INFO o.a.j.t.JMeterThread: Thread started: POST arrivals 1-272
2026-10-07 20:39:31,026 INFO o.a.j.r.Summariser: summary +     32 in 00:00:30 =    1.1/s Avg: 232311 Min: 133909 Max: 300016 Err:    28 (87.50%) Active: 182 Started: 347 Finished: 165
2026-10-07 20:39:31,027 INFO o.a.j.r.Summariser: summary =    166 in 00:08:02 =    0.3/s Avg: 176965 Min:  3739 Max: 300016 Err:    46 (27.71%)
2026-10-07 20:39:31,028 INFO o.a.j.t.JMeterThread: Thread is done: Search arrivals 2-22
2026-10-07 20:39:31,028 INFO o.a.j.t.JMeterThread: Thread finished: Search arrivals 2-22
2026-10-07 20:39:31,560 INFO o.a.j.t.JMeterThread: Thread started: Search arrivals 2-61
2026-10-07 20:39:31,742 INFO o.a.j.t.JMeterThread: Thread started: POST arrivals 1-273
2026-10-07 20:39:32,508 INFO o.a.j.t.JMeterThread: Thread is done: POST arrivals 1-108
2026-10-07 20:39:32,509 INFO o.a.j.t.JMeterThread: Thread finished: POST arrivals 1-108
2026-10-07 20:39:32,886 INFO o.a.j.t.JMeterThread: Thread started: Search arrivals 2-62
2026-10-07 20:39:32,953 INFO o.a.j.t.JMeterThread: Thread is done: POST arrivals 1-109
2026-10-07 20:39:32,953 INFO o.a.j.t.JMeterThread: Thread finished: POST arrivals 1-109
2026-10-07 20:39:32,998 INFO o.a.j.t.JMeterThread: Thread started: POST arrivals 1-274
2026-10-07 20:39:33,386 INFO o.a.j.t.JMeterThread: Thread started: POST arrivals 1-275
2026-10-07 20:39:33,650 INFO o.a.j.t.JMeterThread: Thread is done: POST arrivals 1-194
2026-10-07 20:39:33,651 INFO o.a.j.t.JMeterThread: Thread finished: POST arrivals 1-194
2026-10-07 20:39:33,652 INFO o.a.j.t.JMeterThread: Thread is done: POST arrivals 1-196
2026-10-07 20:39:33,652 INFO o.a.j.t.JMeterThread: Thread finished: POST arrivals 1-196
2026-10-07 20:39:33,653 INFO o.a.j.t.JMeterThread: Thread is done: POST arrivals 1-195
2026-10-07 20:39:33,653 INFO o.a.j.t.JMeterThread: Thread finished: POST arrivals 1-195
2026-10-07 20:39:33,991 INFO o.a.j.t.JMeterThread: Thread is done: POST arrivals 1-110
2026-10-07 20:39:33,991 INFO o.a.j.t.JMeterThread: Thread finished: POST arrivals 1-110
2026-10-07 20:39:35,494 INFO o.a.j.t.JMeterThread: Thread is done: Stats arrivals 3-7
2026-10-07 20:39:35,494 INFO o.a.j.t.JMeterThread: Thread finished: Stats arrivals 3-7
2026-10-07 20:39:35,702 INFO o.a.j.t.JMeterThread: Thread is done: POST arrivals 1-198
2026-10-07 20:39:35,702 INFO o.a.j.t.JMeterThread: Thread finished: POST arrivals 1-198
2026-10-07 20:39:35,800 INFO o.a.j.t.JMeterThread: Thread is done: Search arrivals 2-23
2026-10-07 20:39:35,801 INFO o.a.j.t.JMeterThread: Thread finished: Search arrivals 2-23
2026-10-07 20:39:36,001 INFO o.a.j.t.JMeterThread: Thread started: POST arrivals 1-276
2026-10-07 20:39:36,278 INFO o.a.j.t.JMeterThread: Thread started: POST arrivals 1-277
2026-10-07 20:39:38,102 INFO o.a.j.t.JMeterThread: Thread started: POST arrivals 1-278
2026-10-07 20:39:40,079 INFO o.a.j.t.JMeterThread: Thread started: POST arrivals 1-279
2026-10-07 20:39:40,785 INFO o.a.j.t.JMeterThread: Thread started: Search arrivals 2-63
2026-10-07 20:39:41,479 INFO o.a.j.t.JMeterThread: Thread started: POST arrivals 1-280
2026-10-07 20:39:41,844 INFO o.a.j.t.JMeterThread: Thread is done: POST arrivals 1-200
2026-10-07 20:39:41,844 INFO o.a.j.t.JMeterThread: Thread finished: POST arrivals 1-200
2026-10-07 20:39:41,845 INFO o.a.j.t.JMeterThread: Thread is done: POST arrivals 1-199
2026-10-07 20:39:41,845 INFO o.a.j.t.JMeterThread: Thread finished: POST arrivals 1-199
2026-10-07 20:39:42,026 INFO o.a.j.t.JMeterThread: Thread started: POST arrivals 1-281
2026-10-07 20:39:43,734 INFO o.a.j.t.JMeterThread: Thread started: POST arrivals 1-282
2026-10-07 20:39:43,889 INFO o.a.j.t.JMeterThread: Thread is done: POST arrivals 1-201
2026-10-07 20:39:43,889 INFO o.a.j.t.JMeterThread: Thread finished: POST arrivals 1-201
2026-10-07 20:39:44,392 INFO o.a.j.t.JMeterThread: Thread started: POST arrivals 1-283
2026-10-07 20:39:44,445 INFO o.a.j.t.JMeterThread: Thread started: POST arrivals 1-284
2026-10-07 20:39:44,680 INFO o.a.j.t.JMeterThread: Thread started: Search arrivals 2-64
2026-10-07 20:39:45,020 INFO o.a.j.t.JMeterThread: Thread started: POST arrivals 1-285
2026-10-07 20:39:45,936 INFO o.a.j.t.JMeterThread: Thread is done: POST arrivals 1-202
2026-10-07 20:39:45,936 INFO o.a.j.t.JMeterThread: Thread finished: POST arrivals 1-202
2026-10-07 20:39:45,936 INFO o.a.j.t.JMeterThread: Thread is done: POST arrivals 1-203
2026-10-07 20:39:45,936 INFO o.a.j.t.JMeterThread: Thread finished: POST arrivals 1-203
2026-10-07 20:39:46,090 INFO o.a.j.t.JMeterThread: Thread started: POST arrivals 1-286
2026-10-07 20:39:46,302 INFO o.a.j.t.JMeterThread: Thread started: POST arrivals 1-287
2026-10-07 20:39:46,481 INFO o.a.j.t.JMeterThread: Thread is done: Stats arrivals 3-8
2026-10-07 20:39:46,481 INFO o.a.j.t.JMeterThread: Thread finished: Stats arrivals 3-8
2026-10-07 20:39:48,092 INFO o.a.j.t.JMeterThread: Thread is done: Search arrivals 2-24
2026-10-07 20:39:48,093 INFO o.a.j.t.JMeterThread: Thread finished: Search arrivals 2-24
2026-10-07 20:39:48,133 INFO o.a.j.t.JMeterThread: Thread is done: POST arrivals 1-111
2026-10-07 20:39:48,133 INFO o.a.j.t.JMeterThread: Thread finished: POST arrivals 1-111
2026-10-07 20:39:48,912 INFO o.a.j.t.JMeterThread: Thread is done: POST arrivals 1-112
2026-10-07 20:39:48,912 INFO o.a.j.t.JMeterThread: Thread finished: POST arrivals 1-112
2026-10-07 20:39:49,105 INFO o.a.j.t.JMeterThread: Thread started: Stats arrivals 3-16
2026-10-07 20:39:49,498 INFO o.a.j.t.JMeterThread: Thread is done: POST arrivals 1-113
2026-10-07 20:39:49,498 INFO o.a.j.t.JMeterThread: Thread finished: POST arrivals 1-113
2026-10-07 20:39:49,708 INFO o.a.j.t.JMeterThread: Thread started: POST arrivals 1-288
2026-10-07 20:39:54,128 INFO o.a.j.t.JMeterThread: Thread is done: Search arrivals 2-48
2026-10-07 20:39:54,128 INFO o.a.j.t.JMeterThread: Thread finished: Search arrivals 2-48
2026-10-07 20:39:54,130 INFO o.a.j.t.JMeterThread: Thread is done: POST arrivals 1-207
2026-10-07 20:39:54,130 INFO o.a.j.t.JMeterThread: Thread finished: POST arrivals 1-207
2026-10-07 20:39:56,082 INFO o.a.j.t.JMeterThread: Thread is done: POST arrivals 1-114
2026-10-07 20:39:56,083 INFO o.a.j.t.JMeterThread: Thread finished: POST arrivals 1-114
2026-10-07 20:39:56,181 INFO o.a.j.t.JMeterThread: Thread is done: POST arrivals 1-209
2026-10-07 20:39:56,182 INFO o.a.j.t.JMeterThread: Thread finished: POST arrivals 1-209
2026-10-07 20:39:56,697 INFO o.a.j.t.JMeterThread: Thread is done: POST arrivals 1-115
2026-10-07 20:39:56,707 INFO o.a.j.t.JMeterThread: Thread finished: POST arrivals 1-115
2026-10-07 20:39:57,418 INFO o.a.j.t.JMeterThread: Thread started: POST arrivals 1-289
2026-10-07 20:39:58,366 INFO o.a.j.t.JMeterThread: Thread is done: POST arrivals 1-116
2026-10-07 20:39:58,366 INFO o.a.j.t.JMeterThread: Thread finished: POST arrivals 1-116
2026-10-07 20:39:58,990 INFO o.a.j.t.JMeterThread: Thread is done: Stats arrivals 3-9
2026-10-07 20:39:58,990 INFO o.a.j.t.JMeterThread: Thread finished: Stats arrivals 3-9
2026-10-07 20:39:59,775 INFO o.a.j.t.JMeterThread: Thread is done: Search arrivals 2-25
2026-10-07 20:39:59,775 INFO o.a.j.t.JMeterThread: Thread finished: Search arrivals 2-25
2026-10-07 20:40:01,361 INFO o.a.j.r.Summariser: summary +     28 in 00:00:30 =    0.9/s Avg: 229131 Min: 133515 Max: 300013 Err:    28 (100.00%) Active: 176 Started: 369 Finished: 193
2026-10-07 20:40:01,363 INFO o.a.j.r.Summariser: summary =    194 in 00:08:33 =    0.4/s Avg: 184494 Min:  3739 Max: 300016 Err:    74 (38.14%)
2026-10-07 20:40:01,363 INFO o.a.j.t.JMeterThread: Thread is done: Search arrivals 2-26
2026-10-07 20:40:01,363 INFO o.a.j.t.JMeterThread: Thread finished: Search arrivals 2-26
2026-10-07 20:40:02,306 INFO o.a.j.t.JMeterThread: Thread started: POST arrivals 1-290
2026-10-07 20:40:03,125 INFO o.a.j.t.JMeterThread: Thread is done: Search arrivals 2-27
2026-10-07 20:40:03,125 INFO o.a.j.t.JMeterThread: Thread finished: Search arrivals 2-27
2026-10-07 20:40:04,447 INFO o.a.j.t.JMeterThread: Thread started: POST arrivals 1-291
2026-10-07 20:40:04,454 INFO o.a.j.t.JMeterThread: Thread started: POST arrivals 1-292
2026-10-07 20:40:04,965 INFO o.a.j.t.JMeterThread: Thread started: POST arrivals 1-293
2026-10-07 20:40:04,967 INFO o.a.j.t.JMeterThread: Thread started: Stats arrivals 3-17
2026-10-07 20:40:07,378 INFO o.a.j.t.JMeterThread: Thread started: POST arrivals 1-294
2026-10-07 20:40:07,632 INFO o.a.j.t.JMeterThread: Thread started: POST arrivals 1-295
2026-10-07 20:40:08,819 INFO o.a.j.t.JMeterThread: Thread started: POST arrivals 1-296
2026-10-07 20:40:08,827 INFO o.a.j.t.JMeterThread: Thread started: POST arrivals 1-297
2026-10-07 20:40:10,386 INFO o.a.j.t.JMeterThread: Thread is done: Search arrivals 2-28
2026-10-07 20:40:10,386 INFO o.a.j.t.JMeterThread: Thread finished: Search arrivals 2-28
2026-10-07 20:40:10,512 INFO o.a.j.t.JMeterThread: Thread is done: Stats arrivals 3-13
2026-10-07 20:40:10,512 INFO o.a.j.t.JMeterThread: Thread finished: Stats arrivals 3-13
2026-10-07 20:40:10,513 INFO o.a.j.t.JMeterThread: Thread is done: POST arrivals 1-214
2026-10-07 20:40:10,513 INFO o.a.j.t.JMeterThread: Thread finished: POST arrivals 1-214
2026-10-07 20:40:10,882 INFO o.a.j.t.JMeterThread: Thread is done: POST arrivals 1-117
2026-10-07 20:40:10,882 INFO o.a.j.t.JMeterThread: Thread finished: POST arrivals 1-117
2026-10-07 20:40:10,931 INFO o.a.j.t.JMeterThread: Thread started: POST arrivals 1-298
2026-10-07 20:40:12,289 INFO o.a.j.t.JMeterThread: Thread is done: POST arrivals 1-118
2026-10-07 20:40:12,289 INFO o.a.j.t.JMeterThread: Thread finished: POST arrivals 1-118
2026-10-07 20:40:12,796 INFO o.a.j.t.JMeterThread: Thread started: POST arrivals 1-299
2026-10-07 20:40:13,306 INFO o.a.j.t.JMeterThread: Thread is done: POST arrivals 1-119
2026-10-07 20:40:13,306 INFO o.a.j.t.JMeterThread: Thread finished: POST arrivals 1-119
2026-10-07 20:40:13,791 INFO o.a.j.t.JMeterThread: Thread started: POST arrivals 1-300
2026-10-07 20:40:14,103 INFO o.a.j.t.JMeterThread: Thread started: POST arrivals 1-301
2026-10-07 20:40:14,608 INFO o.a.j.t.JMeterThread: Thread is done: POST arrivals 1-216
2026-10-07 20:40:14,608 INFO o.a.j.t.JMeterThread: Thread finished: POST arrivals 1-216
2026-10-07 20:40:15,233 INFO o.a.j.t.JMeterThread: Thread started: POST arrivals 1-302
2026-10-07 20:40:15,325 INFO o.a.j.t.JMeterThread: Thread is done: POST arrivals 1-120
2026-10-07 20:40:15,325 INFO o.a.j.t.JMeterThread: Thread finished: POST arrivals 1-120
2026-10-07 20:40:15,741 INFO o.a.j.t.JMeterThread: Thread started: POST arrivals 1-303
2026-10-07 20:40:17,395 INFO o.a.j.t.JMeterThread: Thread started: POST arrivals 1-304
2026-10-07 20:40:18,029 INFO o.a.j.t.JMeterThread: Thread is done: POST arrivals 1-121
2026-10-07 20:40:18,029 INFO o.a.j.t.JMeterThread: Thread finished: POST arrivals 1-121
2026-10-07 20:40:18,998 INFO o.a.j.t.JMeterThread: Thread started: Search arrivals 2-65
2026-10-07 20:40:19,394 INFO o.a.j.t.JMeterThread: Thread started: POST arrivals 1-305
2026-10-07 20:40:19,504 INFO o.a.j.t.JMeterThread: Thread started: POST arrivals 1-306
2026-10-07 20:40:19,937 INFO o.a.j.t.JMeterThread: Thread is done: POST arrivals 1-122
2026-10-07 20:40:19,938 INFO o.a.j.t.JMeterThread: Thread finished: POST arrivals 1-122
2026-10-07 20:40:20,727 INFO o.a.j.t.JMeterThread: Thread started: POST arrivals 1-307
2026-10-07 20:40:20,751 INFO o.a.j.t.JMeterThread: Thread is done: POST arrivals 1-219
2026-10-07 20:40:20,751 INFO o.a.j.t.JMeterThread: Thread finished: POST arrivals 1-219
2026-10-07 20:40:20,755 INFO o.a.j.t.JMeterThread: Thread is done: POST arrivals 1-218
2026-10-07 20:40:20,755 INFO o.a.j.t.JMeterThread: Thread finished: POST arrivals 1-218
2026-10-07 20:40:20,882 INFO o.a.j.t.JMeterThread: Thread started: POST arrivals 1-308
2026-10-07 20:40:22,798 INFO o.a.j.t.JMeterThread: Thread is done: POST arrivals 1-220
2026-10-07 20:40:22,798 INFO o.a.j.t.JMeterThread: Thread finished: POST arrivals 1-220
2026-10-07 20:40:22,799 INFO o.a.j.t.JMeterThread: Thread is done: POST arrivals 1-221
2026-10-07 20:40:22,799 INFO o.a.j.t.JMeterThread: Thread finished: POST arrivals 1-221
2026-10-07 20:40:22,888 INFO o.a.j.t.JMeterThread: Thread started: POST arrivals 1-309
2026-10-07 20:40:23,541 INFO o.a.j.t.JMeterThread: Thread is done: Search arrivals 2-29
2026-10-07 20:40:23,541 INFO o.a.j.t.JMeterThread: Thread finished: Search arrivals 2-29
2026-10-07 20:40:23,575 INFO o.a.j.t.JMeterThread: Thread is done: POST arrivals 1-123
2026-10-07 20:40:23,576 INFO o.a.j.t.JMeterThread: Thread finished: POST arrivals 1-123
2026-10-07 20:40:24,850 INFO o.a.j.t.JMeterThread: Thread is done: POST arrivals 1-222
2026-10-07 20:40:24,850 INFO o.a.j.t.JMeterThread: Thread finished: POST arrivals 1-222
2026-10-07 20:40:25,943 INFO o.a.j.t.JMeterThread: Thread is done: POST arrivals 1-124
2026-10-07 20:40:25,943 INFO o.a.j.t.JMeterThread: Thread finished: POST arrivals 1-124
2026-10-07 20:40:26,693 INFO o.a.j.t.JMeterThread: Thread is done: Search arrivals 2-30
2026-10-07 20:40:26,693 INFO o.a.j.t.JMeterThread: Thread finished: Search arrivals 2-30
2026-10-07 20:40:26,893 INFO o.a.j.t.JMeterThread: Thread is done: POST arrivals 1-223
2026-10-07 20:40:26,893 INFO o.a.j.t.JMeterThread: Thread finished: POST arrivals 1-223
2026-10-07 20:40:27,737 INFO o.a.j.t.JMeterThread: Thread is done: POST arrivals 1-125
2026-10-07 20:40:27,738 INFO o.a.j.t.JMeterThread: Thread finished: POST arrivals 1-125
2026-10-07 20:40:27,777 INFO o.a.j.t.JMeterThread: Thread started: POST arrivals 1-310
2026-10-07 20:40:28,258 INFO o.a.j.t.JMeterThread: Thread is done: POST arrivals 1-126
2026-10-07 20:40:28,258 INFO o.a.j.t.JMeterThread: Thread finished: POST arrivals 1-126
2026-10-07 20:40:28,415 INFO o.a.j.t.JMeterThread: Thread is done: POST arrivals 1-127
2026-10-07 20:40:28,415 INFO o.a.j.t.JMeterThread: Thread finished: POST arrivals 1-127
2026-10-07 20:40:28,435 INFO o.a.j.t.JMeterThread: Thread started: Search arrivals 2-66
2026-10-07 20:40:28,663 INFO o.a.j.t.JMeterThread: Thread is done: POST arrivals 1-128
2026-10-07 20:40:28,663 INFO o.a.j.t.JMeterThread: Thread finished: POST arrivals 1-128
2026-10-07 20:40:29,765 INFO o.a.j.t.JMeterThread: Thread started: POST arrivals 1-311
2026-10-07 20:40:30,030 INFO o.a.j.t.JMeterThread: Thread started: POST arrivals 1-312
2026-10-07 20:40:30,280 INFO o.a.j.r.Summariser: summary +     26 in 00:00:29 =    0.9/s Avg: 242593 Min: 133377 Max: 300015 Err:    26 (100.00%) Active: 176 Started: 395 Finished: 219
2026-10-07 20:40:30,281 INFO o.a.j.r.Summariser: summary =    220 in 00:09:02 =    0.4/s Avg: 191360 Min:  3739 Max: 300016 Err:   100 (45.45%)
2026-10-07 20:40:30,282 INFO o.a.j.t.JMeterThread: Thread is done: POST arrivals 1-129
2026-10-07 20:40:30,282 INFO o.a.j.t.JMeterThread: Thread finished: POST arrivals 1-129
2026-10-07 20:40:30,344 INFO o.a.j.t.JMeterThread: Thread started: POST arrivals 1-313
2026-10-07 20:40:30,993 INFO o.a.j.t.JMeterThread: Thread is done: POST arrivals 1-225
2026-10-07 20:40:30,994 INFO o.a.j.t.JMeterThread: Thread finished: POST arrivals 1-225
2026-10-07 20:40:31,895 INFO o.a.j.t.JMeterThread: Thread is done: POST arrivals 1-130
2026-10-07 20:40:31,896 INFO o.a.j.t.JMeterThread: Thread finished: POST arrivals 1-130
2026-10-07 20:40:32,206 INFO o.a.j.t.JMeterThread: Thread started: POST arrivals 1-314
2026-10-07 20:40:32,250 INFO o.a.j.t.JMeterThread: Thread started: POST arrivals 1-315
2026-10-07 20:40:33,039 INFO o.a.j.t.JMeterThread: Thread is done: POST arrivals 1-227
2026-10-07 20:40:33,039 INFO o.a.j.t.JMeterThread: Thread finished: POST arrivals 1-227
2026-10-07 20:40:33,175 INFO o.a.j.t.JMeterThread: Thread is done: POST arrivals 1-131
2026-10-07 20:40:33,176 INFO o.a.j.t.JMeterThread: Thread finished: POST arrivals 1-131
2026-10-07 20:40:34,043 INFO o.a.j.t.JMeterThread: Thread started: Search arrivals 2-67
2026-10-07 20:40:34,765 INFO o.a.j.t.JMeterThread: Thread is done: POST arrivals 1-132
2026-10-07 20:40:34,765 INFO o.a.j.t.JMeterThread: Thread finished: POST arrivals 1-132
2026-10-07 20:40:34,773 INFO o.a.j.t.JMeterThread: Thread is done: POST arrivals 1-133
2026-10-07 20:40:34,773 INFO o.a.j.t.JMeterThread: Thread finished: POST arrivals 1-133
2026-10-07 20:40:35,241 INFO o.a.j.t.JMeterThread: Thread started: POST arrivals 1-316
2026-10-07 20:40:35,289 INFO o.a.j.t.JMeterThread: Thread started: Search arrivals 2-68
2026-10-07 20:40:35,637 INFO o.a.j.t.JMeterThread: Thread started: POST arrivals 1-317
2026-10-07 20:40:35,953 INFO o.a.j.t.JMeterThread: Thread started: POST arrivals 1-318
2026-10-07 20:40:35,975 INFO o.a.j.t.JMeterThread: Thread started: POST arrivals 1-319
2026-10-07 20:40:36,066 INFO o.a.j.t.JMeterThread: Thread is done: Stats arrivals 3-10
2026-10-07 20:40:36,066 INFO o.a.j.t.JMeterThread: Thread finished: Stats arrivals 3-10
2026-10-07 20:40:36,366 INFO o.a.j.t.JMeterThread: Thread started: POST arrivals 1-320
2026-10-07 20:40:36,961 INFO o.a.j.t.JMeterThread: Thread is done: POST arrivals 1-134
2026-10-07 20:40:36,961 INFO o.a.j.t.JMeterThread: Thread finished: POST arrivals 1-134
2026-10-07 20:40:37,097 INFO o.a.j.t.JMeterThread: Thread started: POST arrivals 1-321
2026-10-07 20:40:37,883 INFO o.a.j.t.JMeterThread: Thread is done: POST arrivals 1-135
2026-10-07 20:40:37,883 INFO o.a.j.t.JMeterThread: Thread finished: POST arrivals 1-135
2026-10-07 20:40:39,184 INFO o.a.j.t.JMeterThread: Thread is done: POST arrivals 1-242
2026-10-07 20:40:39,184 INFO o.a.j.t.JMeterThread: Thread finished: POST arrivals 1-242
2026-10-07 20:40:39,769 INFO o.a.j.t.JMeterThread: Thread started: POST arrivals 1-322
2026-10-07 20:40:40,817 INFO o.a.j.t.JMeterThread: Thread is done: POST arrivals 1-136
2026-10-07 20:40:40,817 INFO o.a.j.t.JMeterThread: Thread finished: POST arrivals 1-136
2026-10-07 20:40:40,859 INFO o.a.j.t.JMeterThread: Thread is done: POST arrivals 1-137
2026-10-07 20:40:40,859 INFO o.a.j.t.JMeterThread: Thread finished: POST arrivals 1-137
2026-10-07 20:40:41,081 INFO o.a.j.t.JMeterThread: Thread started: POST arrivals 1-323
2026-10-07 20:40:41,232 INFO o.a.j.t.JMeterThread: Thread is done: POST arrivals 1-231
2026-10-07 20:40:41,233 INFO o.a.j.t.JMeterThread: Thread finished: POST arrivals 1-231
2026-10-07 20:40:41,233 INFO o.a.j.t.JMeterThread: Thread is done: POST arrivals 1-233
2026-10-07 20:40:41,233 INFO o.a.j.t.JMeterThread: Thread finished: POST arrivals 1-233
2026-10-07 20:40:42,832 INFO o.a.j.t.JMeterThread: Thread started: POST arrivals 1-324
2026-10-07 20:40:43,091 INFO o.a.j.t.JMeterThread: Thread started: Search arrivals 2-69
2026-10-07 20:40:43,225 INFO o.a.j.t.JMeterThread: Thread started: POST arrivals 1-325
2026-10-07 20:40:43,279 INFO o.a.j.t.JMeterThread: Thread is done: POST arrivals 1-234
2026-10-07 20:40:43,280 INFO o.a.j.t.JMeterThread: Thread finished: POST arrivals 1-234
2026-10-07 20:40:44,279 INFO o.a.j.t.JMeterThread: Thread started: POST arrivals 1-326
2026-10-07 20:40:45,183 INFO o.a.j.t.JMeterThread: Thread started: POST arrivals 1-327
2026-10-07 20:40:46,006 INFO o.a.j.t.JMeterThread: Thread is done: POST arrivals 1-138
2026-10-07 20:40:46,006 INFO o.a.j.t.JMeterThread: Thread finished: POST arrivals 1-138
2026-10-07 20:40:46,474 INFO o.a.j.t.JMeterThread: Thread is done: POST arrivals 1-139
2026-10-07 20:40:46,475 INFO o.a.j.t.JMeterThread: Thread finished: POST arrivals 1-139
2026-10-07 20:40:47,374 INFO o.a.j.t.JMeterThread: Thread is done: POST arrivals 1-237
2026-10-07 20:40:47,374 INFO o.a.j.t.JMeterThread: Thread finished: POST arrivals 1-237
2026-10-07 20:40:47,374 INFO o.a.j.t.JMeterThread: Thread is done: POST arrivals 1-236
2026-10-07 20:40:47,374 INFO o.a.j.t.JMeterThread: Thread finished: POST arrivals 1-236
2026-10-07 20:40:47,538 INFO o.a.j.t.JMeterThread: Thread started: Search arrivals 2-70
2026-10-07 20:40:48,093 INFO o.a.j.t.JMeterThread: Thread is done: POST arrivals 1-140
2026-10-07 20:40:48,093 INFO o.a.j.t.JMeterThread: Thread finished: POST arrivals 1-140
2026-10-07 20:40:48,388 INFO o.a.j.t.JMeterThread: Thread is done: POST arrivals 1-141
2026-10-07 20:40:48,388 INFO o.a.j.t.JMeterThread: Thread finished: POST arrivals 1-141
2026-10-07 20:40:49,076 INFO o.a.j.t.JMeterThread: Thread is done: Search arrivals 2-31
2026-10-07 20:40:49,076 INFO o.a.j.t.JMeterThread: Thread finished: Search arrivals 2-31
2026-10-07 20:40:49,424 INFO o.a.j.t.JMeterThread: Thread is done: POST arrivals 1-238
2026-10-07 20:40:49,424 INFO o.a.j.t.JMeterThread: Thread finished: POST arrivals 1-238
2026-10-07 20:40:50,257 INFO o.a.j.t.JMeterThread: Thread started: POST arrivals 1-328
2026-10-07 20:40:51,227 INFO o.a.j.t.JMeterThread: Thread started: POST arrivals 1-329
2026-10-07 20:40:52,821 INFO o.a.j.t.JMeterThread: Thread started: POST arrivals 1-330
2026-10-07 20:40:52,976 INFO o.a.j.t.JMeterThread: Thread started: POST arrivals 1-331
2026-10-07 20:40:53,517 INFO o.a.j.t.JMeterThread: Thread is done: POST arrivals 1-241
2026-10-07 20:40:53,517 INFO o.a.j.t.JMeterThread: Thread finished: POST arrivals 1-241
2026-10-07 20:40:55,566 INFO o.a.j.t.JMeterThread: Thread is done: Search arrivals 2-52
2026-10-07 20:40:55,566 INFO o.a.j.t.JMeterThread: Thread finished: Search arrivals 2-52
2026-10-07 20:40:55,791 INFO o.a.j.t.JMeterThread: Thread is done: POST arrivals 1-142
2026-10-07 20:40:55,791 INFO o.a.j.t.JMeterThread: Thread finished: POST arrivals 1-142
2026-10-07 20:40:57,619 INFO o.a.j.t.JMeterThread: Thread is done: Search arrivals 2-53
2026-10-07 20:40:57,619 INFO o.a.j.t.JMeterThread: Thread finished: Search arrivals 2-53
2026-10-07 20:40:57,620 INFO o.a.j.t.JMeterThread: Thread is done: POST arrivals 1-245
2026-10-07 20:40:57,620 INFO o.a.j.t.JMeterThread: Thread finished: POST arrivals 1-245
2026-10-07 20:40:58,177 INFO o.a.j.t.JMeterThread: Thread started: POST arrivals 1-332
2026-10-07 20:40:59,685 INFO o.a.j.t.JMeterThread: Thread is done: Search arrivals 2-54
2026-10-07 20:40:59,685 INFO o.a.j.t.JMeterThread: Thread finished: Search arrivals 2-54
2026-10-07 20:40:59,737 INFO o.a.j.t.JMeterThread: Thread is done: POST arrivals 1-143
2026-10-07 20:40:59,737 INFO o.a.j.t.JMeterThread: Thread finished: POST arrivals 1-143
2026-10-07 20:41:01,709 INFO o.a.j.r.Summariser: summary +     31 in 00:00:31 =    1.0/s Avg: 219206 Min: 117707 Max: 300014 Err:    31 (100.00%) Active: 169 Started: 419 Finished: 250
2026-10-07 20:41:01,709 INFO o.a.j.r.Summariser: summary =    251 in 00:09:33 =    0.4/s Avg: 194799 Min:  3739 Max: 300016 Err:   131 (52.19%)
2026-10-07 20:41:01,710 INFO o.a.j.t.JMeterThread: Thread is done: Search arrivals 2-55
2026-10-07 20:41:01,710 INFO o.a.j.t.JMeterThread: Thread finished: Search arrivals 2-55
2026-10-07 20:41:01,820 INFO o.a.j.t.JMeterThread: Thread started: POST arrivals 1-333
2026-10-07 20:41:02,869 INFO o.a.j.t.JMeterThread: Thread started: POST arrivals 1-334
2026-10-07 20:41:02,987 INFO o.a.j.t.JMeterThread: Thread started: POST arrivals 1-335
2026-10-07 20:41:03,014 INFO o.a.j.t.JMeterThread: Thread is done: Search arrivals 2-32
2026-10-07 20:41:03,015 INFO o.a.j.t.JMeterThread: Thread finished: Search arrivals 2-32
2026-10-07 20:41:03,131 INFO o.a.j.t.JMeterThread: Thread is done: Search arrivals 2-33
2026-10-07 20:41:03,131 INFO o.a.j.t.JMeterThread: Thread finished: Search arrivals 2-33
2026-10-07 20:41:03,768 INFO o.a.j.t.JMeterThread: Thread is done: Search arrivals 2-34
2026-10-07 20:41:03,768 INFO o.a.j.t.JMeterThread: Thread finished: Search arrivals 2-34
2026-10-07 20:41:03,975 INFO o.a.j.t.JMeterThread: Thread is done: POST arrivals 1-144
2026-10-07 20:41:03,975 INFO o.a.j.t.JMeterThread: Thread finished: POST arrivals 1-144
2026-10-07 20:41:05,019 INFO o.a.j.t.JMeterThread: Thread is done: POST arrivals 1-145
2026-10-07 20:41:05,019 INFO o.a.j.t.JMeterThread: Thread finished: POST arrivals 1-145
2026-10-07 20:41:07,439 INFO o.a.j.t.JMeterThread: Thread started: POST arrivals 1-336
2026-10-07 20:41:08,188 INFO o.a.j.t.JMeterThread: Thread is done: Stats arrivals 3-14
2026-10-07 20:41:08,188 INFO o.a.j.t.JMeterThread: Thread is done: Search arrivals 2-56
2026-10-07 20:41:08,188 INFO o.a.j.t.JMeterThread: Thread finished: Stats arrivals 3-14
2026-10-07 20:41:08,193 INFO o.a.j.t.JMeterThread: Thread is done: POST arrivals 1-248
2026-10-07 20:41:08,193 INFO o.a.j.t.JMeterThread: Thread finished: POST arrivals 1-248
2026-10-07 20:41:08,193 INFO o.a.j.t.JMeterThread: Thread is done: POST arrivals 1-249
2026-10-07 20:41:08,193 INFO o.a.j.t.JMeterThread: Thread finished: POST arrivals 1-249
2026-10-07 20:41:08,193 INFO o.a.j.t.JMeterThread: Thread finished: Search arrivals 2-56
2026-10-07 20:41:08,519 INFO o.a.j.t.JMeterThread: Thread is done: POST arrivals 1-146
2026-10-07 20:41:08,519 INFO o.a.j.t.JMeterThread: Thread finished: POST arrivals 1-146
2026-10-07 20:41:08,612 INFO o.a.j.t.JMeterThread: Thread is done: POST arrivals 1-147
2026-10-07 20:41:08,612 INFO o.a.j.t.JMeterThread: Thread finished: POST arrivals 1-147
2026-10-07 20:41:10,604 INFO o.a.j.t.JMeterThread: Thread is done: POST arrivals 1-148
2026-10-07 20:41:10,604 INFO o.a.j.t.JMeterThread: Thread finished: POST arrivals 1-148
2026-10-07 20:41:11,363 INFO o.a.j.t.JMeterThread: Thread is done: POST arrivals 1-149
2026-10-07 20:41:11,364 INFO o.a.j.t.JMeterThread: Thread finished: POST arrivals 1-149
2026-10-07 20:41:12,662 INFO o.a.j.t.JMeterThread: Thread started: POST arrivals 1-337
2026-10-07 20:41:13,322 INFO o.a.j.t.JMeterThread: Thread started: POST arrivals 1-338
2026-10-07 20:41:13,516 INFO o.a.j.t.JMeterThread: Thread started: POST arrivals 1-339
2026-10-07 20:41:15,479 INFO o.a.j.t.JMeterThread: Thread is done: POST arrivals 1-150
2026-10-07 20:41:15,479 INFO o.a.j.t.JMeterThread: Thread finished: POST arrivals 1-150
2026-10-07 20:41:16,046 INFO o.a.j.t.JMeterThread: Thread is done: POST arrivals 1-253
2026-10-07 20:41:16,046 INFO o.a.j.t.JMeterThread: Thread finished: POST arrivals 1-253
2026-10-07 20:41:16,314 INFO o.a.j.t.JMeterThread: Thread is done: POST arrivals 1-151
2026-10-07 20:41:16,314 INFO o.a.j.t.JMeterThread: Thread finished: POST arrivals 1-151
2026-10-07 20:41:16,316 INFO o.a.j.t.JMeterThread: Thread started: POST arrivals 1-340
2026-10-07 20:41:16,377 INFO o.a.j.t.JMeterThread: Thread is done: POST arrivals 1-152
2026-10-07 20:41:16,377 INFO o.a.j.t.JMeterThread: Thread finished: POST arrivals 1-152
2026-10-07 20:41:16,766 INFO o.a.j.t.JMeterThread: Thread started: Search arrivals 2-71
2026-10-07 20:41:16,842 INFO o.a.j.t.JMeterThread: Thread started: POST arrivals 1-341
2026-10-07 20:41:16,937 INFO o.a.j.t.JMeterThread: Thread started: POST arrivals 1-342
2026-10-07 20:41:17,128 INFO o.a.j.t.JMeterThread: Thread started: POST arrivals 1-343
2026-10-07 20:41:17,592 INFO o.a.j.t.JMeterThread: Thread is done: POST arrivals 1-153
2026-10-07 20:41:17,592 INFO o.a.j.t.JMeterThread: Thread finished: POST arrivals 1-153
2026-10-07 20:41:17,780 INFO o.a.j.t.JMeterThread: Thread is done: POST arrivals 1-154
2026-10-07 20:41:17,780 INFO o.a.j.t.JMeterThread: Thread finished: POST arrivals 1-154
2026-10-07 20:41:18,927 INFO o.a.j.t.JMeterThread: Thread started: POST arrivals 1-344
2026-10-07 20:41:19,108 INFO o.a.j.t.JMeterThread: Thread is done: POST arrivals 1-155
2026-10-07 20:41:19,108 INFO o.a.j.t.JMeterThread: Thread finished: POST arrivals 1-155
2026-10-07 20:41:19,904 INFO o.a.j.t.JMeterThread: Thread started: POST arrivals 1-345
2026-10-07 20:41:20,013 INFO o.a.j.t.JMeterThread: Thread is done: POST arrivals 1-156
2026-10-07 20:41:20,013 INFO o.a.j.t.JMeterThread: Thread finished: POST arrivals 1-156
2026-10-07 20:41:21,016 INFO o.a.j.t.JMeterThread: Thread started: POST arrivals 1-346
2026-10-07 20:41:21,334 INFO o.a.j.t.JMeterThread: Thread is done: POST arrivals 1-157
2026-10-07 20:41:21,334 INFO o.a.j.t.JMeterThread: Thread finished: POST arrivals 1-157
2026-10-07 20:41:21,696 INFO o.a.j.t.JMeterThread: Thread is done: POST arrivals 1-158
2026-10-07 20:41:21,697 INFO o.a.j.t.JMeterThread: Thread finished: POST arrivals 1-158
2026-10-07 20:41:22,188 INFO o.a.j.t.JMeterThread: Thread is done: POST arrivals 1-254
2026-10-07 20:41:22,188 INFO o.a.j.t.JMeterThread: Thread is done: POST arrivals 1-255
2026-10-07 20:41:22,188 INFO o.a.j.t.JMeterThread: Thread finished: POST arrivals 1-255
2026-10-07 20:41:22,189 INFO o.a.j.t.JMeterThread: Thread finished: POST arrivals 1-254
2026-10-07 20:41:23,743 INFO o.a.j.t.JMeterThread: Thread started: POST arrivals 1-347
2026-10-07 20:41:25,506 INFO o.a.j.t.JMeterThread: Thread started: POST arrivals 1-348
2026-10-07 20:41:26,132 INFO o.a.j.t.JMeterThread: Thread started: POST arrivals 1-349
2026-10-07 20:41:27,170 INFO o.a.j.t.JMeterThread: Thread is done: POST arrivals 1-165
2026-10-07 20:41:27,170 INFO o.a.j.t.JMeterThread: Thread finished: POST arrivals 1-165
2026-10-07 20:41:28,332 INFO o.a.j.t.JMeterThread: Thread is done: POST arrivals 1-257
2026-10-07 20:41:28,332 INFO o.a.j.t.JMeterThread: Thread finished: POST arrivals 1-257
2026-10-07 20:41:29,131 INFO o.a.j.t.JMeterThread: Thread started: Search arrivals 2-72
2026-10-07 20:41:30,032 INFO o.a.j.t.JMeterThread: Thread started: Search arrivals 2-73
2026-10-07 20:41:30,385 INFO o.a.j.t.JMeterThread: Thread is done: Search arrivals 2-58
2026-10-07 20:41:30,385 INFO o.a.j.t.JMeterThread: Thread finished: Search arrivals 2-58
2026-10-07 20:41:30,385 INFO o.a.j.r.Summariser: summary +     28 in 00:00:29 =    1.0/s Avg: 246754 Min: 133650 Max: 300013 Err:    28 (100.00%) Active: 161 Started: 439 Finished: 278
2026-10-07 20:41:30,386 INFO o.a.j.r.Summariser: summary =    279 in 00:10:02 =    0.5/s Avg: 200013 Min:  3739 Max: 300016 Err:   159 (56.99%)
2026-10-07 20:41:30,386 INFO o.a.j.t.JMeterThread: Thread is done: Stats arrivals 3-15
2026-10-07 20:41:30,386 INFO o.a.j.t.JMeterThread: Thread is done: POST arrivals 1-258
2026-10-07 20:41:30,386 INFO o.a.j.t.JMeterThread: Thread finished: Stats arrivals 3-15
2026-10-07 20:41:30,386 INFO o.a.j.t.JMeterThread: Thread is done: POST arrivals 1-261
2026-10-07 20:41:30,387 INFO o.a.j.t.JMeterThread: Thread finished: POST arrivals 1-261
2026-10-07 20:41:30,386 INFO o.a.j.t.JMeterThread: Thread is done: POST arrivals 1-259
2026-10-07 20:41:30,387 INFO o.a.j.t.JMeterThread: Thread finished: POST arrivals 1-259
2026-10-07 20:41:30,387 INFO o.a.j.t.JMeterThread: Thread finished: POST arrivals 1-258
2026-10-07 20:41:30,387 INFO o.a.j.t.JMeterThread: Thread is done: POST arrivals 1-260
2026-10-07 20:41:30,387 INFO o.a.j.t.JMeterThread: Thread finished: POST arrivals 1-260
2026-10-07 20:41:30,710 INFO o.a.j.t.JMeterThread: Thread started: POST arrivals 1-350
2026-10-07 20:41:31,012 INFO o.a.j.t.JMeterThread: Thread started: POST arrivals 1-351
2026-10-07 20:41:31,583 INFO o.a.j.t.JMeterThread: Thread started: POST arrivals 1-352
2026-10-07 20:41:32,061 INFO o.a.j.t.JMeterThread: Thread started: Stats arrivals 3-18
2026-10-07 20:41:32,430 INFO o.a.j.t.JMeterThread: Thread is done: POST arrivals 1-263
2026-10-07 20:41:32,430 INFO o.a.j.t.JMeterThread: Thread finished: POST arrivals 1-263
2026-10-07 20:41:33,290 INFO o.a.j.t.JMeterThread: Thread is done: Search arrivals 2-36
2026-10-07 20:41:33,290 INFO o.a.j.t.JMeterThread: Thread finished: Search arrivals 2-36
2026-10-07 20:41:35,527 INFO o.a.j.t.JMeterThread: Thread started: POST arrivals 1-353
2026-10-07 20:41:36,355 INFO o.a.j.t.JMeterThread: Thread is done: POST arrivals 1-172
2026-10-07 20:41:36,355 INFO o.a.j.t.JMeterThread: Thread finished: POST arrivals 1-172
2026-10-07 20:41:36,527 INFO o.a.j.t.JMeterThread: Thread is done: POST arrivals 1-264
2026-10-07 20:41:36,529 INFO o.a.j.t.JMeterThread: Thread finished: POST arrivals 1-264
2026-10-07 20:41:37,405 INFO o.a.j.t.JMeterThread: Thread is done: POST arrivals 1-173
2026-10-07 20:41:37,405 INFO o.a.j.t.JMeterThread: Thread finished: POST arrivals 1-173
2026-10-07 20:41:37,609 INFO o.a.j.t.JMeterThread: Thread is done: POST arrivals 1-174
2026-10-07 20:41:37,610 INFO o.a.j.t.JMeterThread: Thread finished: POST arrivals 1-174
2026-10-07 20:41:37,738 INFO o.a.j.t.JMeterThread: Thread started: POST arrivals 1-354
2026-10-07 20:41:38,574 INFO o.a.j.t.JMeterThread: Thread is done: POST arrivals 1-265
2026-10-07 20:41:38,575 INFO o.a.j.t.JMeterThread: Thread finished: POST arrivals 1-265
2026-10-07 20:41:38,656 INFO o.a.j.t.JMeterThread: Thread started: POST arrivals 1-355
2026-10-07 20:41:38,841 INFO o.a.j.t.JMeterThread: Thread started: POST arrivals 1-356
2026-10-07 20:41:40,466 INFO o.a.j.t.JMeterThread: Thread started: Search arrivals 2-74
2026-10-07 20:41:41,802 INFO o.a.j.t.JMeterThread: Thread started: POST arrivals 1-357
2026-10-07 20:41:41,805 INFO o.a.j.t.JMeterThread: Thread started: POST arrivals 1-358
2026-10-07 20:41:42,772 INFO o.a.j.t.JMeterThread: Thread started: POST arrivals 1-359
2026-10-07 20:41:43,052 INFO o.a.j.t.JMeterThread: Thread started: POST arrivals 1-360
2026-10-07 20:41:44,716 INFO o.a.j.t.JMeterThread: Thread is done: POST arrivals 1-270
2026-10-07 20:41:44,716 INFO o.a.j.t.JMeterThread: Thread finished: POST arrivals 1-270
2026-10-07 20:41:46,123 INFO o.a.j.t.JMeterThread: Thread started: POST arrivals 1-361
2026-10-07 20:41:46,425 INFO o.a.j.t.JMeterThread: Thread is done: Search arrivals 2-40
2026-10-07 20:41:46,425 INFO o.a.j.t.JMeterThread: Thread finished: Search arrivals 2-40
2026-10-07 20:41:46,764 INFO o.a.j.t.JMeterThread: Thread is done: Search arrivals 2-61
2026-10-07 20:41:46,764 INFO o.a.j.t.JMeterThread: Thread finished: Search arrivals 2-61
2026-10-07 20:41:46,764 INFO o.a.j.t.JMeterThread: Thread is done: POST arrivals 1-274
2026-10-07 20:41:46,764 INFO o.a.j.t.JMeterThread: Thread is done: POST arrivals 1-273
2026-10-07 20:41:46,765 INFO o.a.j.t.JMeterThread: Thread finished: POST arrivals 1-274
2026-10-07 20:41:46,765 INFO o.a.j.t.JMeterThread: Thread is done: Search arrivals 2-62
2026-10-07 20:41:46,765 INFO o.a.j.t.JMeterThread: Thread finished: POST arrivals 1-273
2026-10-07 20:41:46,765 INFO o.a.j.t.JMeterThread: Thread finished: Search arrivals 2-62
2026-10-07 20:41:47,143 INFO o.a.j.t.JMeterThread: Thread started: Stats arrivals 3-19
2026-10-07 20:41:47,427 INFO o.a.j.t.JMeterThread: Thread is done: POST arrivals 1-176
2026-10-07 20:41:47,427 INFO o.a.j.t.JMeterThread: Thread finished: POST arrivals 1-176
2026-10-07 20:41:47,568 INFO o.a.j.t.JMeterThread: Thread started: POST arrivals 1-362
2026-10-07 20:41:48,058 INFO o.a.j.t.JMeterThread: Thread started: POST arrivals 1-363
2026-10-07 20:41:48,381 INFO o.a.j.t.JMeterThread: Thread started: POST arrivals 1-364
2026-10-07 20:41:48,781 INFO o.a.j.t.JMeterThread: Thread started: POST arrivals 1-365
2026-10-07 20:41:48,792 INFO o.a.j.t.JMeterThread: Thread started: Search arrivals 2-75
2026-10-07 20:41:48,888 INFO o.a.j.t.JMeterThread: Thread is done: Search arrivals 2-41
2026-10-07 20:41:48,889 INFO o.a.j.t.JMeterThread: Thread finished: Search arrivals 2-41
2026-10-07 20:41:49,102 INFO o.a.j.t.JMeterThread: Thread is done: POST arrivals 1-177
2026-10-07 20:41:49,102 INFO o.a.j.t.JMeterThread: Thread finished: POST arrivals 1-177
2026-10-07 20:41:49,103 INFO o.a.j.t.JMeterThread: Thread started: POST arrivals 1-366
2026-10-07 20:41:49,446 INFO o.a.j.t.JMeterThread: Thread started: Search arrivals 2-76
2026-10-07 20:41:49,600 INFO o.a.j.t.JMeterThread: Thread started: Search arrivals 2-77
2026-10-07 20:41:50,863 INFO o.a.j.t.JMeterThread: Thread is done: POST arrivals 1-277
2026-10-07 20:41:50,863 INFO o.a.j.t.JMeterThread: Thread finished: POST arrivals 1-277
2026-10-07 20:41:50,864 INFO o.a.j.t.JMeterThread: Thread is done: POST arrivals 1-276
2026-10-07 20:41:50,864 INFO o.a.j.t.JMeterThread: Thread finished: POST arrivals 1-276
2026-10-07 20:41:51,335 INFO o.a.j.t.JMeterThread: Thread started: POST arrivals 1-367
2026-10-07 20:41:51,488 INFO o.a.j.t.JMeterThread: Thread started: POST arrivals 1-368
2026-10-07 20:41:52,909 INFO o.a.j.t.JMeterThread: Thread is done: POST arrivals 1-271
2026-10-07 20:41:52,909 INFO o.a.j.t.JMeterThread: Thread finished: POST arrivals 1-271
2026-10-07 20:41:52,909 INFO o.a.j.t.JMeterThread: Thread is done: POST arrivals 1-278
2026-10-07 20:41:52,909 INFO o.a.j.t.JMeterThread: Thread finished: POST arrivals 1-278
2026-10-07 20:41:53,708 INFO o.a.j.t.JMeterThread: Thread started: POST arrivals 1-369
2026-10-07 20:41:54,627 INFO o.a.j.t.JMeterThread: Thread started: POST arrivals 1-370
2026-10-07 20:41:54,961 INFO o.a.j.t.JMeterThread: Thread is done: POST arrivals 1-279
2026-10-07 20:41:54,962 INFO o.a.j.t.JMeterThread: Thread finished: POST arrivals 1-279
2026-10-07 20:41:54,962 INFO o.a.j.t.JMeterThread: Thread is done: POST arrivals 1-280
2026-10-07 20:41:54,962 INFO o.a.j.t.JMeterThread: Thread finished: POST arrivals 1-280
2026-10-07 20:41:55,424 INFO o.a.j.t.JMeterThread: Thread started: POST arrivals 1-371
2026-10-07 20:41:57,005 INFO o.a.j.t.JMeterThread: Thread is done: POST arrivals 1-281
2026-10-07 20:41:57,005 INFO o.a.j.t.JMeterThread: Thread finished: POST arrivals 1-281
2026-10-07 20:41:58,720 INFO o.a.j.t.JMeterThread: Thread is done: POST arrivals 1-178
2026-10-07 20:41:58,720 INFO o.a.j.t.JMeterThread: Thread finished: POST arrivals 1-178
2026-10-07 20:41:58,820 INFO o.a.j.t.JMeterThread: Thread started: Search arrivals 2-78
2026-10-07 20:41:58,888 INFO o.a.j.t.JMeterThread: Thread is done: POST arrivals 1-179
2026-10-07 20:41:58,888 INFO o.a.j.t.JMeterThread: Thread finished: POST arrivals 1-179
2026-10-07 20:42:00,094 INFO o.a.j.r.Summariser: summary +     31 in 00:00:30 =    1.0/s Avg: 193491 Min: 133470 Max: 300011 Err:    31 (100.00%) Active: 159 Started: 468 Finished: 309
2026-10-07 20:42:00,095 INFO o.a.j.r.Summariser: summary =    310 in 00:10:32 =    0.5/s Avg: 199361 Min:  3739 Max: 300016 Err:   190 (61.29%)
2026-10-07 20:42:00,095 INFO o.a.j.t.JMeterThread: Thread is done: POST arrivals 1-180
2026-10-07 20:42:00,095 INFO o.a.j.t.JMeterThread: Thread finished: POST arrivals 1-180
2026-10-07 20:42:00,164 INFO o.a.j.t.JMeterThread: Thread started: POST arrivals 1-372
2026-10-07 20:42:00,889 INFO o.a.j.t.JMeterThread: Thread started: POST arrivals 1-373
2026-10-07 20:42:01,058 INFO o.a.j.t.JMeterThread: Thread started: POST arrivals 1-374
2026-10-07 20:42:01,099 INFO o.a.j.t.JMeterThread: Thread is done: POST arrivals 1-286
2026-10-07 20:42:01,099 INFO o.a.j.t.JMeterThread: Thread finished: POST arrivals 1-286
2026-10-07 20:42:01,099 INFO o.a.j.t.JMeterThread: Thread is done: POST arrivals 1-287
2026-10-07 20:42:01,099 INFO o.a.j.t.JMeterThread: Thread finished: POST arrivals 1-287
2026-10-07 20:42:01,142 INFO o.a.j.t.JMeterThread: Thread started: POST arrivals 1-375
2026-10-07 20:42:01,690 INFO o.a.j.t.JMeterThread: Thread started: Stats arrivals 3-20
2026-10-07 20:42:02,829 INFO o.a.j.t.JMeterThread: Thread started: POST arrivals 1-376
2026-10-07 20:42:03,148 INFO o.a.j.t.JMeterThread: Thread is done: Stats arrivals 3-16
2026-10-07 20:42:03,148 INFO o.a.j.t.JMeterThread: Thread finished: Stats arrivals 3-16
2026-10-07 20:42:04,041 INFO o.a.j.t.JMeterThread: Thread started: POST arrivals 1-377
2026-10-07 20:42:04,730 INFO o.a.j.t.JMeterThread: Thread is done: POST arrivals 1-182
2026-10-07 20:42:04,730 INFO o.a.j.t.JMeterThread: Thread finished: POST arrivals 1-182
2026-10-07 20:42:05,366 INFO o.a.j.t.JMeterThread: Thread started: POST arrivals 1-378
2026-10-07 20:42:05,528 INFO o.a.j.t.JMeterThread: Thread started: POST arrivals 1-379
2026-10-07 20:42:06,461 INFO o.a.j.t.JMeterThread: Thread started: POST arrivals 1-380
2026-10-07 20:42:07,120 INFO o.a.j.t.JMeterThread: Thread is done: POST arrivals 1-185
2026-10-07 20:42:07,121 INFO o.a.j.t.JMeterThread: Thread finished: POST arrivals 1-185
2026-10-07 20:42:07,178 INFO o.a.j.t.JMeterThread: Thread started: POST arrivals 1-381
2026-10-07 20:42:08,854 INFO o.a.j.t.JMeterThread: Thread is done: POST arrivals 1-187
2026-10-07 20:42:08,854 INFO o.a.j.t.JMeterThread: Thread finished: POST arrivals 1-187
2026-10-07 20:42:09,038 INFO o.a.j.t.JMeterThread: Thread started: POST arrivals 1-382
2026-10-07 20:42:10,631 INFO o.a.j.t.JMeterThread: Thread started: POST arrivals 1-383
2026-10-07 20:42:11,339 INFO o.a.j.t.JMeterThread: Thread is done: POST arrivals 1-289
2026-10-07 20:42:11,339 INFO o.a.j.t.JMeterThread: Thread finished: POST arrivals 1-289
2026-10-07 20:42:11,784 INFO o.a.j.t.JMeterThread: Thread started: POST arrivals 1-384
2026-10-07 20:42:11,956 INFO o.a.j.t.JMeterThread: Thread is done: POST arrivals 1-190
2026-10-07 20:42:11,956 INFO o.a.j.t.JMeterThread: Thread finished: POST arrivals 1-190
2026-10-07 20:42:14,146 INFO o.a.j.t.JMeterThread: Thread is done: POST arrivals 1-192
2026-10-07 20:42:14,146 INFO o.a.j.t.JMeterThread: Thread finished: POST arrivals 1-192
2026-10-07 20:42:14,782 INFO o.a.j.t.JMeterThread: Thread started: POST arrivals 1-385
2026-10-07 20:42:15,546 INFO o.a.j.t.JMeterThread: Thread started: POST arrivals 1-386
2026-10-07 20:42:16,827 INFO o.a.j.t.JMeterThread: Thread started: POST arrivals 1-387
2026-10-07 20:42:18,623 INFO o.a.j.t.JMeterThread: Thread started: POST arrivals 1-388
2026-10-07 20:42:19,234 INFO o.a.j.t.JMeterThread: Thread started: POST arrivals 1-389
2026-10-07 20:42:19,532 INFO o.a.j.t.JMeterThread: Thread is done: Stats arrivals 3-17
2026-10-07 20:42:19,532 INFO o.a.j.t.JMeterThread: Thread finished: Stats arrivals 3-17
2026-10-07 20:42:19,534 INFO o.a.j.t.JMeterThread: Thread is done: POST arrivals 1-292
2026-10-07 20:42:19,534 INFO o.a.j.t.JMeterThread: Thread finished: POST arrivals 1-292
2026-10-07 20:42:19,536 INFO o.a.j.t.JMeterThread: Thread is done: POST arrivals 1-293
2026-10-07 20:42:19,536 INFO o.a.j.t.JMeterThread: Thread finished: POST arrivals 1-293
2026-10-07 20:42:19,547 INFO o.a.j.t.JMeterThread: Thread is done: POST arrivals 1-291
2026-10-07 20:42:19,547 INFO o.a.j.t.JMeterThread: Thread finished: POST arrivals 1-291
2026-10-07 20:42:20,620 INFO o.a.j.t.JMeterThread: Thread is done: Search arrivals 2-46
2026-10-07 20:42:20,620 INFO o.a.j.t.JMeterThread: Thread finished: Search arrivals 2-46
2026-10-07 20:42:21,056 INFO o.a.j.t.JMeterThread: Thread started: POST arrivals 1-390
2026-10-07 20:42:21,403 INFO o.a.j.t.JMeterThread: Thread is done: POST arrivals 1-197
2026-10-07 20:42:21,403 INFO o.a.j.t.JMeterThread: Thread finished: POST arrivals 1-197
2026-10-07 20:42:21,424 INFO o.a.j.t.JMeterThread: Thread started: POST arrivals 1-391
2026-10-07 20:42:21,583 INFO o.a.j.t.JMeterThread: Thread is done: POST arrivals 1-266
2026-10-07 20:42:21,584 INFO o.a.j.t.JMeterThread: Thread finished: POST arrivals 1-266
2026-10-07 20:42:21,584 INFO o.a.j.t.JMeterThread: Thread is done: POST arrivals 1-294
2026-10-07 20:42:21,584 INFO o.a.j.t.JMeterThread: Thread finished: POST arrivals 1-294
2026-10-07 20:42:21,589 INFO o.a.j.t.JMeterThread: Thread is done: POST arrivals 1-295
2026-10-07 20:42:21,589 INFO o.a.j.t.JMeterThread: Thread finished: POST arrivals 1-295
2026-10-07 20:42:23,632 INFO o.a.j.t.JMeterThread: Thread is done: POST arrivals 1-296
2026-10-07 20:42:23,632 INFO o.a.j.t.JMeterThread: Thread finished: POST arrivals 1-296
2026-10-07 20:42:25,129 INFO o.a.j.t.JMeterThread: Thread is done: Search arrivals 2-47
2026-10-07 20:42:25,129 INFO o.a.j.t.JMeterThread: Thread finished: Search arrivals 2-47
2026-10-07 20:42:25,678 INFO o.a.j.t.JMeterThread: Thread is done: POST arrivals 1-298
2026-10-07 20:42:25,679 INFO o.a.j.t.JMeterThread: Thread finished: POST arrivals 1-298
2026-10-07 20:42:25,706 INFO o.a.j.t.JMeterThread: Thread started: POST arrivals 1-392
2026-10-07 20:42:25,872 INFO o.a.j.t.JMeterThread: Thread started: Stats arrivals 3-21
2026-10-07 20:42:25,875 INFO o.a.j.t.o.EvenArrivalsRamp: Generating 0 events, beginRate = 0.0 / sec, endRate = 0.0 / sec, duration = 360.0 sec
2026-10-07 20:42:25,876 INFO o.a.j.t.o.OpenModelThreadGroup: There will be no more events, so will wait for 422 sec till the end of the schedule
2026-10-07 20:42:25,946 INFO o.a.j.t.JMeterThread: Thread started: POST arrivals 1-393
2026-10-07 20:42:27,033 INFO o.a.j.t.JMeterThread: Thread started: POST arrivals 1-394
2026-10-07 20:42:27,228 INFO o.a.j.t.JMeterThread: Thread started: Search arrivals 2-79
2026-10-07 20:42:27,725 INFO o.a.j.t.JMeterThread: Thread is done: POST arrivals 1-299
2026-10-07 20:42:27,725 INFO o.a.j.t.JMeterThread: Thread finished: POST arrivals 1-299
2026-10-07 20:42:29,375 INFO o.a.j.t.JMeterThread: Thread started: Search arrivals 2-80
2026-10-07 20:42:29,777 INFO o.a.j.t.JMeterThread: Thread is done: POST arrivals 1-302
2026-10-07 20:42:29,778 INFO o.a.j.t.JMeterThread: Thread finished: POST arrivals 1-302
2026-10-07 20:42:30,391 INFO o.a.j.t.JMeterThread: Thread started: POST arrivals 1-395
2026-10-07 20:42:31,426 INFO o.a.j.r.Summariser: summary +     24 in 00:00:31 =    0.8/s Avg: 198384 Min: 133916 Max: 301018 Err:    24 (100.00%) Active: 163 Started: 496 Finished: 333
2026-10-07 20:42:31,428 INFO o.a.j.r.Summariser: summary =    334 in 00:11:03 =    0.5/s Avg: 199291 Min:  3739 Max: 301018 Err:   214 (64.07%)
2026-10-07 20:42:31,429 INFO o.a.j.t.JMeterThread: Thread is done: POST arrivals 1-204
2026-10-07 20:42:31,429 INFO o.a.j.t.JMeterThread: Thread finished: POST arrivals 1-204
2026-10-07 20:42:31,928 INFO o.a.j.t.JMeterThread: Thread started: POST arrivals 1-396
2026-10-07 20:42:34,651 INFO o.a.j.t.JMeterThread: Thread started: POST arrivals 1-397
2026-10-07 20:42:35,048 INFO o.a.j.t.JMeterThread: Thread started: POST arrivals 1-398
2026-10-07 20:42:35,049 INFO o.a.j.t.JMeterThread: Thread is done: POST arrivals 1-205
2026-10-07 20:42:35,049 INFO o.a.j.t.JMeterThread: Thread finished: POST arrivals 1-205
2026-10-07 20:42:35,917 INFO o.a.j.t.JMeterThread: Thread is done: POST arrivals 1-307
2026-10-07 20:42:35,917 INFO o.a.j.t.JMeterThread: Thread finished: POST arrivals 1-307
2026-10-07 20:42:36,339 INFO o.a.j.t.JMeterThread: Thread started: POST arrivals 1-399
2026-10-07 20:42:37,967 INFO o.a.j.t.JMeterThread: Thread is done: POST arrivals 1-309
2026-10-07 20:42:37,967 INFO o.a.j.t.JMeterThread: Thread finished: POST arrivals 1-309
2026-10-07 20:42:39,400 INFO o.a.j.t.JMeterThread: Thread is done: POST arrivals 1-206
2026-10-07 20:42:39,400 INFO o.a.j.t.JMeterThread: Thread finished: POST arrivals 1-206
2026-10-07 20:42:40,012 INFO o.a.j.t.JMeterThread: Thread is done: POST arrivals 1-285
2026-10-07 20:42:40,013 INFO o.a.j.t.JMeterThread: Thread finished: POST arrivals 1-285
2026-10-07 20:42:41,009 INFO o.a.j.t.JMeterThread: Thread is done: POST arrivals 1-208
2026-10-07 20:42:41,009 INFO o.a.j.t.JMeterThread: Thread finished: POST arrivals 1-208
2026-10-07 20:42:42,061 INFO o.a.j.t.JMeterThread: Thread is done: POST arrivals 1-310
2026-10-07 20:42:42,061 INFO o.a.j.t.JMeterThread: Thread finished: POST arrivals 1-310
2026-10-07 20:42:42,486 INFO o.a.j.t.JMeterThread: Thread is done: POST arrivals 1-210
2026-10-07 20:42:42,486 INFO o.a.j.t.JMeterThread: Thread finished: POST arrivals 1-210
2026-10-07 20:42:43,006 INFO o.a.j.t.JMeterThread: Thread is done: Search arrivals 2-49
2026-10-07 20:42:43,006 INFO o.a.j.t.JMeterThread: Thread finished: Search arrivals 2-49
2026-10-07 20:42:43,408 INFO o.a.j.t.JMeterThread: Thread started: POST arrivals 1-400
2026-10-07 20:42:44,106 INFO o.a.j.t.JMeterThread: Thread is done: POST arrivals 1-313
2026-10-07 20:42:44,107 INFO o.a.j.t.JMeterThread: Thread finished: POST arrivals 1-313
2026-10-07 20:42:44,109 INFO o.a.j.t.JMeterThread: Thread is done: POST arrivals 1-312
2026-10-07 20:42:44,109 INFO o.a.j.t.JMeterThread: Thread finished: POST arrivals 1-312
2026-10-07 20:42:44,601 INFO o.a.j.t.JMeterThread: Thread started: POST arrivals 1-401
2026-10-07 20:42:45,710 INFO o.a.j.t.JMeterThread: Thread is done: POST arrivals 1-211
2026-10-07 20:42:45,711 INFO o.a.j.t.JMeterThread: Thread finished: POST arrivals 1-211
2026-10-07 20:42:46,155 INFO o.a.j.t.JMeterThread: Thread is done: POST arrivals 1-315
2026-10-07 20:42:46,156 INFO o.a.j.t.JMeterThread: Thread is done: POST arrivals 1-314
2026-10-07 20:42:46,156 INFO o.a.j.t.JMeterThread: Thread finished: POST arrivals 1-314
2026-10-07 20:42:46,156 INFO o.a.j.t.JMeterThread: Thread finished: POST arrivals 1-315
2026-10-07 20:42:47,049 INFO o.a.j.t.JMeterThread: Thread is done: Search arrivals 2-50
2026-10-07 20:42:47,049 INFO o.a.j.t.JMeterThread: Thread finished: Search arrivals 2-50
2026-10-07 20:42:47,144 INFO o.a.j.t.JMeterThread: Thread started: POST arrivals 1-402
2026-10-07 20:42:47,309 INFO o.a.j.t.JMeterThread: Thread is done: POST arrivals 1-212
2026-10-07 20:42:47,310 INFO o.a.j.t.JMeterThread: Thread finished: POST arrivals 1-212
2026-10-07 20:42:47,585 INFO o.a.j.t.JMeterThread: Thread started: POST arrivals 1-403
2026-10-07 20:42:48,138 INFO o.a.j.t.JMeterThread: Thread is done: POST arrivals 1-213
2026-10-07 20:42:48,138 INFO o.a.j.t.JMeterThread: Thread finished: POST arrivals 1-213
2026-10-07 20:42:48,467 INFO o.a.j.t.JMeterThread: Thread started: POST arrivals 1-404
2026-10-07 20:42:50,250 INFO o.a.j.t.JMeterThread: Thread is done: POST arrivals 1-318
2026-10-07 20:42:50,250 INFO o.a.j.t.JMeterThread: Thread finished: POST arrivals 1-318
2026-10-07 20:42:50,250 INFO o.a.j.t.JMeterThread: Thread is done: POST arrivals 1-319
2026-10-07 20:42:50,250 INFO o.a.j.t.JMeterThread: Thread is done: POST arrivals 1-320
2026-10-07 20:42:50,251 INFO o.a.j.t.JMeterThread: Thread finished: POST arrivals 1-320
2026-10-07 20:42:50,251 INFO o.a.j.t.JMeterThread: Thread finished: POST arrivals 1-319
2026-10-07 20:42:50,252 INFO o.a.j.t.JMeterThread: Thread is done: Search arrivals 2-68
2026-10-07 20:42:50,252 INFO o.a.j.t.JMeterThread: Thread finished: Search arrivals 2-68
2026-10-07 20:42:50,253 INFO o.a.j.t.JMeterThread: Thread is done: POST arrivals 1-316
2026-10-07 20:42:50,253 INFO o.a.j.t.JMeterThread: Thread finished: POST arrivals 1-316
2026-10-07 20:42:50,330 INFO o.a.j.t.JMeterThread: Thread started: Search arrivals 2-81
2026-10-07 20:42:51,057 INFO o.a.j.t.JMeterThread: Thread started: POST arrivals 1-405
2026-10-07 20:42:51,156 INFO o.a.j.t.JMeterThread: Thread started: POST arrivals 1-406
2026-10-07 20:42:51,984 INFO o.a.j.t.JMeterThread: Thread started: POST arrivals 1-407
2026-10-07 20:42:52,301 INFO o.a.j.t.JMeterThread: Thread is done: POST arrivals 1-321
2026-10-07 20:42:52,301 INFO o.a.j.t.JMeterThread: Thread finished: POST arrivals 1-321
2026-10-07 20:42:53,459 INFO o.a.j.t.JMeterThread: Thread started: POST arrivals 1-408
2026-10-07 20:42:54,129 INFO o.a.j.t.JMeterThread: Thread started: POST arrivals 1-409
2026-10-07 20:42:55,913 INFO o.a.j.t.JMeterThread: Thread started: POST arrivals 1-410
2026-10-07 20:42:56,124 INFO o.a.j.t.JMeterThread: Thread started: POST arrivals 1-411
2026-10-07 20:42:56,656 INFO o.a.j.t.JMeterThread: Thread started: POST arrivals 1-412
2026-10-07 20:42:56,723 INFO o.a.j.t.JMeterThread: Thread started: POST arrivals 1-413
2026-10-07 20:42:57,048 INFO o.a.j.t.JMeterThread: Thread started: POST arrivals 1-414
2026-10-07 20:42:58,308 INFO o.a.j.t.JMeterThread: Thread is done: POST arrivals 1-215
2026-10-07 20:42:58,308 INFO o.a.j.t.JMeterThread: Thread finished: POST arrivals 1-215
2026-10-07 20:42:58,444 INFO o.a.j.t.JMeterThread: Thread is done: POST arrivals 1-326
2026-10-07 20:42:58,444 INFO o.a.j.t.JMeterThread: Thread finished: POST arrivals 1-326
2026-10-07 20:42:59,540 INFO o.a.j.t.JMeterThread: Thread started: POST arrivals 1-415
2026-10-07 20:42:59,772 INFO o.a.j.t.JMeterThread: Thread is done: Search arrivals 2-51
2026-10-07 20:42:59,772 INFO o.a.j.t.JMeterThread: Thread finished: Search arrivals 2-51
2026-10-07 20:43:00,994 INFO o.a.j.r.Summariser: summary +     27 in 00:00:30 =    0.9/s Avg: 209521 Min: 133760 Max: 300018 Err:    27 (100.00%) Active: 157 Started: 517 Finished: 360
2026-10-07 20:43:00,995 INFO o.a.j.r.Summariser: summary =    361 in 00:11:32 =    0.5/s Avg: 200056 Min:  3739 Max: 301018 Err:   241 (66.76%)
2026-10-07 20:43:00,995 INFO o.a.j.t.JMeterThread: Thread is done: POST arrivals 1-217
2026-10-07 20:43:00,995 INFO o.a.j.t.JMeterThread: Thread finished: POST arrivals 1-217
2026-10-07 20:43:02,841 INFO o.a.j.t.JMeterThread: Thread started: POST arrivals 1-416
2026-10-07 20:43:04,591 INFO o.a.j.t.JMeterThread: Thread is done: POST arrivals 1-329
2026-10-07 20:43:04,592 INFO o.a.j.t.JMeterThread: Thread finished: POST arrivals 1-329
2026-10-07 20:43:04,592 INFO o.a.j.t.JMeterThread: Thread is done: POST arrivals 1-328
2026-10-07 20:43:04,592 INFO o.a.j.t.JMeterThread: Thread finished: POST arrivals 1-328
2026-10-07 20:43:05,039 INFO o.a.j.t.JMeterThread: Thread started: Search arrivals 2-82
2026-10-07 20:43:05,353 INFO o.a.j.t.JMeterThread: Thread started: POST arrivals 1-417
2026-10-07 20:43:05,981 INFO o.a.j.t.JMeterThread: Thread started: POST arrivals 1-418
2026-10-07 20:43:07,890 INFO o.a.j.t.JMeterThread: Thread started: POST arrivals 1-419
2026-10-07 20:43:08,569 INFO o.a.j.t.JMeterThread: Thread started: POST arrivals 1-420
2026-10-07 20:43:09,998 INFO o.a.j.t.JMeterThread: Thread started: POST arrivals 1-421
2026-10-07 20:43:10,744 INFO o.a.j.t.JMeterThread: Thread started: POST arrivals 1-422
2026-10-07 20:43:11,378 INFO o.a.j.t.JMeterThread: Thread started: POST arrivals 1-423
2026-10-07 20:43:11,601 INFO o.a.j.t.JMeterThread: Thread started: Search arrivals 2-83
2026-10-07 20:43:12,766 INFO o.a.j.t.JMeterThread: Thread started: POST arrivals 1-424
2026-10-07 20:43:12,777 INFO o.a.j.t.JMeterThread: Thread is done: POST arrivals 1-332
2026-10-07 20:43:12,777 INFO o.a.j.t.JMeterThread: Thread finished: POST arrivals 1-332
2026-10-07 20:43:12,874 INFO o.a.j.t.JMeterThread: Thread started: POST arrivals 1-425
2026-10-07 20:43:14,224 INFO o.a.j.t.JMeterThread: Thread started: Search arrivals 2-84
2026-10-07 20:43:14,465 INFO o.a.j.t.JMeterThread: Thread started: POST arrivals 1-426
2026-10-07 20:43:14,489 INFO o.a.j.t.JMeterThread: Thread started: Search arrivals 2-85
2026-10-07 20:43:14,610 INFO o.a.j.t.JMeterThread: Thread is done: POST arrivals 1-224
2026-10-07 20:43:14,610 INFO o.a.j.t.JMeterThread: Thread finished: POST arrivals 1-224
2026-10-07 20:43:16,629 INFO o.a.j.t.JMeterThread: Thread started: POST arrivals 1-427
2026-10-07 20:43:16,874 INFO o.a.j.t.JMeterThread: Thread is done: POST arrivals 1-334
2026-10-07 20:43:16,874 INFO o.a.j.t.JMeterThread: Thread finished: POST arrivals 1-334
2026-10-07 20:43:16,874 INFO o.a.j.t.JMeterThread: Thread is done: POST arrivals 1-333
2026-10-07 20:43:16,874 INFO o.a.j.t.JMeterThread: Thread finished: POST arrivals 1-333
2026-10-07 20:43:17,570 INFO o.a.j.t.JMeterThread: Thread started: POST arrivals 1-428
2026-10-07 20:43:18,681 INFO o.a.j.t.JMeterThread: Thread is done: POST arrivals 1-226
2026-10-07 20:43:18,681 INFO o.a.j.t.JMeterThread: Thread finished: POST arrivals 1-226
2026-10-07 20:43:19,522 INFO o.a.j.t.JMeterThread: Thread started: POST arrivals 1-429
2026-10-07 20:43:21,188 INFO o.a.j.t.o.EvenArrivalsRamp: Generating 0 events, beginRate = 0.0 / sec, endRate = 0.0 / sec, duration = 360.0 sec
2026-10-07 20:43:21,188 INFO o.a.j.t.o.OpenModelThreadGroup: There will be no more events, so will wait for 367 sec till the end of the schedule
2026-10-07 20:43:21,189 INFO o.a.j.t.JMeterThread: Thread started: Search arrivals 2-86
2026-10-07 20:43:21,450 INFO o.a.j.t.JMeterThread: Thread is done: POST arrivals 1-228
2026-10-07 20:43:21,450 INFO o.a.j.t.JMeterThread: Thread finished: POST arrivals 1-228
2026-10-07 20:43:23,043 INFO o.a.j.t.JMeterThread: Thread is done: POST arrivals 1-229
2026-10-07 20:43:23,043 INFO o.a.j.t.JMeterThread: Thread finished: POST arrivals 1-229
2026-10-07 20:43:24,041 INFO o.a.j.t.JMeterThread: Thread started: POST arrivals 1-430
2026-10-07 20:43:25,195 INFO o.a.j.t.JMeterThread: Thread started: POST arrivals 1-431
2026-10-07 20:43:25,417 INFO o.a.j.t.JMeterThread: Thread is done: POST arrivals 1-230
2026-10-07 20:43:25,417 INFO o.a.j.t.JMeterThread: Thread finished: POST arrivals 1-230
2026-10-07 20:43:25,526 INFO o.a.j.t.JMeterThread: Thread started: POST arrivals 1-432
2026-10-07 20:43:25,526 INFO o.a.j.t.o.EvenArrivalsRamp: Generating 0 events, beginRate = 0.0 / sec, endRate = 0.0 / sec, duration = 360.0 sec
2026-10-07 20:43:25,527 INFO o.a.j.t.o.OpenModelThreadGroup: There will be no more events, so will wait for 362 sec till the end of the schedule
2026-10-07 20:43:26,967 INFO o.a.j.t.JMeterThread: Thread is done: POST arrivals 1-232
2026-10-07 20:43:26,967 INFO o.a.j.t.JMeterThread: Thread finished: POST arrivals 1-232
2026-10-07 20:43:27,115 INFO o.a.j.t.JMeterThread: Thread is done: POST arrivals 1-337
2026-10-07 20:43:27,115 INFO o.a.j.t.JMeterThread: Thread finished: POST arrivals 1-337
2026-10-07 20:43:27,115 INFO o.a.j.t.JMeterThread: Thread is done: POST arrivals 1-338
2026-10-07 20:43:27,115 INFO o.a.j.t.JMeterThread: Thread is done: POST arrivals 1-339
2026-10-07 20:43:27,115 INFO o.a.j.t.JMeterThread: Thread finished: POST arrivals 1-339
2026-10-07 20:43:27,115 INFO o.a.j.t.JMeterThread: Thread finished: POST arrivals 1-338
2026-10-07 20:43:31,209 INFO o.a.j.t.JMeterThread: Thread is done: POST arrivals 1-343
2026-10-07 20:43:31,209 INFO o.a.j.t.JMeterThread: Thread finished: POST arrivals 1-343
2026-10-07 20:43:31,209 INFO o.a.j.r.Summariser: summary +     15 in 00:00:30 =    0.5/s Avg: 200498 Min: 133357 Max: 300011 Err:    15 (100.00%) Active: 164 Started: 539 Finished: 375
2026-10-07 20:43:31,210 INFO o.a.j.r.Summariser: summary =    376 in 00:12:03 =    0.5/s Avg: 200074 Min:  3739 Max: 301018 Err:   256 (68.09%)
2026-10-07 20:43:31,210 INFO o.a.j.t.JMeterThread: Thread is done: POST arrivals 1-342
2026-10-07 20:43:31,211 INFO o.a.j.t.JMeterThread: Thread finished: POST arrivals 1-342
2026-10-07 20:43:31,211 INFO o.a.j.t.JMeterThread: Thread is done: Search arrivals 2-71
2026-10-07 20:43:31,211 INFO o.a.j.t.JMeterThread: Thread finished: Search arrivals 2-71
2026-10-07 20:43:31,212 INFO o.a.j.t.JMeterThread: Thread is done: POST arrivals 1-340
2026-10-07 20:43:31,212 INFO o.a.j.t.JMeterThread: Thread finished: POST arrivals 1-340
2026-10-07 20:43:31,212 INFO o.a.j.t.JMeterThread: Thread is done: POST arrivals 1-341
2026-10-07 20:43:31,212 INFO o.a.j.t.JMeterThread: Thread finished: POST arrivals 1-341
2026-10-07 20:43:33,179 INFO o.a.j.t.JMeterThread: Thread is done: POST arrivals 1-235
2026-10-07 20:43:33,179 INFO o.a.j.t.JMeterThread: Thread finished: POST arrivals 1-235
2026-10-07 20:43:35,309 INFO o.a.j.t.JMeterThread: Thread is done: POST arrivals 1-346
2026-10-07 20:43:35,309 INFO o.a.j.t.JMeterThread: Thread finished: POST arrivals 1-346
2026-10-07 20:43:37,354 INFO o.a.j.t.JMeterThread: Thread is done: POST arrivals 1-347
2026-10-07 20:43:37,354 INFO o.a.j.t.JMeterThread: Thread finished: POST arrivals 1-347
2026-10-07 20:43:38,756 INFO o.a.j.t.JMeterThread: Thread is done: POST arrivals 1-239
2026-10-07 20:43:38,756 INFO o.a.j.t.JMeterThread: Thread finished: POST arrivals 1-239
2026-10-07 20:43:39,399 INFO o.a.j.t.JMeterThread: Thread is done: POST arrivals 1-348
2026-10-07 20:43:39,399 INFO o.a.j.t.JMeterThread: Thread finished: POST arrivals 1-348
2026-10-07 20:43:39,455 INFO o.a.j.t.JMeterThread: Thread is done: POST arrivals 1-240
2026-10-07 20:43:39,455 INFO o.a.j.t.JMeterThread: Thread finished: POST arrivals 1-240
2026-10-07 20:43:42,463 INFO o.a.j.t.JMeterThread: Thread is done: POST arrivals 1-243
2026-10-07 20:43:42,463 INFO o.a.j.t.JMeterThread: Thread finished: POST arrivals 1-243
2026-10-07 20:43:43,016 INFO o.a.j.t.JMeterThread: Thread is done: POST arrivals 1-244
2026-10-07 20:43:43,016 INFO o.a.j.t.JMeterThread: Thread finished: POST arrivals 1-244
2026-10-07 20:43:43,496 INFO o.a.j.t.JMeterThread: Thread is done: Search arrivals 2-72
2026-10-07 20:43:43,496 INFO o.a.j.t.JMeterThread: Thread finished: Search arrivals 2-72
2026-10-07 20:43:45,067 INFO o.a.j.t.JMeterThread: Thread is done: POST arrivals 1-246
2026-10-07 20:43:45,067 INFO o.a.j.t.JMeterThread: Thread finished: POST arrivals 1-246
2026-10-07 20:43:45,544 INFO o.a.j.t.JMeterThread: Thread is done: Stats arrivals 3-18
2026-10-07 20:43:45,544 INFO o.a.j.t.JMeterThread: Thread finished: Stats arrivals 3-18
2026-10-07 20:43:45,544 INFO o.a.j.t.JMeterThread: Thread is done: POST arrivals 1-352
2026-10-07 20:43:45,544 INFO o.a.j.t.JMeterThread: Thread finished: POST arrivals 1-352
2026-10-07 20:43:45,545 INFO o.a.j.t.JMeterThread: Thread is done: POST arrivals 1-350
2026-10-07 20:43:45,545 INFO o.a.j.t.JMeterThread: Thread finished: POST arrivals 1-350
2026-10-07 20:43:45,629 INFO o.a.j.t.JMeterThread: Thread is done: POST arrivals 1-247
2026-10-07 20:43:45,629 INFO o.a.j.t.JMeterThread: Thread finished: POST arrivals 1-247
2026-10-07 20:43:49,646 INFO o.a.j.t.JMeterThread: Thread is done: POST arrivals 1-353
2026-10-07 20:43:49,646 INFO o.a.j.t.JMeterThread: Thread finished: POST arrivals 1-353
2026-10-07 20:43:51,690 INFO o.a.j.t.JMeterThread: Thread is done: POST arrivals 1-354
2026-10-07 20:43:51,690 INFO o.a.j.t.JMeterThread: Thread finished: POST arrivals 1-354
2026-10-07 20:43:53,737 INFO o.a.j.t.JMeterThread: Thread is done: POST arrivals 1-355
2026-10-07 20:43:53,737 INFO o.a.j.t.JMeterThread: Thread finished: POST arrivals 1-355
2026-10-07 20:43:53,737 INFO o.a.j.t.JMeterThread: Thread is done: POST arrivals 1-356
2026-10-07 20:43:53,738 INFO o.a.j.t.JMeterThread: Thread finished: POST arrivals 1-356
2026-10-07 20:43:54,387 INFO o.a.j.t.JMeterThread: Thread is done: POST arrivals 1-250
2026-10-07 20:43:54,387 INFO o.a.j.t.JMeterThread: Thread finished: POST arrivals 1-250
2026-10-07 20:43:55,787 INFO o.a.j.t.JMeterThread: Thread is done: POST arrivals 1-358
2026-10-07 20:43:55,787 INFO o.a.j.t.JMeterThread: Thread finished: POST arrivals 1-358
2026-10-07 20:43:55,787 INFO o.a.j.t.JMeterThread: Thread is done: POST arrivals 1-357
2026-10-07 20:43:55,787 INFO o.a.j.t.JMeterThread: Thread finished: POST arrivals 1-357
2026-10-07 20:43:57,789 INFO o.a.j.t.JMeterThread: Thread is done: Search arrivals 2-57
2026-10-07 20:43:57,789 INFO o.a.j.t.JMeterThread: Thread finished: Search arrivals 2-57
2026-10-07 20:43:57,833 INFO o.a.j.t.JMeterThread: Thread is done: POST arrivals 1-360
2026-10-07 20:43:57,834 INFO o.a.j.t.JMeterThread: Thread finished: POST arrivals 1-360
2026-10-07 20:43:57,836 INFO o.a.j.t.JMeterThread: Thread is done: POST arrivals 1-359
2026-10-07 20:43:57,836 INFO o.a.j.t.JMeterThread: Thread finished: POST arrivals 1-359
2026-10-07 20:44:01,212 INFO o.a.j.r.Summariser: summary +     29 in 00:00:30 =    1.0/s Avg: 191451 Min: 133480 Max: 300013 Err:    29 (100.00%) Active: 135 Started: 539 Finished: 404
2026-10-07 20:44:01,212 INFO o.a.j.r.Summariser: summary =    405 in 00:12:33 =    0.5/s Avg: 199456 Min:  3739 Max: 301018 Err:   285 (70.37%)
2026-10-07 20:44:01,213 INFO o.a.j.t.JMeterThread: Thread is done: POST arrivals 1-251
2026-10-07 20:44:01,213 INFO o.a.j.t.JMeterThread: Thread finished: POST arrivals 1-251
2026-10-07 20:44:01,221 INFO o.a.j.t.JMeterThread: Thread is done: POST arrivals 1-252
2026-10-07 20:44:01,221 INFO o.a.j.t.JMeterThread: Thread finished: POST arrivals 1-252
2026-10-07 20:44:01,931 INFO o.a.j.t.JMeterThread: Thread is done: Stats arrivals 3-19
2026-10-07 20:44:01,931 INFO o.a.j.t.JMeterThread: Thread finished: Stats arrivals 3-19
2026-10-07 20:44:01,931 INFO o.a.j.t.JMeterThread: Thread is done: POST arrivals 1-377
2026-10-07 20:44:01,931 INFO o.a.j.t.JMeterThread: Thread finished: POST arrivals 1-377
2026-10-07 20:44:01,932 INFO o.a.j.t.JMeterThread: Thread is done: POST arrivals 1-364
2026-10-07 20:44:01,932 INFO o.a.j.t.JMeterThread: Thread finished: POST arrivals 1-364
2026-10-07 20:44:01,932 INFO o.a.j.t.JMeterThread: Thread is done: POST arrivals 1-363
2026-10-07 20:44:01,932 INFO o.a.j.t.JMeterThread: Thread finished: POST arrivals 1-363
2026-10-07 20:44:03,978 INFO o.a.j.t.JMeterThread: Thread is done: Search arrivals 2-76
2026-10-07 20:44:03,979 INFO o.a.j.t.JMeterThread: Thread finished: Search arrivals 2-76
2026-10-07 20:44:03,979 INFO o.a.j.t.JMeterThread: Thread is done: Search arrivals 2-77
2026-10-07 20:44:03,979 INFO o.a.j.t.JMeterThread: Thread finished: Search arrivals 2-77
2026-10-07 20:44:03,979 INFO o.a.j.t.JMeterThread: Thread is done: POST arrivals 1-365
2026-10-07 20:44:03,979 INFO o.a.j.t.JMeterThread: Thread finished: POST arrivals 1-365
2026-10-07 20:44:06,028 INFO o.a.j.t.JMeterThread: Thread is done: POST arrivals 1-367
2026-10-07 20:44:06,028 INFO o.a.j.t.JMeterThread: Thread finished: POST arrivals 1-367
2026-10-07 20:44:08,075 INFO o.a.j.t.JMeterThread: Thread is done: POST arrivals 1-370
2026-10-07 20:44:08,075 INFO o.a.j.t.JMeterThread: Thread finished: POST arrivals 1-370
2026-10-07 20:44:08,075 INFO o.a.j.t.JMeterThread: Thread is done: POST arrivals 1-369
2026-10-07 20:44:08,075 INFO o.a.j.t.JMeterThread: Thread finished: POST arrivals 1-369
2026-10-07 20:44:10,123 INFO o.a.j.t.JMeterThread: Thread is done: POST arrivals 1-371
2026-10-07 20:44:10,123 INFO o.a.j.t.JMeterThread: Thread finished: POST arrivals 1-371
2026-10-07 20:44:12,170 INFO o.a.j.t.JMeterThread: Thread is done: Search arrivals 2-78
2026-10-07 20:44:12,170 INFO o.a.j.t.JMeterThread: Thread finished: Search arrivals 2-78
2026-10-07 20:44:12,444 INFO o.a.j.t.JMeterThread: Thread is done: POST arrivals 1-256
2026-10-07 20:44:12,444 INFO o.a.j.t.JMeterThread: Thread finished: POST arrivals 1-256
2026-10-07 20:44:14,219 INFO o.a.j.t.JMeterThread: Thread is done: POST arrivals 1-372
2026-10-07 20:44:14,219 INFO o.a.j.t.JMeterThread: Thread finished: POST arrivals 1-372
2026-10-07 20:44:16,268 INFO o.a.j.t.JMeterThread: Thread is done: POST arrivals 1-375
2026-10-07 20:44:16,268 INFO o.a.j.t.JMeterThread: Thread finished: POST arrivals 1-375
2026-10-07 20:44:16,268 INFO o.a.j.t.JMeterThread: Thread is done: POST arrivals 1-374
2026-10-07 20:44:16,268 INFO o.a.j.t.JMeterThread: Thread finished: POST arrivals 1-374
2026-10-07 20:44:16,268 INFO o.a.j.t.JMeterThread: Thread is done: POST arrivals 1-376
2026-10-07 20:44:16,269 INFO o.a.j.t.JMeterThread: Thread finished: POST arrivals 1-376
2026-10-07 20:44:17,448 INFO o.a.j.t.JMeterThread: Thread is done: POST arrivals 1-262
2026-10-07 20:44:17,448 INFO o.a.j.t.JMeterThread: Thread finished: POST arrivals 1-262
2026-10-07 20:44:19,263 INFO o.a.j.t.JMeterThread: Thread is done: Search arrivals 2-59
2026-10-07 20:44:19,263 INFO o.a.j.t.JMeterThread: Thread finished: Search arrivals 2-59
2026-10-07 20:44:20,303 INFO o.a.j.t.JMeterThread: Thread is done: Search arrivals 2-60
2026-10-07 20:44:20,303 INFO o.a.j.t.JMeterThread: Thread finished: Search arrivals 2-60
2026-10-07 20:44:20,360 INFO o.a.j.t.JMeterThread: Thread is done: POST arrivals 1-380
2026-10-07 20:44:20,361 INFO o.a.j.t.JMeterThread: Thread finished: POST arrivals 1-380
2026-10-07 20:44:22,410 INFO o.a.j.t.JMeterThread: Thread is done: POST arrivals 1-382
2026-10-07 20:44:22,410 INFO o.a.j.t.JMeterThread: Thread is done: POST arrivals 1-381
2026-10-07 20:44:22,410 INFO o.a.j.t.JMeterThread: Thread finished: POST arrivals 1-382
2026-10-07 20:44:22,410 INFO o.a.j.t.JMeterThread: Thread finished: POST arrivals 1-381
2026-10-07 20:44:26,119 INFO o.a.j.t.JMeterThread: Thread is done: POST arrivals 1-267
2026-10-07 20:44:26,119 INFO o.a.j.t.JMeterThread: Thread finished: POST arrivals 1-267
2026-10-07 20:44:27,293 INFO o.a.j.t.JMeterThread: Thread is done: POST arrivals 1-268
2026-10-07 20:44:27,293 INFO o.a.j.t.JMeterThread: Thread finished: POST arrivals 1-268
2026-10-07 20:44:27,660 INFO o.a.j.t.JMeterThread: Thread is done: POST arrivals 1-269
2026-10-07 20:44:27,660 INFO o.a.j.t.JMeterThread: Thread finished: POST arrivals 1-269
2026-10-07 20:44:28,555 INFO o.a.j.t.JMeterThread: Thread is done: POST arrivals 1-385
2026-10-07 20:44:28,556 INFO o.a.j.t.JMeterThread: Thread finished: POST arrivals 1-385
2026-10-07 20:44:30,605 INFO o.a.j.t.JMeterThread: Thread is done: POST arrivals 1-387
2026-10-07 20:44:30,605 INFO o.a.j.t.JMeterThread: Thread finished: POST arrivals 1-387
2026-10-07 20:44:30,605 INFO o.a.j.r.Summariser: summary +     29 in 00:00:29 =    1.0/s Avg: 179445 Min: 117886 Max: 300010 Err:    29 (100.00%) Active: 105 Started: 539 Finished: 434
2026-10-07 20:44:30,606 INFO o.a.j.r.Summariser: summary =    434 in 00:13:02 =    0.6/s Avg: 198119 Min:  3739 Max: 301018 Err:   314 (72.35%)
2026-10-07 20:44:30,607 INFO o.a.j.t.JMeterThread: Thread is done: POST arrivals 1-386
2026-10-07 20:44:30,607 INFO o.a.j.t.JMeterThread: Thread finished: POST arrivals 1-386
2026-10-07 20:44:30,879 INFO o.a.j.t.JMeterThread: Thread is done: POST arrivals 1-272
2026-10-07 20:44:30,879 INFO o.a.j.t.JMeterThread: Thread finished: POST arrivals 1-272
2026-10-07 20:44:32,650 INFO o.a.j.t.JMeterThread: Thread is done: POST arrivals 1-388
2026-10-07 20:44:32,650 INFO o.a.j.t.JMeterThread: Thread finished: POST arrivals 1-388
2026-10-07 20:44:33,394 INFO o.a.j.t.JMeterThread: Thread is done: POST arrivals 1-275
2026-10-07 20:44:33,394 INFO o.a.j.t.JMeterThread: Thread finished: POST arrivals 1-275
2026-10-07 20:44:34,697 INFO o.a.j.t.JMeterThread: Thread is done: POST arrivals 1-401
2026-10-07 20:44:34,697 INFO o.a.j.t.JMeterThread: Thread is done: POST arrivals 1-391
2026-10-07 20:44:34,697 INFO o.a.j.t.JMeterThread: Thread finished: POST arrivals 1-401
2026-10-07 20:44:34,697 INFO o.a.j.t.JMeterThread: Thread finished: POST arrivals 1-391
2026-10-07 20:44:40,795 INFO o.a.j.t.JMeterThread: Thread is done: Search arrivals 2-63
2026-10-07 20:44:40,795 INFO o.a.j.t.JMeterThread: Thread finished: Search arrivals 2-63
2026-10-07 20:44:40,847 INFO o.a.j.t.JMeterThread: Thread is done: Search arrivals 2-79
2026-10-07 20:44:40,847 INFO o.a.j.t.JMeterThread: Thread finished: Search arrivals 2-79
2026-10-07 20:44:40,848 INFO o.a.j.t.JMeterThread: Thread is done: POST arrivals 1-392
2026-10-07 20:44:40,848 INFO o.a.j.t.JMeterThread: Thread finished: POST arrivals 1-392
2026-10-07 20:44:40,849 INFO o.a.j.t.JMeterThread: Thread is done: POST arrivals 1-394
2026-10-07 20:44:40,849 INFO o.a.j.t.JMeterThread: Thread finished: POST arrivals 1-394
2026-10-07 20:44:40,849 INFO o.a.j.t.JMeterThread: Thread is done: POST arrivals 1-393
2026-10-07 20:44:40,849 INFO o.a.j.t.JMeterThread: Thread finished: POST arrivals 1-393
2026-10-07 20:44:43,743 INFO o.a.j.t.JMeterThread: Thread is done: POST arrivals 1-282
2026-10-07 20:44:43,743 INFO o.a.j.t.JMeterThread: Thread finished: POST arrivals 1-282
2026-10-07 20:44:44,403 INFO o.a.j.t.JMeterThread: Thread is done: POST arrivals 1-283
2026-10-07 20:44:44,403 INFO o.a.j.t.JMeterThread: Thread finished: POST arrivals 1-283
2026-10-07 20:44:44,458 INFO o.a.j.t.JMeterThread: Thread is done: POST arrivals 1-284
2026-10-07 20:44:44,458 INFO o.a.j.t.JMeterThread: Thread finished: POST arrivals 1-284
2026-10-07 20:44:44,691 INFO o.a.j.t.JMeterThread: Thread is done: Search arrivals 2-64
2026-10-07 20:44:44,691 INFO o.a.j.t.JMeterThread: Thread finished: Search arrivals 2-64
2026-10-07 20:44:49,723 INFO o.a.j.t.JMeterThread: Thread is done: POST arrivals 1-288
2026-10-07 20:44:49,723 INFO o.a.j.t.JMeterThread: Thread finished: POST arrivals 1-288
2026-10-07 20:45:01,320 INFO o.a.j.r.Summariser: summary +     17 in 00:00:31 =    0.6/s Avg: 210755 Min: 110094 Max: 300010 Err:    17 (100.00%) Active: 89 Started: 539 Finished: 450
2026-10-07 20:45:01,321 INFO o.a.j.r.Summariser: summary =    451 in 00:13:33 =    0.6/s Avg: 198595 Min:  3739 Max: 301018 Err:   331 (73.39%)
2026-10-07 20:45:01,321 INFO o.a.j.t.JMeterThread: Thread is done: POST arrivals 1-402
2026-10-07 20:45:01,321 INFO o.a.j.t.JMeterThread: Thread finished: POST arrivals 1-402
2026-10-07 20:45:02,317 INFO o.a.j.t.JMeterThread: Thread is done: POST arrivals 1-290
2026-10-07 20:45:02,317 INFO o.a.j.t.JMeterThread: Thread finished: POST arrivals 1-290
2026-10-07 20:45:03,367 INFO o.a.j.t.JMeterThread: Thread is done: POST arrivals 1-404
2026-10-07 20:45:03,367 INFO o.a.j.t.JMeterThread: Thread finished: POST arrivals 1-404
2026-10-07 20:45:08,841 INFO o.a.j.t.JMeterThread: Thread is done: POST arrivals 1-297
2026-10-07 20:45:08,842 INFO o.a.j.t.JMeterThread: Thread finished: POST arrivals 1-297
2026-10-07 20:45:09,532 INFO o.a.j.t.JMeterThread: Thread is done: POST arrivals 1-410
2026-10-07 20:45:09,532 INFO o.a.j.t.JMeterThread: Thread finished: POST arrivals 1-410
2026-10-07 20:45:09,533 INFO o.a.j.t.JMeterThread: Thread is done: POST arrivals 1-411
2026-10-07 20:45:09,533 INFO o.a.j.t.JMeterThread: Thread finished: POST arrivals 1-411
2026-10-07 20:45:11,560 INFO o.a.j.t.JMeterThread: Thread is done: POST arrivals 1-414
2026-10-07 20:45:11,560 INFO o.a.j.t.JMeterThread: Thread is done: POST arrivals 1-412
2026-10-07 20:45:11,560 INFO o.a.j.t.JMeterThread: Thread finished: POST arrivals 1-412
2026-10-07 20:45:11,560 INFO o.a.j.t.JMeterThread: Thread finished: POST arrivals 1-414
2026-10-07 20:45:13,612 INFO o.a.j.t.JMeterThread: Thread is done: POST arrivals 1-415
2026-10-07 20:45:13,612 INFO o.a.j.t.JMeterThread: Thread finished: POST arrivals 1-415
2026-10-07 20:45:13,810 INFO o.a.j.t.JMeterThread: Thread is done: POST arrivals 1-300
2026-10-07 20:45:13,810 INFO o.a.j.t.JMeterThread: Thread finished: POST arrivals 1-300
2026-10-07 20:45:14,115 INFO o.a.j.t.JMeterThread: Thread is done: POST arrivals 1-301
2026-10-07 20:45:14,115 INFO o.a.j.t.JMeterThread: Thread finished: POST arrivals 1-301
2026-10-07 20:45:15,753 INFO o.a.j.t.JMeterThread: Thread is done: POST arrivals 1-303
2026-10-07 20:45:15,754 INFO o.a.j.t.JMeterThread: Thread finished: POST arrivals 1-303
2026-10-07 20:45:17,410 INFO o.a.j.t.JMeterThread: Thread is done: POST arrivals 1-304
2026-10-07 20:45:17,410 INFO o.a.j.t.JMeterThread: Thread finished: POST arrivals 1-304
2026-10-07 20:45:17,703 INFO o.a.j.t.JMeterThread: Thread is done: POST arrivals 1-416
2026-10-07 20:45:17,703 INFO o.a.j.t.JMeterThread: Thread finished: POST arrivals 1-416
2026-10-07 20:45:19,007 INFO o.a.j.t.JMeterThread: Thread is done: Search arrivals 2-65
2026-10-07 20:45:19,008 INFO o.a.j.t.JMeterThread: Thread finished: Search arrivals 2-65
2026-10-07 20:45:19,407 INFO o.a.j.t.JMeterThread: Thread is done: POST arrivals 1-305
2026-10-07 20:45:19,407 INFO o.a.j.t.JMeterThread: Thread finished: POST arrivals 1-305
2026-10-07 20:45:19,516 INFO o.a.j.t.JMeterThread: Thread is done: POST arrivals 1-306
2026-10-07 20:45:19,516 INFO o.a.j.t.JMeterThread: Thread finished: POST arrivals 1-306
2026-10-07 20:45:19,749 INFO o.a.j.t.JMeterThread: Thread is done: Search arrivals 2-82
2026-10-07 20:45:19,751 INFO o.a.j.t.JMeterThread: Thread finished: Search arrivals 2-82
2026-10-07 20:45:19,751 INFO o.a.j.t.JMeterThread: Thread is done: POST arrivals 1-418
2026-10-07 20:45:19,752 INFO o.a.j.t.JMeterThread: Thread finished: POST arrivals 1-418
2026-10-07 20:45:20,893 INFO o.a.j.t.JMeterThread: Thread is done: POST arrivals 1-308
2026-10-07 20:45:20,893 INFO o.a.j.t.JMeterThread: Thread finished: POST arrivals 1-308
2026-10-07 20:45:25,894 INFO o.a.j.t.JMeterThread: Thread is done: Search arrivals 2-83
2026-10-07 20:45:25,894 INFO o.a.j.t.JMeterThread: Thread finished: Search arrivals 2-83
2026-10-07 20:45:25,895 INFO o.a.j.t.JMeterThread: Thread is done: POST arrivals 1-422
2026-10-07 20:45:25,895 INFO o.a.j.t.JMeterThread: Thread finished: POST arrivals 1-422
2026-10-07 20:45:25,895 INFO o.a.j.t.JMeterThread: Thread is done: POST arrivals 1-423
2026-10-07 20:45:25,895 INFO o.a.j.t.JMeterThread: Thread finished: POST arrivals 1-423
2026-10-07 20:45:27,941 INFO o.a.j.t.JMeterThread: Thread is done: POST arrivals 1-426
2026-10-07 20:45:27,941 INFO o.a.j.t.JMeterThread: Thread finished: POST arrivals 1-426
2026-10-07 20:45:27,941 INFO o.a.j.t.JMeterThread: Thread is done: POST arrivals 1-424
2026-10-07 20:45:27,941 INFO o.a.j.t.JMeterThread: Thread finished: POST arrivals 1-424
2026-10-07 20:45:27,944 INFO o.a.j.t.JMeterThread: Thread is done: Search arrivals 2-85
2026-10-07 20:45:27,944 INFO o.a.j.t.JMeterThread: Thread is done: Search arrivals 2-84
2026-10-07 20:45:27,944 INFO o.a.j.t.JMeterThread: Thread finished: Search arrivals 2-85
2026-10-07 20:45:27,944 INFO o.a.j.t.JMeterThread: Thread finished: Search arrivals 2-84
2026-10-07 20:45:27,945 INFO o.a.j.t.JMeterThread: Thread is done: POST arrivals 1-425
2026-10-07 20:45:27,957 INFO o.a.j.t.JMeterThread: Thread finished: POST arrivals 1-425
2026-10-07 20:45:28,447 INFO o.a.j.t.JMeterThread: Thread is done: Search arrivals 2-66
2026-10-07 20:45:28,447 INFO o.a.j.t.JMeterThread: Thread finished: Search arrivals 2-66
2026-10-07 20:45:29,782 INFO o.a.j.t.JMeterThread: Thread is done: POST arrivals 1-311
2026-10-07 20:45:29,782 INFO o.a.j.t.JMeterThread: Thread finished: POST arrivals 1-311
2026-10-07 20:45:32,046 INFO o.a.j.r.Summariser: summary +     30 in 00:00:31 =    1.0/s Avg: 200602 Min: 133384 Max: 300014 Err:    30 (100.00%) Active: 59 Started: 539 Finished: 480
2026-10-07 20:45:32,049 INFO o.a.j.r.Summariser: summary =    481 in 00:14:03 =    0.6/s Avg: 198721 Min:  3739 Max: 301018 Err:   361 (75.05%)
2026-10-07 20:45:32,049 INFO o.a.j.t.JMeterThread: Thread is done: POST arrivals 1-428
2026-10-07 20:45:32,049 INFO o.a.j.t.JMeterThread: Thread finished: POST arrivals 1-428
2026-10-07 20:45:34,057 INFO o.a.j.t.JMeterThread: Thread is done: Search arrivals 2-67
2026-10-07 20:45:34,057 INFO o.a.j.t.JMeterThread: Thread finished: Search arrivals 2-67
2026-10-07 20:45:35,649 INFO o.a.j.t.JMeterThread: Thread is done: POST arrivals 1-317
2026-10-07 20:45:35,649 INFO o.a.j.t.JMeterThread: Thread finished: POST arrivals 1-317
2026-10-07 20:45:39,781 INFO o.a.j.t.JMeterThread: Thread is done: POST arrivals 1-322
2026-10-07 20:45:39,781 INFO o.a.j.t.JMeterThread: Thread finished: POST arrivals 1-322
2026-10-07 20:45:41,100 INFO o.a.j.t.JMeterThread: Thread is done: POST arrivals 1-323
2026-10-07 20:45:41,100 INFO o.a.j.t.JMeterThread: Thread finished: POST arrivals 1-323
2026-10-07 20:45:42,847 INFO o.a.j.t.JMeterThread: Thread is done: POST arrivals 1-324
2026-10-07 20:45:42,847 INFO o.a.j.t.JMeterThread: Thread finished: POST arrivals 1-324
2026-10-07 20:45:43,104 INFO o.a.j.t.JMeterThread: Thread is done: Search arrivals 2-69
2026-10-07 20:45:43,104 INFO o.a.j.t.JMeterThread: Thread finished: Search arrivals 2-69
2026-10-07 20:45:43,237 INFO o.a.j.t.JMeterThread: Thread is done: POST arrivals 1-325
2026-10-07 20:45:43,237 INFO o.a.j.t.JMeterThread: Thread finished: POST arrivals 1-325
2026-10-07 20:45:45,196 INFO o.a.j.t.JMeterThread: Thread is done: POST arrivals 1-327
2026-10-07 20:45:45,196 INFO o.a.j.t.JMeterThread: Thread finished: POST arrivals 1-327
2026-10-07 20:45:47,549 INFO o.a.j.t.JMeterThread: Thread is done: Search arrivals 2-70
2026-10-07 20:45:47,550 INFO o.a.j.t.JMeterThread: Thread finished: Search arrivals 2-70
2026-10-07 20:45:52,839 INFO o.a.j.t.JMeterThread: Thread is done: POST arrivals 1-330
2026-10-07 20:45:52,839 INFO o.a.j.t.JMeterThread: Thread finished: POST arrivals 1-330
2026-10-07 20:45:52,991 INFO o.a.j.t.JMeterThread: Thread is done: POST arrivals 1-331
2026-10-07 20:45:52,991 INFO o.a.j.t.JMeterThread: Thread finished: POST arrivals 1-331
2026-10-07 20:46:03,001 INFO o.a.j.r.Summariser: summary +     12 in 00:00:31 =    0.4/s Avg: 300009 Min: 300007 Max: 300015 Err:    12 (100.00%) Active: 47 Started: 539 Finished: 492
2026-10-07 20:46:03,001 INFO o.a.j.r.Summariser: summary =    493 in 00:14:34 =    0.6/s Avg: 201186 Min:  3739 Max: 301018 Err:   373 (75.66%)
2026-10-07 20:46:03,002 INFO o.a.j.t.JMeterThread: Thread is done: POST arrivals 1-335
2026-10-07 20:46:03,002 INFO o.a.j.t.JMeterThread: Thread finished: POST arrivals 1-335
2026-10-07 20:46:07,448 INFO o.a.j.t.JMeterThread: Thread is done: POST arrivals 1-336
2026-10-07 20:46:07,448 INFO o.a.j.t.JMeterThread: Thread finished: POST arrivals 1-336
2026-10-07 20:46:18,938 INFO o.a.j.t.JMeterThread: Thread is done: POST arrivals 1-344
2026-10-07 20:46:18,938 INFO o.a.j.t.JMeterThread: Thread finished: POST arrivals 1-344
2026-10-07 20:46:19,920 INFO o.a.j.t.JMeterThread: Thread is done: POST arrivals 1-345
2026-10-07 20:46:19,920 INFO o.a.j.t.JMeterThread: Thread finished: POST arrivals 1-345
2026-10-07 20:46:26,144 INFO o.a.j.t.JMeterThread: Thread is done: POST arrivals 1-349
2026-10-07 20:46:26,144 INFO o.a.j.t.JMeterThread: Thread finished: POST arrivals 1-349
2026-10-07 20:46:30,050 INFO o.a.j.r.Summariser: summary +      5 in 00:00:27 =    0.2/s Avg: 300008 Min: 300005 Max: 300014 Err:     5 (100.00%) Active: 42 Started: 539 Finished: 497
2026-10-07 20:46:30,053 INFO o.a.j.r.Summariser: summary =    498 in 00:15:01 =    0.6/s Avg: 202178 Min:  3739 Max: 301018 Err:   378 (75.90%)
2026-10-07 20:46:30,054 INFO o.a.j.t.JMeterThread: Thread is done: Search arrivals 2-73
2026-10-07 20:46:30,054 INFO o.a.j.t.JMeterThread: Thread finished: Search arrivals 2-73
2026-10-07 20:46:31,027 INFO o.a.j.t.JMeterThread: Thread is done: POST arrivals 1-351
2026-10-07 20:46:31,027 INFO o.a.j.t.JMeterThread: Thread finished: POST arrivals 1-351
2026-10-07 20:46:40,476 INFO o.a.j.t.JMeterThread: Thread is done: Search arrivals 2-74
2026-10-07 20:46:40,476 INFO o.a.j.t.JMeterThread: Thread finished: Search arrivals 2-74
2026-10-07 20:46:46,134 INFO o.a.j.t.JMeterThread: Thread is done: POST arrivals 1-361
2026-10-07 20:46:46,134 INFO o.a.j.t.JMeterThread: Thread finished: POST arrivals 1-361
2026-10-07 20:46:47,581 INFO o.a.j.t.JMeterThread: Thread is done: POST arrivals 1-362
2026-10-07 20:46:47,581 INFO o.a.j.t.JMeterThread: Thread finished: POST arrivals 1-362
2026-10-07 20:46:48,801 INFO o.a.j.t.JMeterThread: Thread is done: Search arrivals 2-75
2026-10-07 20:46:48,801 INFO o.a.j.t.JMeterThread: Thread finished: Search arrivals 2-75
2026-10-07 20:46:49,115 INFO o.a.j.t.JMeterThread: Thread is done: POST arrivals 1-366
2026-10-07 20:46:49,115 INFO o.a.j.t.JMeterThread: Thread finished: POST arrivals 1-366
2026-10-07 20:46:51,499 INFO o.a.j.t.JMeterThread: Thread is done: POST arrivals 1-368
2026-10-07 20:46:51,499 INFO o.a.j.t.JMeterThread: Thread finished: POST arrivals 1-368
2026-10-07 20:47:00,911 INFO o.a.j.r.Summariser: summary +      8 in 00:00:31 =    0.3/s Avg: 300008 Min: 300005 Max: 300016 Err:     8 (100.00%) Active: 34 Started: 539 Finished: 505
2026-10-07 20:47:00,912 INFO o.a.j.r.Summariser: summary =    506 in 00:15:32 =    0.5/s Avg: 203725 Min:  3739 Max: 301018 Err:   386 (76.28%)
2026-10-07 20:47:00,913 INFO o.a.j.t.JMeterThread: Thread is done: POST arrivals 1-373
2026-10-07 20:47:00,913 INFO o.a.j.t.JMeterThread: Thread finished: POST arrivals 1-373
2026-10-07 20:47:01,703 INFO o.a.j.t.JMeterThread: Thread is done: Stats arrivals 3-20
2026-10-07 20:47:01,703 INFO o.a.j.t.JMeterThread: Thread finished: Stats arrivals 3-20
2026-10-07 20:47:05,378 INFO o.a.j.t.JMeterThread: Thread is done: POST arrivals 1-378
2026-10-07 20:47:05,378 INFO o.a.j.t.JMeterThread: Thread finished: POST arrivals 1-378
2026-10-07 20:47:05,537 INFO o.a.j.t.JMeterThread: Thread is done: POST arrivals 1-379
2026-10-07 20:47:05,538 INFO o.a.j.t.JMeterThread: Thread finished: POST arrivals 1-379
2026-10-07 20:47:10,642 INFO o.a.j.t.JMeterThread: Thread is done: POST arrivals 1-383
2026-10-07 20:47:10,642 INFO o.a.j.t.JMeterThread: Thread finished: POST arrivals 1-383
2026-10-07 20:47:11,797 INFO o.a.j.t.JMeterThread: Thread is done: POST arrivals 1-384
2026-10-07 20:47:11,797 INFO o.a.j.t.JMeterThread: Thread finished: POST arrivals 1-384
2026-10-07 20:47:19,247 INFO o.a.j.t.JMeterThread: Thread is done: POST arrivals 1-389
2026-10-07 20:47:19,247 INFO o.a.j.t.JMeterThread: Thread finished: POST arrivals 1-389
2026-10-07 20:47:21,075 INFO o.a.j.t.JMeterThread: Thread is done: POST arrivals 1-390
2026-10-07 20:47:21,076 INFO o.a.j.t.JMeterThread: Thread finished: POST arrivals 1-390
2026-10-07 20:47:25,885 INFO o.a.j.t.JMeterThread: Thread is done: Stats arrivals 3-21
2026-10-07 20:47:25,886 INFO o.a.j.t.JMeterThread: Thread finished: Stats arrivals 3-21
2026-10-07 20:47:29,383 INFO o.a.j.t.JMeterThread: Thread is done: Search arrivals 2-80
2026-10-07 20:47:29,384 INFO o.a.j.t.JMeterThread: Thread finished: Search arrivals 2-80
2026-10-07 20:47:30,402 INFO o.a.j.r.Summariser: summary +     10 in 00:00:29 =    0.3/s Avg: 300007 Min: 300006 Max: 300013 Err:    10 (100.00%) Active: 24 Started: 539 Finished: 515
2026-10-07 20:47:30,402 INFO o.a.j.r.Summariser: summary =    516 in 00:16:02 =    0.5/s Avg: 205591 Min:  3739 Max: 301018 Err:   396 (76.74%)
2026-10-07 20:47:30,402 INFO o.a.j.t.JMeterThread: Thread is done: POST arrivals 1-395
2026-10-07 20:47:30,402 INFO o.a.j.t.JMeterThread: Thread finished: POST arrivals 1-395
2026-10-07 20:47:31,940 INFO o.a.j.t.JMeterThread: Thread is done: POST arrivals 1-396
2026-10-07 20:47:31,940 INFO o.a.j.t.JMeterThread: Thread finished: POST arrivals 1-396
2026-10-07 20:47:34,665 INFO o.a.j.t.JMeterThread: Thread is done: POST arrivals 1-397
2026-10-07 20:47:34,665 INFO o.a.j.t.JMeterThread: Thread finished: POST arrivals 1-397
2026-10-07 20:47:35,060 INFO o.a.j.t.JMeterThread: Thread is done: POST arrivals 1-398
2026-10-07 20:47:35,061 INFO o.a.j.t.JMeterThread: Thread finished: POST arrivals 1-398
2026-10-07 20:47:36,360 INFO o.a.j.t.JMeterThread: Thread is done: POST arrivals 1-399
2026-10-07 20:47:36,360 INFO o.a.j.t.JMeterThread: Thread finished: POST arrivals 1-399
2026-10-07 20:47:43,429 INFO o.a.j.t.JMeterThread: Thread is done: POST arrivals 1-400
2026-10-07 20:47:43,429 INFO o.a.j.t.JMeterThread: Thread finished: POST arrivals 1-400
2026-10-07 20:47:47,600 INFO o.a.j.t.JMeterThread: Thread is done: POST arrivals 1-403
2026-10-07 20:47:47,600 INFO o.a.j.t.JMeterThread: Thread finished: POST arrivals 1-403
2026-10-07 20:47:50,344 INFO o.a.j.t.JMeterThread: Thread is done: Search arrivals 2-81
2026-10-07 20:47:50,345 INFO o.a.j.t.JMeterThread: Thread finished: Search arrivals 2-81
2026-10-07 20:47:51,069 INFO o.a.j.t.JMeterThread: Thread is done: POST arrivals 1-405
2026-10-07 20:47:51,069 INFO o.a.j.t.JMeterThread: Thread finished: POST arrivals 1-405
2026-10-07 20:47:51,173 INFO o.a.j.t.JMeterThread: Thread is done: POST arrivals 1-406
2026-10-07 20:47:51,173 INFO o.a.j.t.JMeterThread: Thread finished: POST arrivals 1-406
2026-10-07 20:47:51,996 INFO o.a.j.t.JMeterThread: Thread is done: POST arrivals 1-407
2026-10-07 20:47:51,996 INFO o.a.j.t.JMeterThread: Thread finished: POST arrivals 1-407
2026-10-07 20:47:53,471 INFO o.a.j.t.JMeterThread: Thread is done: POST arrivals 1-408
2026-10-07 20:47:53,471 INFO o.a.j.t.JMeterThread: Thread finished: POST arrivals 1-408
2026-10-07 20:47:54,150 INFO o.a.j.t.JMeterThread: Thread is done: POST arrivals 1-409
2026-10-07 20:47:54,150 INFO o.a.j.t.JMeterThread: Thread finished: POST arrivals 1-409
2026-10-07 20:47:56,738 INFO o.a.j.t.JMeterThread: Thread is done: POST arrivals 1-413
2026-10-07 20:47:56,738 INFO o.a.j.t.JMeterThread: Thread finished: POST arrivals 1-413
2026-10-07 20:48:05,367 INFO o.a.j.r.Summariser: summary +     14 in 00:00:35 =    0.4/s Avg: 300011 Min: 300008 Max: 300018 Err:    14 (100.00%) Active: 10 Started: 539 Finished: 529
2026-10-07 20:48:05,367 INFO o.a.j.r.Summariser: summary =    530 in 00:16:37 =    0.5/s Avg: 208085 Min:  3739 Max: 301018 Err:   410 (77.36%)
2026-10-07 20:48:05,367 INFO o.a.j.t.JMeterThread: Thread is done: POST arrivals 1-417
2026-10-07 20:48:05,367 INFO o.a.j.t.JMeterThread: Thread finished: POST arrivals 1-417
2026-10-07 20:48:08,590 INFO o.a.j.t.JMeterThread: Thread is done: POST arrivals 1-420
2026-10-07 20:48:08,591 INFO o.a.j.t.JMeterThread: Thread finished: POST arrivals 1-420
2026-10-07 20:48:08,917 INFO o.a.j.t.JMeterThread: Thread is done: POST arrivals 1-419
2026-10-07 20:48:08,917 INFO o.a.j.t.JMeterThread: Thread finished: POST arrivals 1-419
2026-10-07 20:48:10,010 INFO o.a.j.t.JMeterThread: Thread is done: POST arrivals 1-421
2026-10-07 20:48:10,010 INFO o.a.j.t.JMeterThread: Thread finished: POST arrivals 1-421
2026-10-07 20:48:16,649 INFO o.a.j.t.JMeterThread: Thread is done: POST arrivals 1-427
2026-10-07 20:48:16,650 INFO o.a.j.t.JMeterThread: Thread finished: POST arrivals 1-427
2026-10-07 20:48:19,533 INFO o.a.j.t.JMeterThread: Thread is done: POST arrivals 1-429
2026-10-07 20:48:19,533 INFO o.a.j.t.JMeterThread: Thread finished: POST arrivals 1-429
2026-10-07 20:48:21,205 INFO o.a.j.t.JMeterThread: Thread is done: Search arrivals 2-86
2026-10-07 20:48:21,205 INFO o.a.j.t.JMeterThread: Thread finished: Search arrivals 2-86
2026-10-07 20:48:24,060 INFO o.a.j.t.JMeterThread: Thread is done: POST arrivals 1-430
2026-10-07 20:48:24,060 INFO o.a.j.t.JMeterThread: Thread finished: POST arrivals 1-430
2026-10-07 20:48:25,212 INFO o.a.j.t.JMeterThread: Thread is done: POST arrivals 1-431
2026-10-07 20:48:25,212 INFO o.a.j.t.JMeterThread: Thread finished: POST arrivals 1-431
2026-10-07 20:48:25,540 INFO o.a.j.t.JMeterThread: Thread is done: POST arrivals 1-432
2026-10-07 20:48:25,540 INFO o.a.j.t.JMeterThread: Thread finished: POST arrivals 1-432
2026-10-07 20:49:28,359 INFO o.a.j.t.o.OpenModelThreadGroup: There will be no more events, will shutdown the thread pool
2026-10-07 20:49:28,359 INFO o.a.j.t.o.OpenModelThreadGroup: There will be no more events, will shutdown the thread pool
2026-10-07 20:49:28,360 INFO o.a.j.t.o.OpenModelThreadGroup: Thread starting done
2026-10-07 20:49:28,360 INFO o.a.j.t.o.OpenModelThreadGroup: Thread starting done
2026-10-07 20:49:28,361 INFO o.a.j.t.o.OpenModelThreadGroup: There will be no more events, will shutdown the thread pool
2026-10-07 20:49:28,361 INFO o.a.j.t.o.OpenModelThreadGroup: Thread starting done
2026-10-07 20:49:28,361 INFO o.a.j.e.StandardJMeterEngine: Notifying test listeners of end of test
2026-10-07 20:49:28,362 INFO o.a.j.s.FileServer: Close: data/tickets.csv
2026-10-07 20:49:28,370 INFO o.a.j.r.Summariser: summary +      9 in 00:01:23 =    0.1/s Avg: 300124 Min: 300007 Max: 301023 Err:     9 (100.00%) Active: 0 Started: 539 Finished: 539
2026-10-07 20:49:28,370 INFO o.a.j.r.Summariser: summary =    539 in 00:18:00 =    0.5/s Avg: 209622 Min:  3739 Max: 301023 Err:   419 (77.74%)
