row,narrative,label
10021,"I signed up for the Chase XXXX XXXX XXXX back in XX/XX/XXXX with the promise of perks and a {$75.00} statement credit valid for up to XXXX year from account opening for any XXXX XXXX purchases. I purchased tickets on XX/XX/XXXX for a trip in XX/XX/XXXX. I called Chase XXXX Customer Service XXXX asking about when I would receive my {$75.00} statement credit and to my surprise, I was informed I will not be receiving it because apparently, this program was changed and the benefit ended on XX/XX/XXXX. According to the customer service rep, communication for this change went out in XX/XX/XXXX. I scoured through all my emails for any information on this ( note : I do not delete emails pertaining to Chase XXXX for future reference ) but did not find any email sent in XX/XX/XXXX from Chase XXXX. So I was surprised such changes were implemented without my knowledge. I escalated this to the highest customer service point over the phone to ask for reconsideration on the {$75.00} statement credit but was told the best they can do is to escalate to the marketing team for their action. I completely find this unacceptable as a Chase and XXXX customer. So far, I have received XXXX rejections and no resolution to the problem. I have approached both Chase and XXXX XXXX for this problem but each XXXX are pointing fingers, none taking responsibility for the failure to communicate and provide statement credit as originally agreed upon.",Credit card
10041,On Several Occasions I have contacted National Credit Adjusters with regards to this old debt that they keep adding and removing from my credit report which is causing harm to my credit score. I have attempted several times to ask for debt validation since this account does not belong to me and not once have they attempted to provide any kind of documents at all. This company has more than enough complaints on them and how they harass consumers all day long. I want this untrue/non-compliant derogatory account deleted from my credit report immediately. This company should not even be in business with the number of complaints against them.,Debt collection
10043,"I sent {$200.00} USD to XXXX on XX/XX/2020 with the agreement that it would take "" 0-2 days '' for the transfer to show in the receivers bank account, The XXXX XXXX XXXX. Once the transaction is completed, I received an email stating it will be deposited "" by XX/XX/2020. '' I am now being told that the received needs to be registered with a third party bank in XXXX prior before the transaction can be completed. The third party company was never mentioned at the initial and during the transaction. The receiver does not meet all the requirements for the third party and now I am being told I can not get a refund, I will have to wait on when they get the funds back to Western Union. I also called Western Union, spoke to XXXX twice and XXXX several times which resulted ion me being disrespected, hung upon, refused a supervisor, promised a call from a supervisor within hours, transferred to a ringing number with no answer or voice mail.My email today is to let you know that Western Union breached our contracted ad did not provide full disclosure prior to taking my money. It is now XX/XX/2020 and the receiver is not in receipt of the funds. Western Union mislead me to believe the money will go to XXXX XXXX XXXX XXXX and within 2 days.",Money transfer or service
10044,"I have XXXX in loans and the repayment plans maximize your interest. I am on a payment plan and I am getting no where with them. Each time I set up a payment plan, it maximizes the interest and nothing gets paid on the principal balance. While this is happening, I am still occurring Intrest even though I am paying on it every month. It 's hard to pay something off when you keep occurring charges.",Consumer loan
10047,"Experian claims it verified 2 collection accounts reported on my credit profile, one with XXXX XXXXS and the other with XXXX XXXX XXXX XXXX. 

I sent a Method of Verification request, which they received on XX/XX/2018. By law they have 15 days to comply with my request, ot delete items from my credit profile. 

To date neither has been done.",Credit reporting
10067,"I currently have an account on my credit report from Rise Credit XXXX XXXX, which was sold to XXXX, a company affiliated with XXXX XXXX XXXX XXXX. However, XXXXXXXX XXXX XXXX XXXX is unable to provide any information regarding the delinquent account, citing an incorrect Social Security Number ( SSN ). I have reached out to XXXXXXXX XXXX XXXX XXXXXXXX via email to request clarification and to have the information removed, but I have not received a response. 

Rise Credit XXXX has also not removed the account, stating that the debt was sold to XXXX. I filed a dispute with XXXX, but they have confirmed that the debt is being reported as accurate, even though no one is able to verify my SSN. 

I am formally requesting an investigation into the actions of Rise Credit of Alabama and XXXXXXXX XXXX XXXXXXXX XXXX, with the goal of having this account and the associated debt removed from my credit report due to the discrepancies regarding my SSN.",Credit reporting
10069,I HAVE A COLLECTION ACCOUNT THAT IS APPEARING ON MY CREDIT REPORT THAT I'M NOT AWARE OF AND I THINK IT'S PART OF MY IDENTITY THEFT CASE. I WAS ADVISED TO FILE A COMPLIANT TO GET THIS ACCOUNT REMOVED FROM MY CREDIT REPORT.,Credit reporting
10073,"I have been making payments early and with additional principal payments for most of the life of the loan. I noticed that the interest was at a higher rate than my hand calculation for the amortization. New Rez charges the original amortization interest amount regardless of when the payment is made, like the old credit card companies did. So if my balance as of XXXX XXXX is XXXX, and I make a XXXX XXXX XXXX  payment of XXXX on XX/XX/XXXX, XX/XX/XXXX and XX/XX/XXXX each day they are charging a full month 's interest on each payment rather than applying the additional monies to principal. Basically, they are charging months of interest of funds they have already received.",Consumer loan
10076,"On XX/XX/XXXX Me and my wife went to Chase Bank to deposit {$20000.00} however we were told there was only {$18000.00}. We then complained to the manager for which he was supposed to call back to fix the problem which he Never did. And on XX/XX/XXXX the same incident occured again, me and my wife went to the same Chase bank to Deposit {$5000.00} but we were told only {$4500.00} was counted. I was very frustrated and angry.",Bank account or service
10078,"Im writing to express my concern with ZELLE handling of disputes, particularly in light of the recent cfpb lawsuit highlighting significant issues with the platform. Despite using Zelle numerous times and reporting discrepancies, my financial institution and Zelle failed to investigate my claims adequately. They informed me that recovering lost funds was impossible and that recovering lost funds was impossible and that tracking these transactions was unfeasible. The CFPBs findings indicate that Zelle has also allowed repeat offenders to exploit the system, leaving users vulnerable to scams. This lack of accountability and transparency is unacceptable and raises serious concerns about consumer safety.",Money transfer or service
10083,"When I reinvestigated my credit report, I realized that some of the information was erroneous. The 3 credit Bureaus are required to authenticate these accounts under Sections 609 ( a ) ( 1 ) ( A ) and 611 ( a ) ( 1 ). ( A ). It is not acceptable to treat this reporting account as unconfirmed information without producing proof within the legal time range. Sections 609 ( a ) ( 1 ) ( A ) and 611 ( a ) ( 1 ). ( A ), please investigate the unverifiable account below : XXXX XXXX XXXX XXXXXXXX Balance : {$16000.00} XXXXXXXX XXXX XXXXXXXX XXXX Balance : {$0.00}",Credit reporting
10085,"XXXX I visited the dentist. Initial consultation and XXXX XXXX taken. No other services performed. The XXXX provided me an estimated cost of services to be performed. XXXX XXXX office applied for financing for XXXX services on my behalf requesting the full amount of the estimated services to be performed {$11000.00}. XXXX Credit card company approves and disburses financing to the XXXX for the full amount of estimated services to be performed {$11000.00}. I informed the XXXX that I could not afford this expensive treatment and I would not be obtaining the services and/or keeping my appointment on XXXX. XXXX Is the day I had the appointment to begin my XXXX services but I never showed up for the appointment. XXXX XXXX office charges/bills my account for the full amount of the estimated treatment of {$11000.00} even though I did not show up for the appointment and I did not have any services performed. Note : No XXXX treatment was performed beyond XXXX XXXX on the initial visit. No impressions, lab work or dental procedures were completed. Financing was processed for services not rendered. I have made multiple attempts to correct this issue with the credit card company and the dentist with no success. Now the credit card company is assessing interest, penalties and has sent this debt to collections.",Credit card
10087,"I have tried several times to get the 3 credit bureau 's to get a bankruptcy off of my credit report, to no avail. I 've also tried to get XXXX XXXX updated on all three reports because it 's being reported incorrectly. XXXX is being reported twice as a primary and as a co-signer. I am the only signer on that loan and it was included in the bankruptcy.",Credit reporting
10094,"This complaint is regarding my case # XXXX with Navy Federal Credit Union. On XX/XX/2019, I noticed an debit in the amount of {$840.00} from my checking account. I immediately contacted NFCU, and I was advised that this was a debit from XXXX. I then advised the representative that I had not authorized XXXX to debit any funds from my account. At that time I was given a provisional credit for the same amount. On XX/XX/2019, I noticed that NFCU had once again debited that same amount of {$840.00}, that as given to me as a provisional credit from my account. I have not authorized any transactions to XXXX in the amount of {$840.00} and I am in possession of my debit card that is linked to my checking account. I am requesting that the total amount of {$840.00} be returned back to my account. I am a single parent and to have unauthorized transactions debited from my account is fraudulent. I have paid my cellular phone bills to XXXX with my NFCU checking account when I was a customer of theirs, however, I am a customer with XXXX XXXX XXXX now and has been for 6 months. XXXX has obviously and without my consent used my previous payment information to withdraw the {$840.00} from my account. That is not fair and it's criminal. I did not even know that a company is allowed to keep your payment information on their files and use it at their convenience. If XXXX has a problem with me owing them money, then there are collection procedures and even court that can be utilized, but they should not be able to take money from my account without my authorization or knowledge. Please help me get this issue resolved because NFCU has not resolved this issue fairly.",Bank account or service
10095,"Consumer Name : XXXX XXXX XXXX Social Security Number : ( Private SSN ) Consumer Date of Birth : ( Private DOB ) This CFPB complaint has been filed to request, pursuant to FCRA 605B ( 15 U.S.C. 1681c-2 ), that you, the Transunion to block information appearing on my consumer credit report that is the result of identity theft and fraud within 4 business days of receiving this complaint.

The fraudulent, inaccurate, and false information includes the following : A wireless account opened at XXXX XXXX on XXXX XXXX 2023 under the account number ( private ).

A utility account opened at XXXX XXXX opened on XXXX XXXX2023 under the account number ( private ). 

These accounts have resulted in several fraudulent hard inquiries and collections on my consumer FICO credit report. I have attached a list of the hard inquiries and a copy of the consumer FICO credit report maintained by you, which shows these fraudulent items. 
I do not recognize these accounts, collections, or hard inquiries as reported. 

The accounts, collections, and inquiries appearing on my credit report were not opened, made, or authorized by me. All of these items are the result of identity theft and fraud. 
I have also attached a copy of the FTC Identity Theft Criminal Complaint # ( private case number ) as proof from the U.S. Federal Trade Commission that these items are the result of identity theft and fraud.",Credit reporting
10097,"CCS COLLECTIONS XXXX XXXX XXXX XXXX, MA XXXX TO WHOM IT MAY CONCERN IN REFERENCE TO THIS ACCOUNT LISTED BELOW : 1. This account is reporting false information number of terms do not match the balance is incorrect and I never signed anything with credit collection services saying I would pay them CREDIT COLLECTION SERV Account Number : XXXX I demand this account be deleted from my credit report because its reporting inaccurate I WILL PAY ANY FINANCIAL OBLIGATION WHICH I MIGHT LAWFULLY OWE, ON THE CONDITION THAT THEY PROVIDE ME WITH : 1. I NEED THE FOLLOWING VALIDATION OF THE DEBT - THAT IS THE ACTUAL ACCOUNTING 2. VERIFICATION OF THEIR CLAIM AGAINST ME ; THIS IS A SIGNED INVOICE.

3. A COPY OF THE CONTRACT BINDING BOTH PARTIES ( ME AND THEM ), IN A LETTER BY CERTIFIED MAIL SO THAT THERE IS AN INDEPENDENT "" WITNESS TO IT HAVEING BEEN DELIVERED.

PLEASE SEND ME THE TRACKING NUMBER AS WELL.

FUTHERMORE I WILL ALSO NEED : 1. FULL DISCLOSURE I WAS NOT TOLD THAT YOU WERE ACTUALLY CREATING THE CREDIT WITH MY WET INK SIGNATURE 2. EQUAL CONSIDERATION THEY BROUGHT NOTHING OF VALUE TO THE TABLE AND HAS NOTHING TO LOSE 3. LAWFUL TERMS AND CONDITIONS BECAUSE YOURS WERE BASED ON FRAUD 4. THE WET INK SIGNATURES OF BOTH PARTIES I AM WRITING TO INFORM YOU THAT IM NOT IN DISPUTE WITH ANYTHING BUT I DEMAND THE FOLLOWING LISTED ABOVE BE PROVIDED IN ORDER FOR ME TO BE ABLE TO MAKE PAYMENT.

PLEASE RESPOND BACK WITHIN 15 DAYS OF THIS CERTIFIED LETTER.

IF YOU DO NOT RESPOND I WILL CONSIDER THE DEBT TO BE FULLY DISCHARGED AND I WILL NEED IT IN WRITING SINCE YOU DID NOT RESPOND BY THE STATED ABOVE TERMS TO PROVIDE THE NECCESSARY EVIDENCE OF A LAWFUL DEBT WITHIN THE REASONABLE PERIOD OF TIME PROVIDE, I WILL CONSIDER THE DEBT IS FULLY DISCHARDED.

WITHOUT PREJUDICE UCC1-308",Credit reporting
10098,"I took out a loan for XXXX school that I believe was XXXX. It is now $ XXXX since it took be a bit to find a job, then my first job paid me $ XXXX a year. I am on a PAYE plan, for lowest possible payment, as I am married with a child. My loan increases because of my absurd interest rate ( 6.55 to 7.5 ). By the time I am forgiven for my loan based upon my plan ( 25 years ) I will have paid more than I took out. Then, I will get taxed as income the forgiveness, essentially resulting in me paying off my loans for the rest of my life. Interest rates go down everywhere but for student loans. 

I can not file married jointly for taxes because otherwise the PAYE plan will double my payment. Therefore, I file married/separate and as a result, I can't take advantage of a childcare credit. I also get no deductions for interest payments because of a ridiculous law. 

This must stop. It is ruining my life.",Consumer loan
10101,On Thursday XX/XX/year> I made a cash deposit into one of their branches ATM of XXXX dollars cash and the ATM screen stated they can not process the transaction and could not return my money! When I called customer service they said it takes 10 business days for the dispute and would not put the money in my account until it was investigated! That is unsat and has never happened to me at any other institution and thats my rent and bill money. This is totally unsatisfactory. Do not use PNC Bank. They will take your money.,Bank account or service
10105,"It has been drawn out into the open that you are not hindering records when I sent a copy of the FTC report. Since it is a necessity by regulation 605b of the FCRA I'm sending this Complaint to assist with laying out a lawful response. In the event that you decide to not obstruct the accompanying things recorded beneath which are answering erroneously because of fraud, I will hand my archives over to my lawyer to begin a legitimate activity. It's my goal to not seek after any legitimate activity so if it's not too much trouble, comply with the law. 
XXXX XXXX XXXX XXXX Balance : {$3300.00} XXXX XXXX XXXX XXXX XXXX Balance : {$12000.00} XXXX XXXX XXXXXXXX Balance : {$11000.00} XXXX XXXX  XXXX Balance : {$6000.00}",Credit reporting
10106,"We purchased a home and opened an Ikea Projekt card through Comenity Bank to help us finance our home projects. The terms of the card state that purchases over {$500.00} qualify for a 6-month 0 % APR, purchases over {$1000.00} qualify for 12 months at 0 %, and purchases over {$2500.00} qualify for 24 months at 0 % APR. Due to the logistics of our needs, we made 4 purchases, 2 over {$2500.00} that qualified for the 24 months and 2 over {$500.00} that qualified for the 6 months 0 % APR. We are now 2 months into our repayment, and our payments, including the amount over the minimum, are being applied to the largest balances first. We have been told we are not able to designate which balance our payments are applied to, even the excess of the minimum payment, unless we make a payment that pays one of the promotional balances in its entirety. Essentially, to avoid paying interest we have to make lump sum payments in the amounts of the two smaller 6 month amounts, which is a stark contrast to the advertised intention of dividing the cost of a project over a 6 month period. Rather than applying payments to the lowest or nearest term balance, in a way that is beneficial to the consumer, Comenity is insisting their system is only able to apply payments to the highest balances first, essentially guaranteeing that we will accrue interest and not benefit from the financing as advertised. I spent an hour on the phone today, escalated the call three times, finally got a complaint filed with XXXX by XXXX, but she clearly stated that I should not anticipate a follow up from Comenity, as that is not their policy. I would like my payments, especially those above the minimum payment, applied in an equitable manner that is to my benefit as a consumer.",Credit card
10109,"I am a victim of identity theft. Several years ago my office was broken into and my wallet was stolen, as was my passport. I filed a police report with the XXXX Police Department which I have attached to this dispute. I recently attempted to establish a XXXX account but was told my XXXX account was frozen. I did an online chat and was told that because I had violated their terms of service I was banned from the XXXX service. I have never used XXXX before so I could not have violated any terms of service. I suspect someone has used the XXXX service in my name and there may be a debt or issue lingering due to this identity theft. I told XXXX about this and told them I have filed a police report but they did not want to see the police report nor would they disclose to me if an account had been opened in my name.",Money transfer or service
10111,"Hi, I started out as a Coinbase user in 2021. I purchased some bitcoin on Coinbase, that was fine. The records are there. 

Later on in 2021, I used Coinbase XXXX because the transaction fees were cheaper. I purchased bitcoin and ethereum there. ALL of the transactions are missing. I have XXXX record of the cost basis of the transactions made on Coinbase XXXX. 

Over the last few years, Coinbase XXXX and Coinbase merged. I have spent hours on the phone with a customer service representative at Coinbase, and they can not find the cost basis. 

I've tried calling again and again but have been unable to reach anyone. 

Please resolve this issue for me.",Money transfer or service
10113,"Dear Sir or Madam : The servicer for our mortgage, Ocwen Loan Servicing, LLC raised our mortgage payment {$230.00} a month beginning XX/XX/XXXX. I called Ocwen at the beginning of the month and asked why. The representative said our property taxes went up ; however, our property taxes have not increased {$230.00} a month. 

We have owned our home in XXXX XXXX county since XX/XX/XXXX. We paid {$680000.00} for the home. Our annual taxes are {$9900.00} and Ocwen has increased our escrow fees from {$790.00} to {$1000.00}, which does not add up. Paying {$1000.00} a month for property taxes equals {$12000.00} for property taxes for the year. 

According to the escrow papers sent to us by Ocwen, we have a projected cushion of {$1500.00}, yet Ocwen wants us to pay {$2900.00} or {$230.00} a month this year to our escrow account. 

We need a clear explanation for these charges. When I call Ocwen, the representatives can not explain this increase so it makes sense.",Mortgage
10114,"The loan for my loans was recently transferred to Aidvantage for servicing. 
I open an account at Aidvantage - number XXXX. 
As I live in XXXX I searched their website for details on how to send payments internationally. I could not find any. 
I have an account at XXXX XXXX XXXX XXXX ( XXXX  ) so I sent ( by registered delivery ) to : Aidvantage FSALS, XXXX XXXX XXXX, XXXX, OR XXXX - six checks for each loan ( I have 2 ) that were individually dated for XXXX, XXXX, XXXX, XXXX, XXXX and XXXX. There was a cover letter that explicitly stated "" do not present the checks before the date on the checks ''. 
As soon as they received the cheques they presented them. The majority of the checks were honoured by XXXX so all my funds were wiped and I was left with a huge overdraft. 
I emailed Aidvantage but got a long winded response that basically said we don't answer via email so phone or come in or write. 
Tried to phone, but the number to internationally call was listed incorrectly as XXXX XXXX XXXX XXXX. In actual fact to call the USA the code is XXXX then XXXX then area code and number so correct number is XXXX. Having worked this out I tried calling go through to an automatic system which did not correctly recognise my SS number or account number. It was not possible to talk to a human being. 
Can you help please. They have wiped out my account and left me with an overdraft",Consumer loan
10125,"I am writing to dispute and request an investigation into the accounts listed below that appear on my Equifax credit report. Due to recent data breaches and the potential compromise of my personal information, I believe these accounts may have been affected or reported inaccurately. 

Account Name : XX/XX/XXXXXXXX XXXX Account Number : XXXX Open Date : XX/XX/year> Balance : {$0.00} Account Name : XXXX Account Number : XXXX Open Date : XX/XX/year> Balance : {$0.00}",Credit reporting
10126,"This company is breaking the law by failing to provide proper validation details as required under 12 CFR 1006.34 ( b ) ( 5 ). Despite this, they've added a collection to your credit report.

OR This agency is infringing on your consumer rights by using misleading, false, and deceptive tactics. 
I've already tried to resolve these issues directly with them, but they continue to violate my rights. For each violation listed, I am entitled to {$1000.00}. They must either compensate me or remove these accounts immediately. 

Under the FCRA, you are legally required to investigate these disputes within 30 days. Due to the damaging and incorrect nature of these accounts, I am demanding removal within XXXX hours. Failure to comply will result in : Formal complaints filed with the CFPB, FTC, and State Attorney General Legal action for willful noncompliance with federal credit laws Damages for emotional distress and denied opportunities",Debt collection
10130,"My former mortgage lender, Chase Bank, is foreclosing on my home, even though they sold the mortgage to another bank ( XXXX XXXX XXXX ) two years ago. I receive statements from XXXX and Chase Bank has no longer any legal interest in the property.",Mortgage
10134,"Mortgage through LOANCARE We were in forbearance due to COVID, and approved for a modification as per the paperwork that was sent to us dated XX/XX/XXXX. Our new payment was to begin on XX/XX/XXXX with a modified loan amount which included the missed payments and new lower interest rate. Mailed back 2 signed and notarized copies as requested, and they were received by LOANCARE on XX/XX/XXXX. On XX/XX/XXXX there was an update in our online account that showed they documents were received. On XX/XX/XXXX there was an update to our account that stated our Mod changes were completed. THEY WERE NOT. Spoke with LOANCARE on XX/XX/XXXX to state that our account has not yet been updated even though it says our modification paperwork has been received and updated. XXXX stated to give it more time and to make my payment for XX/XX/XXXX as agreed {$1600.00}. Emails that have gone unanswered were sent XXXX, XXXX, XXXX and XX/XX/XXXX. Spoke with LOANCARE, XXXX, on XX/XX/XXXX and again was advised to give it more time, that the paperwork was in recording. Now all the information that was in our online account regarding the received documents has been removed, I do have screenshots. Meanwhile, automated calls are received daily from LOANCARE asking for us to call them back, we are being reported to credit bureaus as being late and I am no longer able to make online payments. Its almost impossible to get anyone on the phone. We are getting pre-forclosure letters from FHA and LOANCARE.",Mortgage
10138,"Navient began servicing my student loans from XXXX a few years ago. Went through a divorce, and financially struggling. Applied for deferment, but was denied. I was told a forbearance would be the ideal plan for me. Navient proceeded to add a sum substantial sum of money to the loan and the interest went up to 20 %. Did not see any of this when hitting the submit button for approval. Since then been paying back a loan and getting know where on the principal of the loan. In two years the balance has not moved. Customer Service difficult to deal with, and feel misled. Now they want me to pay {$300.00} a month starting in XXXX, when I can barley afford the $ XXXX monthly payment now.",Consumer loan
10139,"Complaint filed by XXXX XXXX XXXX, XXXX, as authorized representative of XXXX XXXX under attached assignment/authorizationagreement. 


My complaint is regarding inaccurate late payment reporting by TOYOTA MOTOR CREDIT on my credit file for account number XXXX The creditor has furnished late payment information that does not accurately reflect my payment history and appears to be incorrect or unverified. I contacted the creditor directly and formally requested a reinvestigation under the Fair Credit Reporting Act ( FCRA ), as furnishers are required under 15 U.S.C. 1681s-2 to report only accurate and fully verifiable information.",Credit reporting
10147,"I received a XXXX XXXX  from Citi about a promotion they are running. The terms were roughly as following : - open an account by XX/XX/year>, and make 2 qualifying enhanced deposits and you will get a cash bonus. 

I signed up and was approved. I also received an email confirming as such from Citi. 

I called in today to confirm that I am enrolled in this offer, but to my dismay, the representative both via chat and over the phone told me that there is no promotion offer attached to this account. 

I asked them to fix this, but they refused to rectify the situation. Bait-and-switch, this is a deceptive practice ; in other words, a scam. I would like to report this.",Bank account or service
10149,"In XXXX I used Discover to put a deposit on a vacation rental in the Florida keys for my family to stay in XXXX, the remainder was paid in cash. There were problems with the home from the start, dogs on property even though not pet friendly, construction work happening before 8am, but we tried to make the most of it. Second to last night termites were crawling in the beds and completely took over a bedroom, we contacted the host and was asked if we had to leave early or comfortable staying. No one offered to change sheets, come clean up the mess, nothing. We left early and was told a refund would be made to the card on file, it took over a week to get this response as the owner left the company without a manager in charge. From the day I left I was told the manager would call me later, but my response to the generic how was your stay email prompted the manager to not return my calls, but respond via email. I got discover involved with a dispute as the refund was not processed and I was already having trouble with the company I was unsure they would follow through with what they said. Discover now states my information, an email from the merchant stating a refund would be processed to the credit card on file and the final bill stating the money received was only from my discover card and cash was not enough information. Even though I was told two weeks ago that that is the information that was needed, and XXXX business days ago that the information provided was approved to initiate credit back to my account. It should be as simple as that, and now dealing with this over several months Discover has claimed my information is out of date, already closed, but I should follow up with the merchant that has been ignoring my calls since the day after my departure.",Credit card
10151,A Representative of XXXX continues to call & harass me over a time-barred debt with Bank of America. I have been threatened with law suit filing and have continued to advise that this debt was disposed of 15+ years ago. I have asked the representative to cease and desist yet they continue to harass me with threatening phone calls.,Debt collection
10152,"I have 3 fraudulent wire transfers on my Bank of America checking account. First, on XX/XX/XXXX for {$25000.00}, second, on XX/XX/XXXX for {$4900.00}, & third on XX/XX/XXXX for {$2000.00}. I have never done any international wire transfers from my account and this was done to a bank account in XXXX to someone I have no knowledge of. My banking details were supposedly leaked as a result of a virus on my laptop, which I have since remedied. For someone who has never done any wire transfers, for these to go through, especially these big amounts, is not normal and shouldve been flagged. Bank of America said they texted me a secure pass code which I never received. I received a call asking for my call history and the virus report which they told me Id have time to get ; they denied my claim the same day saying it was my negligence. I am a victim of fraud. I even filed a report to the XXXX  and XXXX XXXX. Bank of America also wont send me the documents or the basis behind their claim. I have already consulted an attorney, & if this isnt resolved, we will be suing. And I will take my banking business elsewhere",Money transfer or service
10155,"THIS IS NOT A DUPLICATE COMPLANT. I'm not using any third party for this matter and represent myself by myself. I'm sending this complaint because I have pulled up my credit report just recently and I noticed some hard inquiries from companies that I did not give consent to access my credit reports ; I am very concerned about all activity going on with my credit reports these days. I immediately demand the removal of these inquiries to avoid any confusion as I DID NOT initiate these inquires or give any form of consent electronically, in person, or over the phone. I am fully aware that without permissible purpose no entity is allowed to pull my credit unless otherwise noted in section 604 of the FTCRA. The hard inquiries that are being disputed, do not belong to me. My position is being clearly stated, these hard inquiries do not belong to me, meaning that you are reporting inaccurate information within my credit file. YOU are reporting the INQUIRIES that are the result of the fraudulent activities. Therefore, these inquiry must be deleted from within my credit file. Inquiries that are made by someone else without my authorization is not a factual record of access to my credit file, it is a factual record of fraudulent activity, and it must be addressed as such. The reason that this Inquiry is being disputed is because it waw not made by me, and when I report this to you, it is your responsibility to investigate my claims, and when you can not prove that this inquiry was made by me, they must be removed from my credit file. I have filed FTC report for this matter. Here are the list of these fraud items : XXXX XXXX XXXX XXXX XXXX XXXX XXXX XXXX XXXX XXXX XXXX XXXX XXXX XXXX XXXX XXXX XXXX ; Please remove these items from my report as soon as possible, I have included the copy of my SSN, driver license, proof of address and copy of FTC report.",Credit reporting
10161,"Dear Consumer Financial Protection Bureau ( CFPB ), I am writing to file a complaint regarding a financing arrangement through Synchrony Bank for a purchase made at Mattress Firm, located at XXXX XXXX XXXX XXXX XXXX XXXX XXXX XXXXXXXX. 

In XX/XX/XXXX, I purchased several mattresses totaling {$3600.00}. The salesperson recommended using a 0 % interest financing plan through Synchrony Bank. The store staff processed the financing and set up automatic payments, ensuring we would pay regularly, similar to other store credit agreements weve used in the past. 

After two years of consistent payments, we noticed a sudden and unexplained increase in our balance. Specifically : XX/XX/XXXX : {$1600.00} XX/XX/XXXX : {$1500.00} XX/XX/XXXX : {$3700.00} Upon inquiry, we were told this increase was due to "" Deferred Interest. '' However : At no point during the sale or financing arrangement were we clearly informed about deferred interest or the consequences of not paying off the balance in full by a certain date. 
Neither Mattress Firm nor Synchrony Bank warned us about this risk at any point during the process. 
To prevent further charges, we opted to pay off the remaining balance in full. However, I believe this practice is fundamentally deceptive. It feels like we have been misled and financially exploited. 

Both the vendor ( Mattress Firm ) and Synchrony Bank maintain that they are legally justified in applying these charges, but I firmly believe their practices were not transparent and took advantage of unclear or hidden terms. 

I kindly ask the CFPB to investigate this matter and ensure that companies like Synchrony Bank and Mattress Firm are held accountable for deceptive lending practices that harm consumers. 

Thank you for your time and consideration. I am happy to provide any additional documentation needed to support my claim.",Credit card
10167,"In XX/XX/XXXX I received a collections letter ; Paypal sent them the account set up in my name with my information. The fraud occurred in XX/XX/XXXX. I spoke with the collection agency and with payapl reps. Paypal would not comply with my requests, but finally I was told that there would no longer - never be - another account with my name. 
I filed with the FTC - ID Theft, following all their recommendations. One such document asked for information on the transactions they -Payapal - processed ; no reponse. 
I spoke with someone in the ID Theft center and followed his instructions. I have seen no charges to me but I would still like some information as to how this happened. This is the SECOND time my ID has been stolen/used with paypal. The first being in XXXX, when I spent much time and effort clearing the issue.",Debt collection
10170,"Ocwen Loan Servicing is planning on selling XXXX XXXX 's property at foreclosure sale on XXXX XXXX, 2017. XXXX XXXX 's loan modification review is presently in the appeal stage. It is a violation of Regulation X, 12 C.F.R. 1024.41 ( g ) for Ocwen to advance foreclosure while the appeal remains pending.",Mortgage
10174,"I hope this message finds you well. I am writing to formally address multiple concerns regarding my mortgage account, which has been managed by your company since [ date of transfer from XXXX ]. I am seeking a fair resolution to the issues I have been experiencing, which have caused significant distress and financial strain. 

XXXX. Insurance Coverage Claims : During the months of XXXX, XXXX, and XXXX XXXX, I was informed by Mr. Cooper that my insurance coverage was insufficient. However, I had active policies with XXXX different insurance agencies : American Strategic, Progressive ( Homesite ), and XXXX XXXX. Each of these policies was in place during the stated period without any lapse in coverage. The assertion that I was without insurance has led to unwarranted increases in my escrow and monthly payments. 

XXXX. Disputed Late Payments : I have been informed that there have been XXXX late payments reported on my account. I want to assert that I have not missed any payments nor have I been late. This inaccurate reporting is damaging to my credit and financial stability. 

XXXX. Unjustified Charges : I have been charged {$50.00} for send-outs related to claims of inability to contact me by phone. I would like to clarify that I have been reachable, and these charges appear to be unwarranted. 

XXXX. Forbearance and Escrow Increases : Since your company acquired my loan, my mortgage payments have increased by over {$1000.00}. Additionally, the mismanagement of my account has forced me into forbearance, which has further complicated my financial situation.",Mortgage
10180,"XXXX XXXX XXXX was added to my credit file on behave of an unsetteled debt from an old unpaid utility bill from XXXX. On XX/XX/XXXX, XXXX XXXX XXXX was paid in-full with a total payment of XXXX. The collection agency reported the payment and the account paid in full the by XX/XX/XXXX. On XXXX, Equifax reported the same account as not paid with a current balance do of XXXX. The same amount I paid a few weeks earlier. I disputed the update on XXXX, and XX/XX/XXXX and as a conclusion of there investigation has continued to report this false amount. I then contacted XXXX XXXX  XXXX and they have indicated that I do not have a balance due with them and that I have paid that balance in-full on XX/XX/XXXX and that they have submitted the change to the credit agencies on XX/XX/XXXX which is in-line with the facts since Equifax did remove the account from my report on XX/XX/XXXX. I don't know why Equifax is reporting this balance, I have even sent them proof of the payment.",Credit reporting
10187,"I received a letter of debt collection for XXXX XXXX on XX/XX//25 in the amount of {$270.00}. I have never lived at this location in my entire life. The rental company, XXXX XXXX XXXX ( XXXX ) has no record of any XXXX XXXX living at this location or any of their rental properties. This is fraudulent activity by Sequium. The representative was very rude and aggressive over the phone, insisting the debt was legitimate and belonged to me but had no proof my identity. I was told to contact the police department for proof that I never lived at that location. The police department was unable to help, as no funds have been transacted.",Debt collection
10190,"XXXX XXXX has recently sold all my consumer credit accounts with them to XXXX Acquisitions, therefore, they can not continue to furnish this accounts on my consumer credit report. I demand that all these accounts furnished by XXXX XXXX be removed immediately.",Credit reporting
10191,My name is XXXX XXXX please close me and my account account portal login out so we cant login to it no more at XXXX and email is XXXX and her name is XXXX XXXX please deactivate and fully unenroll it and delete it out the system and delete data etc.,Bank account or service
10192,"I came across financial difficulty. When I attempted to lower payments or work out an agreement navient would always push me to deferment or forbidance. They have always reported me late to the credit bureau, charged a TON of interest, and late fees. Was not willing to work with me.",Consumer loan
10197,"I noticed that I had fraudulent charges taken out of my Bank of America account. I reported it and the bank gave the money back. The first one was claim XXXX credited back on XXXX XXXX in the amount of {$1400.00} dollars. On XXXX XXXX the credit was reversed. Which put my account in the negative and incurred many overdraft fees. After I called in about it I was apologized to and told it would be back in my account after a few days. This never happened. The second call made it was discovered that my account information was used to pay an parking ticket out of town for someone named XXXX I was told. I informed the bank again I have not authorized the transaction and do not know that person. I was apologized to again and told that they would re-investigate and would return my funds shortly. I called again a few days later and was told that my email address was used and yet another investigation was necessary and again apologized and said Ill get receive my funds back shortly. I have yet to receive those funds. I was promised I would be made whole before XXXX. But my holidays were ruined. 

Claim XXXX in the amount of XXXX and XXXX were unauthorized charges made on that closed debit card. Once the card was replaced those fraudulent chargers where able to still be taken out of my account. Even with a new debit card. Credits were made replacing my money on XX/XX/XXXX and again taken back from my account XX/XX/XXXX and XX/XX/XXXX XXXX",Bank account or service
10198,"I purchased a vehicle on XX/XX/2024 through Carvana. I used third party loan processing, through my bank, XXXX. 

The loan cost included the taxes and cost of titling and registration. 

My temp tag expires in 2 days, and Carvana has yet to submit my paperwork to the state of Utah to get my taxes paid and my license plates sent to me. 

They offered a second temp tag- but said that the process will take another 45 days. The temp tag expires in 30 days. Utah only allows a single extension, and taxes must be paid, and plates mounted on the vehicle within 60 days. 

Carvana 's website says they urgently need more information from me, but will not provide what that information is. They simply say that the XXXX rejected my information, however, my local XXXX says they have not heard from Carvana.

Given Carvana 's notable history of lawsuits related to failure to issue registrations on time, I am inclined to believe they have not followed their legal obligations in this matter. 

I am the XXXX XXXX  for a XXXX XXXX, including a XXXX XXXX XXXX XXXX XXXX XXXX XXXX and my job requires the use of my vehicle. 

This is unacceptable. 

I have also submitted a complaint to the AZ Attorney General 's office regarding this manner.",Consumer loan
10201,"Applying for mortgage, was told to pay XXXX dollars for good faith ( I thought it meant if I could pay ) so I gave it to them. So after talking to them I started to Have my kitchen updated place painted. Was told after appraisal we will have mortgage. Paid for house in XXXX in full no mortgage. Now Rocket Mortgage LLC, is not giving us mortgage because kitchen is in the middle of update, they need running water and counter tops. The sink the stove sitting right there. Countertops in about 2 weeks. Now we are stuck with this. The least they can do is give me my XXXX dollars back since they didnt know that they should of told us about not remodeling. If this is the new world we live in the banks just steal our money, have called repeatedly now they tell me the money is used for the appraisal they wanted, house was paid for {$280000.00} cash, and that is what appraisal came to XXXX.",Mortgage
10203,"Since my divorce in XXXX of XXXX, I have been negotiating with my first mortgage ( Fay Servicing/ XXXX XXXX "" XXXX XXXX XXXX '' ) and my second mortgage ( XXXX XXXX XXXX XXXX XXXX ) to again accept payments from me. In mid XXXX, after 10 years and dozens of Mortgage Assistance Applications, my second mortgage ( XXXX XXXX  XXXX XXXX XXXX ) finally accepted a 2 % fixed mortgage payment of {$1200.00}. After I had made 3 payments to accept their offer, XXXX XXXX XXXX XXXX XXXX rescinded their offer because my first mortgage appeared on title 3 times. XXXX - XXXX XXXX XXXX refused to be in 4th position. Apparently the first mortgage had been transferred between departments using a Transfer of Deed. Typically a Transfer of Deed is accompanied by a Reconveyance which releases the interest in the property. These were never filed. Legally, I now owe Fay Servicing and XXXX XXXX 3 times the amount of my first mortgage because they fraudulently neglected to file the 2 reconveyances. I sent the attached letter in XXXX of XXXX. Instead of responding to the letter, Fay Servicing - XXXX XXXX attempted to foreclose on the property in XXXX of XXXX. I declared XXXX XXXX bankruptcy in order to stop the foreclosure. My son XXXX XXXX who is also on title declared XXXX XXXX bankruptcy in XXXX of XXXX to stop the foreclosure auction again.",Mortgage
10210,"Account XXXX XXXX XXXX I am unaware of the state and did not have the opportunity to dispute this account. If you believe you sent proper notification, please provide certified mail with the receipt displaying my signature. If not, please delete account XXXX as soon as possible from my report or I will have to take legal action",Credit reporting
10212,"This letter serves as a formal and urgent dispute regarding a fraudulent account appearing on my credit report. I did not authorize, apply for, or open this account. Its reporting is entirely false and damaging to my credit profile.",Credit reporting
10225,"/We were approved for a HELOC of {$85000.00} and closed on XX/XX/year>. We signed escrow instructions that indicated to have funds wired. The financial institution we got the HELOC from, SoFi, sent us paper checks without our request. A cover letter was attached to the checks stating to submit the pre-printed checks to the parties the checks were payable to along with a copy of our recent statement and to write the account number on the check to reference. I mailed the checks on XX/XX/year> via USPS. On XX/XX/year> I reviewed the accounts the checks were to be credited to and two of the 10 checks were returned. One to XXXX XXXX for % XXXX was returned for stop payment and the other to XXXX XXXX, I was told to contact the bank that issues the check and have them handle it. 

Today it is XX/XX/year> and I was told the funds of these XXXX checks would be wired to our checking account with XXXX XXXX XXXX XXXX. They have not been credited nor is there any pending credits or wired funds deposits to our account. I have make numerous phone calls and messages to Sofi and XXXX XXXX regarding this. I have been told by numerous individuals at these companies I have to contact the bank that issues the checks and have them remakde and mailed. 
On XX/XX/year>, I was cntacted by XXXX XXXX who told me he would wire the funds of these XXXX checks to me in a few hours at XXXXXXXX XXXX today XX/XX/year>. He said it would be a few hours. I checked our account and there is not a pending deposit that was wired from home. 

Sofi bank breached the contract by sending XXXX checks when we signed escrow instructions stating to have the funds wired to our account. We have the promised wired funds as of XXXXXXXX XXXX. on XX/XX/year>.",Mortgage
10227,"We, XXXX XXXX XXXX XXXX received a response from Consumer Finance providing a claim # we were requesting from Wells Fargo Bank so we could reach out as they advised they needed that specific claim # to give us an update. I reached out to Wells Fargo requesting an update, with the claim # they provided. I was first given an email : XXXX. I sent an email with the advised subject line, including the claim # and the email came back undeliverable. Its not a usable email or it is invalid or not an active email. I called back, I was given their claims department number of : XXXX from a claims rep. This was after being transferred to her from XXXX different people. I spoke to XXXX who advised after being on hold that she had to transfer me to the ACH claims department. In that dept. I spoke to a XXXX, who stated she could not pull up the information with the claim # I provided, or the account number ( listed on the affidavit of forgery paperwork ) and said that I had to go to the branch that allowed the check to be cashed. I advised that we dont know what branch it was and we are in another state and that is not a possibility. She said she couldnt help me and had to get me to customer service. She transferred me so a line that was not good, a person who didnt speak XXXX well, and said he couldnt help me because he couldnt hear me either. 
I need a way of communication with Wells Fargo. I need them to provide an update on the claim with the claim number they provided, which was XXXX. We complied with what they requested, were told that we had to contact them with the claim # and now they can not give us an update.",Bank account or service
10235,"Good afternoon, On my last statement dated XX/XX/2018, I was charged a late fee of {$20.00} because my last payment was received one day late - according to Citibank. Please note that my entire balance was only {$20.00}, which was paid in full. I paid this through my credit union bill payment service and the payment was supposed to be there on time. I don't know why Citibank did not receive the payment on the correct date. I asked Citibank for a refund and they refused. No wonder people hate big banks in America! 

XXXX XXXX",Credit card
10237,"My student loan servicer is Edfinancial. On XX/XX/2023 or 335 Days ago I made a payment on one of my student loans, specifically, I paid {$1600.00} on loan 5 or Loan E. At this time Edfinancial transitioned from one website to another website platform. The payment I made on Loan 5 or Loan E never posted on the new platform. To this day it still shows I owe that payment in addition to the interest its accrued.

I have supplied screen shots of my bank statement where the money was removed from my account. I have also provided the confirmation number that Edfinancial gave me for the payment. This loan should have been paid off in full in 2023.

I received a 60 day delinquency notice for a loan that I already paid off in full. I am not paying a penny more than i owe on these loans.

Recently i found out that Edfinancial took that money and put it on Loan 4. I never consented for that money to be placed on Loan 4. I literally call Edfinancial on a monthly basis and ask for an update all they can tell me is "" be patient '' and "" it will only take a few weeks to fix this ''.

It has nearly been a full calendar year and this problem still has not been resolved, it has only gotten worse. With inaccurate accounting and payments going to random accounts, Edfinancial is a complete nightmare to deal with.",Consumer loan
10246,"I had a credit card for a few years that had a {$75.00} annual fee. This year upon renewal, I called Bank of America to close the account to avoid paying the fee. The Customer Rep that took my call, told me that I can convert the card to a different B of A card in order to avoid paying the {$75.00} renewal fee. I agreed to change the card over and the fee never came off. I called again about one week ago as it has been about 4 weeks and the fee is still showing up on my account. The 2nd rep told me she filed an incident report or something and that my {$75.00} fee was approved to be refunded within 24 hours. It has now been about a week and the fee is still showing up on my account. I called again today XX/XX/XXXX and the supervisor XXXX ID # XXXX told me that the fee will not be refunded unless I close the account.",Credit card
10272,"I 'm a seller on XXXX. I have sold a few products with no problems. Today I sold a cell phone for XXXX dollars XXXX dollars shipping. After getting the product ready to ship I went to pay pal to confirm payment. I see that pay pal is withholding funds for no reason at all. Now I do not have access to funds in order to ship the product out. I see no reason to withhold funds after I have already made successful sales previously other than Paypal wants to keep my money for as long as possible. This amounts to theft, they have given me no reason to withhold money on this transaction other than there could be a potential problem. I have given them no reason to suspect there will be a problem. This practice needs to stop.",Money transfer or service
10276,"I recently contacted XXXX XXXX, to replace the floors in my Home. I was approved for a Loan with Wells Fargo and was told my monthly payments would be {$360.00}. The agreement was to pay on the XXXX of each Month. I signed everything and have not missed a single payment. I recently noticed a {$40.00} late fee for making a payment on the XXXX instead of the XXXX. I was honest and mentioned to the Wells Fargo Representative that I'm currently undergoing XXXX XXXX  and I requested to change my due date. Wells Fargo declined to change the due date until I pay them the {$40.00} late fee. I told them that I was not able to do so. Wells Fargo started calling to collect the "" Past Due '' amount. I told Wells Fargo at that time that I had already made a payment. The Representative told me that she was calling to collect the payment for the following Month. I asked if it was ethical to collect a payment that was not due yet. She pressed on to collect the payment which was not due yet. I politely asked Wells Fargo to cease and desist any form of communication with me. Wells Fargo has since violated my request and they continue to call to collect a bill I have already paid. Prime example ; I was due on XX/XX/XXXX. I paid {$370.00} on XX/XX/year>. On XX/XX/XXXX, Wells Fargo contacted me to collect a Payment I have already paid.Why? I think Wells Fargo is disregarding my request and is engaging in intimidating and harassing me on purpose. I signed a contract to payoff the loan in 4 years. I'm 6 months into my 48 months. I need the bullying to stop once and for all.",Debt collection
10298,"Credit company Synchrony decreased my credit limit purely based on my credit score factor, not from the standing point of my credit with the bank or the usage. This not only hurt my credit score directly, but also forced other banks to limit my available credit because Synchrony decided to lower my credit limit from XXXX USD to XXXX USD. This also makes this account impossible to use.",Credit card
10300,"I am a victim of XXXX. The information listed below, which appears on my credit report, is the result of XXXX. 

Capital One Auto Loan ACCOUNT Please block this information from my credit report within four business days, pursuant to section 605C of the Fair Credit Reporting Act Please send me notification of the actions taken. I appreciate your prompt attention to this matter.",Credit reporting
10304,"I am filing a complaint against Cash App ( Block , INC ) due to an adequate customer service and unfair practices, which violate the Consumer Financial Protection Act. Specifically cash app failed to take timely and effective measures to prevent an address fraud on their platform, leaving my account vulnerable and unprotected. Furthermore, their dispute resolution process was unfair and deceptive as they did not comply with error resolution requirements under the Electric Fund Transfer Act ( EFTA ) and Regulation E. These actions have caused significant inconvenience and financial loss, and I seek appropriate redress for these violations.",Money transfer or service
10317,"I have been disputing a Chapter XXXX Bankruptcy with LexisNexis since XX/XX/18 and have sent multiple letters asking for verification. LexisNexis ' last response that they once again claimed the bankruptcy was verified I requested, per FCRA 611 ( 15 U.S.C. 1681I ), that they provide me with a description of the procedure used to determine the accuracy and completeness of the disputed information. I informed them that FCRA Section 611 ( a ) ( 2 ) requires them to contact the furnisher of the information and to provide me with the name, address, and telephone number of each federal bankruptcy court clerk contacted regarding this alleged bankruptcy ; who they referred this dispute to ; and who responded back with the required verification. As I said, I provided them with a letter from the US Bankruptcy Court in XXXX, NY which clearly stated that they do not provide any information to the credit bureaus. Furthermore, PLEASE NOTE : Bankruptcy Rule 9037 which states that "" personal identification information defined as individuals Social Security and taxpayer identification numbers, names of minor children, last four digits of financial account numbers, and dates of birth, be redacted from documents filed with the court. '' Therefore, LexisNexis ' claim that their subscription to PACER was used to obtain verification is not only a violation of FCRA Section 611 ( a ) ( 2 ) which requires you to notify the party who furnished the disputed information, ( XXXX XXXX XXXX ) is also in violation of Section 5 ( a ) of the Federal Trade Commission Act ( FTC Act ) ( 15 USC 45 ) which prohibits unfair or deceptive acts or practices '' by purposely reporting information that they have assumed is verifiable based off circumstance. 

I also addressed TWO letters to their CEO, XXXX XXXX which went unanswered, therefore, he is aware of what his company is doing. There have been Class Action Lawsuits regarding this very practice and in all likelihood there will be more.",Credit reporting
10321,"In XXXX of XXXX, my wife and I were pre-qualified by Wells Fargo Mortgage to purchase a home in the amount of XXXX. We placed an offer on a new construction home which had been on the market for 6 months. During the negotiations, we asked the builder to throw in a fence and we would offer XXXX. The builder ( XXXX XXXX in XXXX Alabama ) said he would put the fence up, however, my wife and I would have to pay XXXX ( above our Ernest money ) which would come back to us in closing. However, if we BACKED out of the loan ( this is key ) we would NOT get our money back. Three days before closing, Wells Fargo called us and told us they could not write the loan. When we contacted the builder ( as we DID NOT back out, the bank messed this up ) they said they would give us only till XXXX XXXX XXXX to purchase a home from them and they would apply the XXXX to that home. Who would want to purchase a home from a shady place like that knowing we had nothing to do with what happened? So, we called Wells Fargo for replacement of the XXXX they told us in not so many words, it was our loss even though we were completely mis-lead from the prequalified letter to the whole work up to closing. 
My wife and I are both XXXX 's. When we applied for the loan we were both XXXX XXXX with XXXX XXXX and told our mortgage officer XXXX XXXX in XXXX Alabama that we were leaving the XXXX XXXX and coming back home permanently. She was fully aware and we got taken for XXXX and Wells Fargo refused to make it right. 
Please help! I was unaware of the CFPB till seeing a report on a Sunday Morning program today! 

Please contact me if more information needed. 

We spoke with a man at Wells Fargo in their consumer division named XXXX XXXX ( XXXX ) XXXX XXXX XXXX Wells Fargo XXXX XXXX ( XXXX ) XXXX Office ( XXXX ) XXXX Cell",Mortgage
10323,"I have a problem with a identity data breach, Involving tax identity fraud on my name XXXX XXXX XXXX. As well as my social, medical identity, social security card. 
Im trying to open a business checking account with XXXX  XXXX XXXX. However, the bank representative says my social security number is involved with someone in th military. also, my wallet was stolen and covid 19 is going on so I had to make new wallets and my credit is now messed up due to someone doing fraud please email me to assist thanks. 
The reporting agency named XXXX XXXX XXXX  who governs the XXXX  XXXX XXXX and reports to them have stated that the report is now clear and Im able to access the account, however, the bank is still unable to open my XXXX  XXXX XXXX checking or business account! Please help thanks",Bank account or service
10327,"On XX/XX/2021 I received a money order from one of my tenants for {$960.00} which I deposited in my bank account. On XXXX XXXX my bank said there was a stop payments on the money order. I called Western Union and they said you can only stop payment on a money order with a written notice mailed to Western Union. You can not do it by phone.

I would like you to check with Western Union to see what you can find out about this money order. I don't see how anything could have been done by mail within 2 days.

Western Union tells me it could take up to 15 days,, XXXX",Money transfer or service
10329,The loan company and the used dealer the people I got my vehicle from sold me a bad car the motor went out and it had other problems like oil leaks and a lot more thing wrong with the car I brought from them,Consumer loan
10336,"I applied for a Citi XXXX AAdvantage XXXX XXXX credit card through the XXXX XXXX booking page on XX/XX/year> at approximately XXXX XXXX. because I was offered up to a {$200.00} statement credit on XXXX XXXX purchases and XXXX AAdvantage bonus miles after meeting a spending requirement. The booking flow did not clearly disclose that I was ineligible for this promotion because I had previously received a newaccount bonus on the same Citi / AAdvantage XXXX XXXX card within the last 48 months. The exclusion was only buried in detailed Offer Availability terms, which I saw after applying. In Citis secure messages, a representative first told me I would surely receive all those benefits, then later reversed course and stated there was no way to change the terms and that I can not receive either the bonus miles or the statement credit under the XXXX rule. As a result, I now have an unnecessary new account and hard inquiry that I would not have incurred if eligibility had been clearly disclosed and if Citi had not provided conflicting written assurances.",Credit card
10340,"PayPal was offering a XXXX % cash back offer through their app for XXXX. 

I completed this order, and now paypal is refusing to honor the offer without even providing any sort of real reason. 

Transaction ID : XXXX Invoice ID : XXXX There's nothing really more to say. There's nothing unscrupulous going on here. 

Social media is filled with paypal honoring VERY few of these requests. 

XXXX XXXX XXXX People are giving up because they're unwilling to fight with paypal. This is NOT acceptable.",Money transfer or service
10347,"We are trying to get a payoff demand on behalf of a dead seller 's wife. The court has ordered the wife to be the owner of this property. I have provided a copy of the authorization signed by the wife, a copy of the Death Cert and a copy of the Court Docs to Bank of America. ( All attached ) BAC is absolutely refusing to provide a payoff demand. 


*****This property has equity. We have a buyer who has been waiting to close escrow. This is NOT a short sale and BANK OF AMERICA WILL BE GETTING A *FULL* PAYOFF. 

XXXX Bank of America is DEFRAUDING THIS ELDERLY WOMAN OUT OF THE EQUITY OF HER OWN HOME!!!!!!!!!!!!!!!!!!!!!!!!!!!!!!!!!!",Mortgage
10349,"I have continually made overpayments towards my vehicle loan in an effort to reduce the principle amount and, in turn, reduce the amount of interest being paid towards my loan. I contacted FIFSG ( First Investors Financial ) when I noticed all of my overpayments were being split between principle and interest. I contacted FIFSG the first time via telephone and was advised this would be corrected. When my payment was made in XXXX 2015, I reviewed my account and noticed the first request and resolution had not been honored and my overpayment again was split between principle and interest. I sent an email and received a response to allow XXXX hours for my request to be processed and the change to occur. After making my XXXX 2015 payment, I again noticed no action had been taken to correct the payment allocation on the overpayments and my XXXX payment had, again, followed the same pattern. When I contacted FIFSG on XXXX/XXXX/2015, I spoke with a gentleman who identified himself as XXXX XXXX, a Team Lead. I explained my reason for calling, how I contacted the company twice before and no changes had been made. XXXX XXXX then tried to tell me how my interest was being calculated on a per diem basis and why the amount of the per diem interest was being calculated and I have a simple interest loan. I explained to XXXX XXXX my request was to have the overpayments applied to the principle and the interest remediated, I was advised both verbally and in writing this would be done and my account still shows no changes. XXXX XXXX continued to explain to me how interest worked and I advised I was well aware of how Finance worked considering this is my career field. I then advised I was going to file with the CFPB if this did not get changed. XXXX XXXX continued to argue with me and I ended the phone call with the statement of filing with the CFPB to step in and help.",Consumer loan
10351,"I am writing to formally expressed my concerns regarding Zelles handling of disputes, particularly in light of the recent CFPB lawsuit highlighting significant issues with the platform. despite using Zelle numerous times and reporting discrepancies my financial institution and Zelle failed to investigate my claims adequately. They informed me that recovering l lost funds was impossible and that tracking the transactions was unfeasible. The CFPBs findings indicate that Zelle not only neglected to protect consumers but has also allowed repeat offenders to exploit the system, leaving users vulnerable to scams. The lack of accountability and transparency is unacceptable and raises serious concerns about consumer safety.",Money transfer or service
10358,"XXXX XXXX has a XXXX XXXX option for applying for loans. Applied for loan thinking it was guaranteed and was ultimately denied the loan. This effected my credit score and I lost time dealing with the loan company One Main Financial. If I thought I would be disapproved I never would have applied. Applied for loan XXXX XXXX XXXX XXXXXX/XX/year> Denied for loan XXXX XXXX XXXXXX/XX/year> Also when in process of said lending One Main Financial XXXX XXXX XXXX stated "" they are not affiliated with XXXX XXXX '' I applied through credit karma so therefore One Main Financial has to affiliate with XXXX XXXX in some entity.",Consumer loan
10359,"Subject : Disputing Inaccurate Late Payment Reporting on Paid Auto Lease VW CREDIT Account # XXXX Complaint : To Whom It May Concern, I am submitting this formal complaint regarding inaccurate and unlawful reporting of a late payment on my auto lease account with VW CREDIT, account number XXXX. This account was opened on XX/XX/XXXX, is now closed and fully paid with a {$0.00} balance, and is being inaccurately reported by XXXX major credit reporting agencies. 

Specifically, a late payment mark for XX/XX/XXXX appears on my credit reports from XXXX ( XXXX ) and XXXX ( TU ). However, XXXX ( XXXX ) does not report any delinquency, clearly suggesting a discrepancy or technical error in the furnishing of information. 

I unequivocally affirm that : I have never made a late payment on this account. 
I possess documented evidence, including billing statements and payment confirmations, verifying timely payments throughout the lease term. 
The account was paid in full and closed in good standing, and should reflect a positive payment history. 
Here are the details of this Auto Lease account of mine with the late payments : VW CREDIT Account # : XXXX XXXX Account Type : Installment Account Type - Detail : Auto Lease Bureau Code : Joint Account Status : Closed/Paid Date Opened : XX/XX/XXXX Balance : {$0.00} Late payment marks on XX/XX/XXXX on XXXX and XXXX only! ( no XXXX! ) Also : This reporting violates my rights under the Fair Credit Reporting Act ( FCRA ), XXXX XXXX. XXXX et seq., particularly : XXXX ( a ) Furnishers of information must not report inaccurate or incomplete information. 

XXXX ( b ) Upon receiving notice of a dispute, furnishers are required to conduct a reasonable investigation and correct any inaccuracies. 

Furthermore, continued reporting of inaccurate derogatory information may constitute willful noncompliance under 1681n, and negligent noncompliance under 1681o, which are subject to damages and penalties.",Credit reporting
10362,I recently reviewed my annual credit report and was surprised to see a late payment show history. I have a perfect record of paying on time. I would like to remain a active customer of XXXX XXXX and will be happy to do so as soon as we get this matter cleared up. I refer friends and family to you all the time for your services. I kindly ask for this erroneous late payment to be deleted from my credit report.,Credit reporting
10364,"On Tuesday, XXXX XXXX I called this debt collection company that goes by the name of XXXX XXXX XXXX to ask why I got letter saying they were going to sue me. They were demanding a debt more than what I owe and trying to get me to pay more than what I could afford to pay for. The full amount they wanted me to pay was {$1700.00} nothing I 've ever spent. Then they tried to get me to pay XXXX or XXXX. Then XXXX. This was all discussed over the phone number they provided on the letter they mailed to me. I think this was the first letter they 've ever sent me. I do n't remember them ever contacting me although on this letter they claim to have made several attempts.",Debt collection
10377,"i see on my credit report new collection account from MIDLAND CREDIT MANAGEMENT, AMOUNT OF {$7100.00} AND A CALL THE COMPANY TO GET ANY INFORMATION, THE COMPANY SAY ITS XXXX XXXX  XXXX  XXXX  OPENED IN MY NAME, I TOLD HIM THAT BOT MY ACCOUNT AND SOMEONE USE MY PERSONAL INFORMATION SUCH XXXX XXXX, NAME AND XXXX FOR OPEN FRAUDULENT ACCOUNT, USE IT AND NOT PAY! WITH DIFFERENT ADDRESS PHONE NUMBER AND EMAIL ADDRESS, THAT ACCOUNT NOT MY AND I NOT DISPOSABLE FOR THIS DEBT!",Credit reporting
10381,"On XX/XX/year>, I initiated an outgoing electronic transfer from my Ally Bank Savings Account, to an external bank account that Ally had previously verified. This transfer was for {$50000.00}. The nature of the transfer was a personal loan. The same day, Ally flagged the transfer as possibly fraudulent, and restricted all access that I have to my account. I called Ally XXXX times to resolve the issue before them telling me on XX/XX/year> that their investigators decided to close the account. I was told that I would receive my funds as a check in XXXX days. On XX/XX/year>, I called Ally again and was told that my account closure is pending and that I will receive my funds as a check in XXXX days. Ally has not given me any access to my account of approx. {$85000.00} in over three weeks which is money critical to my livelihood. They've provided no mail indicating my account is closed, only verbally when I call them. The Ally Bank Savings Account number ends in XXXX. Ally is not providing me access to bank statements at this time.",Bank account or service
10390,Department of Education does not have my accurate payment count on their website. The website is missing payments made from XX/XX/XXXX to XX/XX/XXXX. I should have made my XXXX qualifying payments years ago. I have tried talking to Mohela and they have stated that there is nothing they can do. I have tried reaching out to XXXX XXXXXXXX XXXX and I can not reach an actual person. I contacted XXXX who used to be my loan servicer and they provided me with documentation proving I made payments during this period of time. Nothing has been done.,Consumer loan
10393,"I requested the medication information from XXXX website. There is a person contact me via test massage on second day. He provide me a name, email for XXXX payment. After I sent money via XXXX, he ask me another fee charge by XXXX. Custom and give me another XXXX account information. I found it is scam. I contacted with my bank and send all the text massage information to my bank, my bank mentioned after research, they can not refund money to me.",Money transfer or service
10395,"I was always able to receive and send money via Paypal then suddenly I was asked to provide my bank statements and identification ( passport ), which I actually did provide. Later they limited ( I could not withdraw, send or receive funds ) my account for a period of 180 days which ended on XXXX XXXX. On XXXX XXXX at XXXX pm CAT I was sent an email that stated that I could withdraw my funds unfortunately, I am still unable to withdraw my funds. I really don't understand why I still can not withdraw my funds even after trying to reach out to Paypal support via email, inbox and even XXXX. I seek your help to look into this, this is the Reference ID : XXXX",Money transfer or service
10398,"ACCORDING TO 15 USC 1681I - XXXX, XXXX, AND TRANSUNION HAVE XXXX  DAYS TO INVESTIGATE AND SEND ME THE RESULTS. 

In accordance with the Fair Credit Reporting act. These accounts violated my federally protected consumer rights to privacy and confidentiality under 15 USC 1681. 




XXXX XXXX # XXXX XXXX # XXXX UNAUTHORIZED INQUIRIES : XXXX XXXX XXXX XX/XX/year> XXXX XXXX XX/XX/year> XXXX XXXX XXXX XXXX XXXX XXXX XXXX XXXX  15 U.S.C 1681 section 602 A. States I have the right to privacy. 

15 U.S.C 1681 section 604 A Section 2 : It also states a consumer reporting agency can not furnish a account without my written instructions 15 U.S.C 1681c. ( a ) ( 5 ) Section States : no consumer reporting agency may make any consumer report containing any of the following items of information Any other adverse item of information, other than records of convictions of crimes which antedates the report by more than XXXX  years.

15 U.S.C 1681s-2 ( A ) ( 1 ) A person shall not furnish any information relating to a consumer to any consumer reporting agency of the person knows or has reasonable cause to believe that the information is inaccurate.",Credit reporting
10426,"My bank has suspended my account and restricted my ability to make transfers to an external account. I have called and requested this be fixed, and am told I must wait 1-2 business days. I feel this is an inappropriate amount of time to not be able to access the money I need to access. Additionally, I don't understand why my account has been suspended for a failed {$2.00} transfer. I have been a customer for years, and the support I have been given for this issue is completely unacceptable.",Bank account or service
10431,"I am writing to file a complaint against Navy Federal credit union regarding multiple overdraft fees I have incurred. Despite having sufficient funds when transactions were authorized, I was charged fees due to lagged posting of charges and credits. This issue aligns with the recent CFPB findings against Navy Federal for similar practices, where transaction settled with insufficient balances despite initially available funds. I believe these practices are unfair and request an investigation into my account transactions.",Bank account or service
10435,"I have multiple loans, both private and federal, and I have  XXXX  agreement with  XXXX   XXXX   XXXX  of  XXXX  dollars monthly, this is not the orignal loan provider they bought the debt, I have been paying for 2 + years on time and I just recently found out that I am only paying  XXXX  dollars monthly to my principle balance and the rest goes to intrest. This is robbery!! I am an   XXXX   and if I was current with all of my loans I would not be able to feed my family,! I need help. I was also scammed by a student forgiveness program called  XXXX   XXXX  for thousands of dollars and I am in the process of trying to get that back. The college I attended has been shut down and is no longer in business. Please help.",Consumer loan
10438,"I have a Coinbase account holding {$20000.00} in XXXX and XXXX of XXXX. While trying to make an additional purchase of XXXX with a bank account linked to the coinbase account I accidentally overdrew my bank account. Giving an insufficient funds notice for {$1500.00}. When I tried to use the buy sell feature on my coinbase account on XX/XX/XXXX. It said I needed to cover the {$1500.00} from my attempted purchase of bitcoin that had insufficient funds in my bank account. 

I completed payment of that {$1500.00} from my USD wallet on coinbase. It said thank you for payment and showed that I owed {$0.00} Assuming that I had now unlocked use of my account and access to my funds I was surprised to see that I got a message saying Payment required. 

When I click on that message it says that I owe {$0.00}. 

I contacted coinable customer support by phone on XX/XX/XXXX and they said my case would have to be looked at by a specialist. They gave me absolutely no timeline of how long this could take for me to have access to my funds. After speaking with phone support i was sent this email : Hi -- -, Thanks for reaching out. Having investigated the issue, I am working with a specialist to address it properly. We will follow-up with you as soon as we have an update. 

Thank you for your patience. 


I called customer support the next day and was met with basically the same answer that they have no idea how long it could take for me to have rightful access to my funds.",Money transfer or service
10439,I did not get notified about this debt. It appeared on my credit report. I sent a letter asking them to validate the debt and they could not. This debt was opened in XXXX of 2019 in the amount of {$360.00}. I asked them for a full accounting which they could not provide. This account is on my credit report and they cant even show it belongs to me or where they got the balances or anything.,Debt collection
10440,"I have a substantial amount of student debt, upwards of XXXX in Federal loans and another XXXX in Private student loans through wells fargo. I called Wells fargo and explained my situation and the fact I only make XXXX a year.. so essentialy the amount they are asking for me to pay monthly would cause a hardship for me and not allow me to save any money in case of an emergency or move up in life IE. Buy a house, have a family. After Wells Fargo had me submit all of my paperwork for the hardhsip they recently contacted me that I was not approved for the hardship request and that I would have to continue to make the payments they demand. Wells fargo is soo unwilling to help students like myself who feel trapped by the burden of having such large payments due on a month to month basis. I essentially feel enslaved by this. Please help me lower my student payments at least to the levels of federal loans where the payment is more manageable. Also the high interest rates on Wells fargo loans are upwards of 10 percent which only causes a never ending cycle of debt for student like myself. It makes me wish I could return my degree given that I am not currently working in the field I studied. Please help!!!",Consumer loan
10448,"Commencing on or about XX/XX/, I fell victim to two multi-layered scam operations run by XXXX XXXX XXXX who said he was working for PnC which involved me making deposits for a total amount of XXXX USD from my Chase Bank account to fraudulent investment firm ( s ).",Money transfer or service
10452,"My husband told Carrington Mortgage that he had my permission to pull my credit for a joint VA mortgage loan. refinance. This was. NOT true, I was totally unaware of what my husband was attempting to do with the mortgage company. He had reached out to them about a refinance in order to qualify for some type of XXXX relief. 

I noticed that I had XXXX hard pulls on my credit from XX/XX/XXXX and XX/XX/XXXX. Once I investigated where it came from, I discovered that it came from XXXX Mortgage. 

On XX/XX/XXXX I reached out to XXXX Mortgage to request that they remove the hard pulls from my credit report because they did not have my permission to pull my credit. They asked me to send the request in writing. On the same day of the call to Carrington, I faxed a written request to them as requested. 

On XX/XX/XXXX, I received a letter from Carrington Mortgage stating that they would not be able to honor my request because they did have permission from my husband XXXX XXXX to pull my report. 

After investigating the law regarding consumer credit monitoring, I found several online references that state that it is illegal to have a spouse or a business to a spouse 's credit without permission. Please assist in the resolution of this complaint. My credit has suffered tremendously due to these unauthorized actions and credit pulls.",Credit reporting
10453,"Dear Midland credit I recently received a debt collection notice from your office about account XXXX. I am writing to verify that you have contacted the correct individual and to request that you provide documentation confirming this. 

Please supply me with a copy of any contract or purchase agreement signed with your company or the original creditor. 

In accordance with the Fair Debt Collection Practices Act ( FDCPA ), I request the following information : 1. The name and address of the original creditor and the current creditor.

2. Verification of the debt amount you are seeking to collect, including evidence that a contract exists creating the amount you claim is owed.

3. Documentation of all assignments showing the transfer of the debt from the original creditor to the current creditor.

4. Proof that the original creditor securitized the debt.

5. Documentation showing the assignments of the debt from the original creditor to the secured trust and then back to the original creditor. 

Please cease and desist from collecting on this debt until you have provided validation of the debt. 

Additionally, I request that you do not access my credit report or report anything to my credit bureaus. I dispute the validity of this debt amount, and this dispute should be reflected on my credit report if you have already reported this debt. 

Permissible Purpose Please state your permissible purpose for accessing my credit information. I dispute your right to do so. 

Notification to Other CollectorsI dispute that I owe this debt to you. Should you transfer this debt to another collector, please inform them of my dispute regarding the validity of this debt. 

Thank you for your prompt attention to thiS matter",Debt collection
10454,"Complaint Against Select Portfolio Servicing Utah Select Portfolio Servicing has repeatedly failed to properly manage my escrow account. Despite multiple attempts to resolve issues through their customer service department, representatives have been unhelpful and unable to provide accurate or timely information. 

The companys processes appear designed to make resolution unnecessarily difficult, and they routinely fail to meet the response timelines they commit to in their own communications. These delays and lack of accountability have caused ongoing frustration and inconvenience. 

I am requesting that Select Portfolio Servicing take immediate corrective action to properly manage my escrow account, honor their stated response timelines, and provide clear, accessible customer service.",Mortgage
10456,"Hello, I have tried to have this account that has erroneous information removed on different occasions, I contacted the company on different occasions until now they sent me the information that they have that is different from what they are reporting and they are violating the law of fair credit. I gave them proof of what the agent supposedly says I owe and what they are reporting, which are different amounts and are violating federal laws. 

XXXX XXXX XXXX XXXX Reported : XXXX XXXX XXXX  {$920.00} Here I send you proof that what I say is true, I send you the information that the agent of said company sent me and requested additional payments.",Credit reporting
10457,"I paid off a checking overdraft line of credit in XX/XX/2019 but Pentagon Federal continues to report it as over the credit limit and late for over a year through today. I attached a communication from XXXX XXXX at Pen Fed acknowledging that the account had been paid off in full. PenFed never sent me notices that any amount was owed for this account. It has literally destroyed my credit score. There have been dozens of communications in prior years for them deliberately reporting false negative information and I can not get them to stop. It is deliberate  and based on situations and information I charge it to be pure XXXX. I plan to file a separate formal race discrimination complaint. I also filed a complaint with the company, its supervisors and NCUA. Please make them stop immediately and hold them accountable",Credit reporting
10468,"This company has contacted my ex husband on his phone number, which I did not provide to them, nor gave them permission to contact him, nor any other third party concerning any debts that I allegedly owe. My ex husband has contacted me with a call log that shows Midland Managment contacting him repeatedly about a debt that I supposedly owe them. He stated they have called him several times harassing him about a debt in my name that may or may not be mine.",Debt collection
10472,"Recently, Chase increased my purchase rate by 2 %. I pay on time and always more than the minimum amount. Upon contacting Chase they blamed the increase on government regulation and an increase in the prime to 3.5 %. I 've had this card for years and a prime increase or decrease never affected my rate. Chase 's only resolution was that I could close the account. The rate should not change.",Credit card
10473,"Received an email today, XX/XX/year> with my monthly mortgage payment due. 
The XXXX at Shellpoint have it listed as due in the past on XXXX. 
This was paid on XXXX. 
Attached is the summary of payments. 
Attached is the email confirmation. 

Here are the payment details : Loan Number ending in : XXXX Confirmation : XXXX Payment Date : XX/XX/year> Amount : {$2000.00} The next amount due is NOT XXXX, but XXXX. 
Also, the amount is INCORRECT. 
I am on a Loan Modification Trial Period Plan for $ XXXX. 

But all of these XXXX 's bills- online & via email- have the regular, full amount listed as due of {$2000.00} and NOT {$1700.00}. There is no way to change this amount on the website. 

The due date is WRONG. It is listed as XXXX, but that was paid on XXXX. The next due date is XXXX. 

These jerks have done nothing but XXXX up my loan, create nonsense entry lines, and have not followed their own Loan Modification Trial Period Plan of {$1700.00}. 
None of my payments are late. This loan is up to date. 
Shellpoint uses so-called workers who can't do math or keep customers ' loans correct. 

MY LAST PAYMENT FOR XXXX WAS MADE ON XXXX. 
THE NEXT DUE DATE IS NOT XXXX BUT IS INSTEAD XXXX. 
FIX IT IDIOTS.",Mortgage
10475,"I've previously disputed that this Bankruptcy account from the XXXX XXXX  XXXX XXXX XXXX IL is reporting inaccurately and should be removed from my credit report. You guys claimed that it was verified, which is odd because I've checked with the XXXX XXXX  XXXX XXXX XXXX XXXX IL and they have told me that they don't report to any credit Bureaus. I then told XXXX XXXX  that they were reporting this bankruptcy inaccurately and they deleted this account from my credit report immediately. So again I'm confused on how you verified this account if the furnisher you have reporting says they don't even report to you guys and XXXX XXXX deleted the whole bankruptcy from my consumer report. Yall have committed fraud against me and if you do not decide to delete this account from my credit report after receiving this complaint you will be violating 15 USC 1681n for negligent compliance and I will have no choice, but to take you to small claims court to take legal action against you as a federally protectedconsumer.",Credit reporting
10483,"1st complaint XX/XX/2022, numerous requests for help. My accounts were taken over by the same person on XX/XX/2022! 
BoA FINALLY decided to refund the funds stolen from my checking & savings accounts but cant connect the dots that the XXXX XXXX XXXX XXXX  to himself is the SAME perpetrator that stole from my other XXXX accounts. 
Now they want ME to pay the bill!!",Bank account or service
10486,"I open a discover online saving account on XXXX ,2015 using the code "" XXXX '' which will give me {$100.00} bonus within 1 month After I open a new saving account and deposit {$5000.00} before XXXX/XXXX/2015. I 've met all the requirement by XXXX/XXXX/2015 and wait for XXXX fully month but tthe bank customer service just want me wait another 4 week and they are still not sure whether I can get the bonus or not. I have already save the whole website during application.",Bank account or service
10492,"Discovered I had but {$5.00}. In my acct. checked acct on line and had my atm card used 4 times yet I have my card in my purse. My purse had always been with me. XX/XX/XXXX XX/XX/XXXX 3 xs at atm {$200.00} each + their fee XX/XX/XXXX atm {$300.00} + their fee Contacted my bank that night XX/XX/XXXX Bank sent me forms to fill out Bank declined due to Bluebird Member Agreement 22d Basically didnt believe me. They Permanently closed my acct. My Social Security Check was deposited on XX/XX/XXXX. 
Police Report # XXXX Detective XXXX XXXX XXXX Police Dept. Bank said 10 days to send me {$1200.00}. Called again and they said 10 days. Got my balance 31 days later.",Bank account or service
10504,"XXXX XXXX just closed my account on dec. due to i moved out from XXXX XXXX XXXX XXXX, XXXX XXXX ca XXXX they couldnt reach out through mail, so they decide to close my account and liquidate all my underlying asset in that account. it was about XXXX dollars, now i have to pay for the penalty, closure fee, they had my email, can reach to me at anytime but they choose to prematurely close my account being a jerk",Bank account or service
10510,"On XX/XX/XXXX I submitted an application to consolidate 3 parent=plus loans into a single loan. In this application, and the conversations I had with the XXXX  servicing rep, I made clear I was going to apply for the Public Service Loan Forgiveness program. I was reassured the loan qualified. In Fall XX/XX/XXXX, I ( finally ) submitted the PSLF documentation. On XX/XX/XXXX, I received an e-mail stating that I had been approved for PSLF, but that I should NOT make another payment to the current loan as the current repayment plan was not approved for the PSLF.",Consumer loan
10513,"I opened a checking account on XX/XX/XXXX and there should be two welcome bonuses, totalling {$700.00}. I have not yet received any of that. I believe that I have met the requirement for that bonus. 

I contacted the banker who opened my account, XXXX XXXX, three times ( XX/XX/XXXX, XX/XX/XXXX and XX/XX/XXXX ). XXXX promised to investigate and get back to me by the end of the day during the second contact, which never happened. XXXX has not responded to my follow up email on XX/XX/XXXX and it has been 20 days since the initial inquiry.",Bank account or service
10518,Recieved an offer for a credit card sounded really good. Interest free for a year and a half and I get XXXX promotonal after I spend XXXX. My credit score is around 800 I am using XXXX percent of the credit I currently have available. They declined my application and offered me a different credit card. I now have XXXX more hard inquiry on my credit which lowers my score. I feel this is a typical bait and switch scam they are perpetrating and this needs to be stopped. I called the company and talked to a customer service person who then transferred me to a manager the manager never came on the phone and they hung up on me,Credit card
10526,"We have a mortgage for our property located on XXXX XXXX XXXX in XXXX XXXX CA. with M & T Bank. I send mortgage payments from XXXX XXXX XXXX online payments regularly. The M & T Bank is asking for late chargers, even though XXXX XXXX XXXX processed ( delivered ) payment on XXXX XXXX, 2016. 
Please see attached report from XXXX XXXX XXXX.",Mortgage
10529,"I am filing a complaint against Cash App regarding an unauthorized transaction and the handling of my dispute. On XX/XX/XXXX at approximately XXXX XXXX, {$85.00} was taken from my Cash App account without my authorization. My account was compromised/hacked, and I did not approve or make this transaction. When I first reported the issue, Cash App treated the situation as a scam-related transaction rather than unauthorized account access. I later Clarified after there finishing that it was not a scam that I did not participated in, but an unauthorized transaction resulting from my account being compromised. Despite explaining the situation, Cash App denied my dispute and incorrectly claimed that I authorized the payment. I believe my dispute was not properly investigated as unauthorized account access.",Money transfer or service
10530,"l relocated to another state, found out my bank did not have any branch in the area. l called my bank to close the account, they told me l need to come to the branch to close the account which l did. the cashier closed my account, gave me my money, he told me this is the money l have. he did not explain to me he gave me # XXXX dollars from the line of credit to borrow of which l could have not accepted that. he gave me a wrong information saying this is all my money l have in the bank. now the bank is teling me i need to pay the money with interest. if l have borrowed the money, l should have talk to them on how to pay the money back. since l was informed wrongly, which was not my fault, l should not be charged for the interest.",Bank account or service
10553,""" I am a XXXX on a fixed income. I have been on the deed of my primary residence since 2016. The servicer is violating 12 CFR 1024.38 by refusing to recognize my Successor in Interest status. They have systematically rejected my valid monthly payments to manufacture an artificial default and secure a state summary judgment. '' Late fees increasing monthly and adding legal fees will make payment harder to repair. Bank says I am not human and does not reconise me as property owner and Law firm acknowledge me by trying to foreclose on me by name. Shellpoint states they are a collection company and will not acknowledge me as the property owner. I cant get other funding or repair help because of threat of foreclosure. It is causing me hardship in many ways.",Mortgage
10558,"I called to report a lost card. Spoke to an offshore help desk. They said they would replace the card and I would get a new XXXX in the mail within 2 weeks. XXXX4 weeks later I call again. They have no idea or zero record of me calling.l, and have mailed nothing. They asked for all my info again, said they would mail a new card. The next day I received the SAME card I had lost. I had to call again and get them to send a proper NEW card which would take another two days. Almost a month from my first call. Terrible customer service and zero comprehension.",Credit card
10560,"Unauthorized XXXX transactions with several of my bank accounts ( XXXXXXXX XXXX, Bank of America checking accounts ). Multiple occurrence for small dollar values ( {$10.00}, {$1.00} ) in XXXX, XXXX, XXXX, XXXX. Called Bank to dispute. No adjustments issued.",Bank account or service
10569,"On XX/XX/2018, I was contacted by a company that explained they were providing me online technical support for my computer. The company indicated they were going to provide me with {$170.00} credit ; however, they billed me {$750.00}. The company that took my money did not provide me the services they were supposed to and I did not authorize them to bill me {$750.00}. The company was supposed to provide me computer security, technical support, and increase my computer speed. When they billed me {$750.00}, I contacted them and cancelled services immediately on XX/XX/2018 because I did not authorize the {$750.00}. 

I contacted 5/3 to report this incident and they denied my fraud claim because they said it was my fault. 

I took my computer to XX/XX/XXXX to have it examined and XX/XX/XXXX confirmed this company installed 13 different kinds of malware and spyware. I had to pay XX/XX/XXXX {$200.00} to fix the issues that were caused by the company that did not provide me services as described. 

I am very disappointed in 5/3 service because I am an elderly woman and no one took the time to help me. I feel betrayed by the company that lied to me and my own bank. I am reconsidering my relationship with 5/3 because they are not assisting me with my situation.",Bank account or service
10578,"I have three collections reporting from XXXX, I requested an investigation from them directly and from Equifax. I have not gotten a proper response from XXXX I am unsure of the correct reporting and I don't believe equifax  has done a proper investigation into this matter. They just keep verifying the information.",Credit reporting
10583,"The deletion or blocking of accounts due to a data breach or unauthorized inquiries is governed by FCRA Section 605B ( 15 U.S.C. 1681c-2 ) and FCRA Section 604 ( 15 U.S.C. 1681b ). I am writing to formally dispute the accounts listed on my consumer credit report, which stem from a data breach or fraud. I request concrete evidence bearing my signature or electronic signature. I assert that these actions infringe upon my consumer rights under the Fair Credit Reporting Act Section 605B ( 15 U.S.C. 1681c-2 ) and Fair Credit Reporting Act Section 604 ( 15 U.S.C. 1681b ). It is imperative to note that these actions were initiated without proper validation or original documentation from the reporting companies. 
Listed below are the Personal Information that are being challenged Incorrect DOB : - XXXX Employer - XXXX XXXX Listed below are the Accounts that are being challenged XXXX XXXX XXXX XXXX Listed below are the Collections that are being challenged XXXX XXXX XXXX  XXXX XXXX  - XXXX XXXX XXXX XXXX XXXX XXXX XXXX  - XXXX XXXX XXXX XXXXXXXX XXXX XXXX XXXX XXXX Listed below are the Inquiries that are being challenged XXXX XXXX XXXX XXXX XXXX XXXX - XXXX XXXX XXXX XXXX XXXX  XXXX XXXX XXXX XXXX XXXX XXXX",Credit reporting
10584,"I sent out a dispute letter on XX/XX/2020 directly to the creditor regarding the validity of this debt. It has been more than 30 days and I have not received any information with proof of this alleged item, specifically the contract, note or other instrument bearing my signature. 

They have failed to respond and are violating my FCRA 30 day investigation right.",Debt collection
10587,Wire instruction to send money toanother bank were not followed. Beneficiary never received the money. Bank did not notify me that it had not sent the money. Money was debited at time of instruction from my account. I instructed Bank to cancel the wire and credit my account. Money has not been credited back to my account for almost 1 month now. I am in contact w branch amd service rep but no substantive updates are given. Amount is $XXXX. I need money back and Bank is saying they are not able to credit interest during the missing 1 month period. I need the $XXXX back in my account ASAP.,Money transfer or service
10589,"In accordance with the Fair Credit Reporting act. The List of accounts below has violated my federally protected consumer rights to privacy and confidentiality under 15 USC 1681. 

Account Name : DEPTEDXXXX Account Number : XXXX Account Name : XXXX XXXX Account Number : XXXX Account Name : XXXX XXXX Account Number : XXXX and list of Inquiries. 

15 U.S.C 1681 section 602 A. States I have the right to privacy.

15 U.S.C 1681 Section 604 A Section 2 : It also states a consumer reporting agency can not furnish a account without my written instructions 15 U.S.C 1681c. ( a ) ( 5 ) Section States : no consumer reporting agency may make any consumer report containing any of the following items of information Any other adverse item of information, other than records of convictions of crimes which antedates the report by more than XXXX years. 

15 U.S.C. 1681s-2 ( A ) ( 1 ) A person shall not furnish any information relating to a consumer to any consumer reporting agency if the person knows or has reasonable cause to believe that the information is inaccurate.",Credit reporting
10591,"On about XX/XX/2018, my account on Coinbase and XXXX was locked for no apparent reason - specifically, Coinbase prevented me to do any additional Buys - which automatically locked me out of logging into XXXX where all of my funds are currently stored. After numerous calls and emails, I have not heard back nor got any further explanation except that there must be an error and my case number : # XXXX or # XXXX was being escalated. As of XX/XX/2018 - I have not heard back from them on what progress is being made to release my account back to me so that I may get my funds back into my hands.",Money transfer or service
10601,"I am asserting that these entries are a result of fraudulent activities, and I have not engaged in any financial transactions with XXXX XXXX or XXXX XXXX. I have Tried and tried to get them to fix this error that is causing a major disruption to my life. They keep responding as it belongs to me and I have proving otherwise. Please help me with this matter.",Credit reporting
10613,"Ten years ago, I went into a bad XXXX program that did nothing for my future. I lived off loans and eventually landed a job only to be laid off in 2008. I held part time jobs and tried to pay down some of my loans but when I decided to go back to school, the loans were in deferment. Now I 'm a teacher and trying to pay off debts but the once XXXX XXXX now Navient loans have almost tripled in size. I do n't know how to pay them off in my lifetime. Their staff is rude, the calls from them are harassment, unhelpful and I 'm trying to figure out a concrete plan before I start giving them money. I fully intend to reach a settlement and pay that sum off. I should have never been approved for these loans in the first place. I also hold blame to the University XXXX 's financial aide department for allowing this to happen as well. I was young and too naive.",Consumer loan
10640,"Debt Co XXXX has placed a collections account on my XXXX and XXXX credit reports as a collection account, This company is not licensed in TN as a collection agency, I was not notified by this company that I had an account with them, or given the opportunity to dispute this debt prior to it being added to my credit report, This Account was listed as a New debt with incomplete information on account payment history and date of delinquent payment Debt Co XXXX  Address : XXXX XXXX XXXX XXXX, XXXX, MO XXXX Phone : ( XXXX ) XXXX Appointments : XXXX",Debt collection
10654,"In XXXX BOA offered me an incentive under the Home Affordable foreclosure  Alternatives program that I qualified for. I was going through a very difficult divorce and had XXXX children, a full time job and no child support. This program offered me incentive money and debt forgiveness that would not be taxed by the IRS. However, BOA filed a XXXX misc. instead of a XXXX, and now the IRS is after me for nearly {$4000.00}.",Mortgage
10657,"I won a small giveaway ( {$20.00} ) from a vape company. They sent the funds through PayPal and I did not have an account. I created one to accept the funds, and PayPal limited my account immediately and required me to provide information on my identity and the transaction. PayPal was acting as though I was a business accepting payment for services or products despite the transaction noting that it was a giveaway prize. 

I did everything they requested, and my account was immediately permanently blocked. PayPal has decided to hold my funds for 120 days and not allow me to access my winnings. I contacted support to ask for an explanation or how to access my funds since that was the only reason I created an account in the first place. 

Support was entirely unhelpful. They refused to provide any information on why my account was blocked, offered no recourse to appeal the block, did not offer to pass my case up the chain to a supervisor or anything. They responded only with repetitive, canned responses and just informed me over and over again that my account was blocked and I had no way to access my funds. 

Overall my experience with PayPal was terrible. The app keeps sending me emails in XXXX or XXXX for some reason, they're holding my funds hostage with zero explanation despite my every attempt to provide them with any necessary information, and support was entirely unhelpful. 

It seems entirely ridiculous and unprofessional to block someone's access to money that is rightfully theirs with zero explanation and no recourse to resolve the problem. PayPal acts as though they own the money sent through their application. It would be nice to receive an explanation or a way to access my funds but support has refused to help me with this in any way.",Money transfer or service
10663,I dont understand Citibanks overdraft system. It is very misleading. I log in to my account and I see my account being negative with pending transactions. I immediately make a deposit and I still get charged fees. I have been charged 3 or more fees because of this. My end of day balance never goes negative. The transactions that come in are pending. Why would I still be charged a fee?,Bank account or service
10682,"I used my chase sapphire preferred card ending in XXXX to book hotel room via chase travel portal on XX/XX/2024. I was supposed to get {$50.00} credit. 

I contacted customer service who said that credit will be posted in 1-2 billing cycle. But historically credits have posted within few days of the charges. I have talked to many people who has received this {$50.00} credit in few days recently.",Credit card
10683,The Internet app Venmo is not allowing me to cancel an account that I have not used for over two years they insist the only way is for me to provide a government issued ID which I will not do due to concern over security issues.,Money transfer or service
10686,"On Friday XX/XX/XXXX I received an email from Trans Union reporting a credit card request had been submitted & denied by XXXX XXXX XXXX due to my credit bureaus being purposely frozen. 
I did not apply for this credit card, and when I reported the fraud to BoA they let me know several more applications had come in. 
This happened previously in XXXX with XXXX & XXXX, with a card I did not apply for actually get sent to my house. I froze all 3 credit reporting bureau accounts & added a fraud alert, as well as requested a report from XXXX. 
The XXXX report had dozens of accounts with my information listed that had not been authorized by me, and I have not received a final updated report but have been able to dispute most. It is locked with a PIN. 
I was advised to report this to the FTC, and from there was redirected to this site.",Credit reporting
10700,"MY LOAN SERVICER IS TRYING TO MAKE ME PAY FOR A LEGAL FEE FOR LATE PAYMENT WHICH I'VE NEVER BEEN LATE. I'VE ASKED THEM REPEATEDLY TO REMOVE THE CHARGE AND THEY REFUSE TO. MY LOAN TRANSFERED TO MY CURRENT LOAN SERVICER XX/XX/year>. EVERYTHING WAS A MESS. THEY ACCUSED ME OF BEING LATE WITH PAYMENTS, FALLING BEHIND, AS WELL AS MY HOUSING AGENCY WHICH THEY NEVER WERE EITHER. PLEASE SEE ATTACHED DOCUMENTS. THANK YOU.",Mortgage
10701,AMEX voluntarily cancelled my unused credit card. My FICA score has decreased significantly during the pandemic due to an increased and unforeseen household. All citizens are hurting but cancelling my account impact my credit. Another company reduced my limit only making my credit appear worse. I think during this time of great financial impact not caused by ourselves this practice shouldn't be allowed at this time. Reinstating my $ XXXX credit limit would at least sustain the present FICA score. This action combined with the other lender has the capacity to decrease my current score 50-60 points. Please don't let lenders get away with this unfair practice. Finally NONE of this would have happened if the pandemic didn't happen,Credit card
10703,"I previously closed Chase account in XX/XX/XXXX but it had to be re-opened due to Chase 's error and needed to deposit Cashier 's Check and wait for it to clear per XXXX, Chase XXXX, IL Banker. 

I AM BEING IGNORED AND CHASE DOES NOT CARE. 
On XX/XX/XXXX I called Fraud re : below and XXXX in Chase Fraud Dept. refused to place Frauds but transferred me to disputes and I held over an hour with no answer. 

On XX/XX/XXXX I called and tried to place Disputes and the Chase Customer Service agent kept clicking loudly and refused to allow me to place disputes. 

On XX/XX/XXXX I emailed XXXX XXXX, Chase XXXX XXXX Banker the below : Also received Letter that Cath match {$23.00} IS PERMANENT ( Chase letter attached ) and there is a withdrawal when I DO NOT HAVE OVERDRAFT PROTECTION And I only at at XXXX twice but there are 7 charges for {$6.00} some more than once a day. {$6.00} X 5 is {$32.00}. 
{$23.00} {$32.00}. 
is {$56.00} {$280.00} XXXX XXXX {$49.00} XXXX {$12.00} Bank Fee Increased ALTHOUGH NO OVERDRAFT PROTECTION {$5.00} Lot XXXX XX/XX/XXXX {$37.00} is Not mine-There is a Withdrawal slip Not in my writing. 
Total : {$400.00} Credit due Me. 
Please credit my account and advise.",Bank account or service
10709,"I have had some health and financial setbacks in the last 2 years. I have been trying to get a loan modification from Ditech for over a year and a half. However here in the last month they have agreed to give me the Flex Modification which lowers my payment by {$200.00}. I tried to negotiate a lower interest rate but was refused. Currently I have 18 years till the loan is paid with a 4.37 rant. The mod offered will keep my current rate but extends the terms to 40 years. I really could not understand the 40 year extension and really don't want to sign to the extension. Also in the modification documents there's a clause that states I have to get written consent from the mortgager to sell my house, I wanted to know why such a clause was stated in the verbiage. If I should sign this modification, I don't want this clause to interfere with me refinancing in a year. I have talked to Ditech representatives which says I can refi at any time but will not state this in written in the documents. Ditech will not remove the clause stating I have to get written consent prior to selling my house. 
Also Ditech sent me letters that state they loan is being transferred. I have receive welcoming info from the suppose to be new servicer. Then Ditech called me to say the loan is not being transferred. I really don't who to believe considering all the bad reviews listed about Ditech. Ditech has filled bankruptcy twice in the last 2 years. Where do this put me and my loan perspective.",Mortgage
10723,"Credit Systems is inaccurately reporting a debt on my XXXX Credit Bureau Report, in the amount of {$120.00}. I called to inquire about this debt and was told they are collecting for a medical bill. I told Credit Systems I do not owe any medical debt to anyone. I requested for Credit Systems to validate the debt belongs to me by providing me with document bearing my signature according to the Fair Debt Collection Practice Act. And I was told they do not have anything bearing my signature.

I have repeatedly asked for evidence to support their reporting, but Credit Systems have failed to provide me with a copy of viable evidence to support their false claims.",Debt collection
10732,I signed up and opened a checking account with an offer of a {$200.00} bonus paid XXXX business days after a {$400.00} direct deposit. They acknowledged that I completed the requirements but have not paid and it is beyond the XXXX  days.,Bank account or service
10739,"On XX/XX/2022, I was in receipt of money to purchase a XXXX gift for myself from loved ones on that day. Since I already use a marketplace to find deals on legitimate items users don't need anymore, I decided to look for a a pair of XXXX XXXX headphones for personal usage. I found a listing and the user stated the item was legitimate and was still in the wrapping provided from wherever he purchased them from. After, contacting the user, I was able to solidify a time to come and see the item. After looking at the item, it looked legit and proceeded to provide the information through CashApp to provide the funds for transfer of goods. When I arrived home, I unraveled the item to only find that the headphones were not legitimate, as there were many flaws with the item. I proceeded to instantly dispute the item on CashApp, XXXX and contact the seller with all the flaws and demanded an exchange of the said item. He was responsive up until I sent over the proof, in which I was not given a response. I requested a refund from him through the app and he declined it that same day. CashApp declined my request for a refund on the XXXX of XXXX and XXXX declined my dispute on the XXXX of XXXX stating the transaction was valid.",Money transfer or service
10755,"In XX/XX/2026, I accepted a settlement offer of {$3000.00} from Rent Recovery Solutions LLC for a collection account reported on my XXXX credit report. XXXX of XXXX, I called the company to request written confirmation of the settlement terms. 

They told me that normally they do not provide written confirmation and that a manager would need to approve it. The representative stated that if I made the payment via XXXX today, they could provide the written confirmation. I said I was willing but asked if I could send the XXXX payment on Monday because im at work. 

I also asked if I could make the payment online instead of XXXX while im at work, as I did not have time to use XXXX that day. I reiterated that I was willing to pay. The representative responded in a very rude manner and stated that if I did not pay via XXXX immediately, the settlement offer would be withdrawn. This behavior was unprofessional and coercive. 

The company then withdrew the settlement offer. 

I am requesting CFPB intervention to ensure that the company provides proper written confirmation of the settlement terms so I can safely resolve this debt.",Debt collection
10769,"I am writing to formally dispute the inaccurate reporting of late payments on my credit report, which is adversely affecting my creditworthiness. After a thorough review of my credit report from, I have identified discrepancies related to late payments that are not reflective of my actual payment history. 
CONNEXUS CU XXXX - Those payments were made on time. I am requesting that the late payment markings be updated to reflect my accurate payment history. 
I am deeply concerned about the impact of these inaccuracies on my credit score and overall financial credibility. The reported late payments are not consistent with my payment history, and I believe they are tarnishing my credit report unjustly.",Credit reporting
10775,"Requesting names that need to be on my XXXX XXXX XXXX, Account. addressing the issue with my credit report : This not a complaint I'm facing identity theft don't want to send any documents through the mail. 

XXXX XXXX XXXX XXXX XXXX XXXX XXXX XXXX XXXX XXXX XXXX XXXX XXXX XXXX XX/XX/year>XXXX XXXX XXXX XXXX XXXX XXXX XXXXXXXX XXXX XXXX, Tennessee XXXX Dear, XXXX XXXX I hope this message finds you well. I am writing to formally request an update to the names listed on my XXXX XXXX XXXX  due to inaccuracies that are currently affecting my credit report. 

It has come to my attention that the names associated with my account do not accurately reflect my personal information. This discrepancy is causing issues with my credit report and may impact my financial standing. 

For your reference, names I use details are as follows : XXXX XXXX XXXX XXXX XXXX XXXX these names are associated with my Credit report. 
# I kindly ask that you update the records as soon as possible to prevent any further complications with my credit report. I appreciate your prompt attention to this matter and look forward to your confirmation once the changes have been made. 

Thank you for your assistance. 

Sincerely, This has messed up my credit report Equifax deleted my XXXX XXXX XXXX XXXX  account yesterday.",Credit reporting
10780,I made a purchase at XXXX. I returned the item and XXXX XXXX XXXX  received the money on XX/XX/XXXX and they are holding the money. XXXX XXXX is saying XXXX is holding my money but after checking with XXXX they said that wasn't true. They will not release my funds.,Money transfer or service
10788,"I bank at Chase. In XX/XX/year> I mailed my landlord a check. The check was stolen in the mail and cashed at a XXXX XXXX. 
We initiated a fraud dispute. The claim was denied because the check was cashed by a thief. We should not be liable for fraud. The landlord and myself both signed sworn affidavits saying we were robbed. Instead of protecting my money, chase has allows me to be stolen from.",Bank account or service
10791,"In XXXX, XXXX, I made a mortgage loan with Rocket Mortgage, for {$100000.00}. In XXXX, I refinanced with XXXX XXXX XXXX which I understood would require paying off the Rocket Mortgage balance. All payments were on the Rocket Mortgage account were made timely, through auto-pay. Rocket Mortgage took the XXXX, XXXX, payment in XX/XX/XXXX. On XX/XX/XXXX, they took a XXXX payment that was not due until XX/XX/XXXX. My XXXX, XXXX, statement from Rocket Mortgage shows a principal loan balance of {$99.00}, XXXX. They advised XXXX XXXX that the pay-off balance was {$100000.00}, which was more than I had borrowed, and after a year of payments ( principal and interest ). This does not seem to be factually or legally correct, and constitutes a fraud on the consumer ( me ).",Mortgage
10793,"The credit card involved is XXXX XXXX  ( vision ). It is relatively new but I established payments commencing in XXXX, XXXX. My first payment was sent on XX/XX/XXXX and was received & posted by XXXX on XX/XX/XXXX. Payment was due on XX/XX/XXXX. 

The following month my payment was sent by my bank through bill pay on XX/XX/XXXX with guaranteed delivery by XX/XX/XXXX just as the previous month. 
When I checked my XXXX statement I was charged a {$30.00} late fee. 

I called company and eventually got a {$15.00} credit, not the full {$30.00}. It appears to me that their inefficiency is intentional so as to charge the fees which also harms my credit.",Credit card
10796,"My student loan payments were being applied to a loan that did n't exist during a period of time in the beginning of my loan payments. The loan company thanked me for catching this error but did n't move the payments back over. I 'm not sure where the money went but I was then told I was well behind on my monthly payments. Again, payments were being drawn out and applied to a loan that does n't exist. On numerous occasions through XXXX they 've pushed forbearance as an only option for me with my student loans. I 've tried income based payments but whenever I gave my amount ( XXXX ) they 'd always tell me that I made too much to help lower my payments which then put me into forbearance. Currently there is a loan out there for "" {$2500.00} '' that now is going up at 24 % a year in interest but I was only made aware of this loan in the past 6 months but it 's apparently from 2009 and the creditor is the XXXX. I ca n't get proof of the loan paperwork nor do I recall ever taking a loan out through my own University ; plus I 'd of never applied for a {$2500.00} loan due to not needing those funds. Now this loan has gone up to {$5000.00} and increasing each year until it 's paid off. I 've tried to work with the XXXX but have gotten nothing but payment requests back. The Agency used my resume from a job application in Michigan to track down my employers and ask them if I was still employed. Consistently harassed by phone calls for payments I 've stated I ca n't make, documentation sent out for wage garnishment. The Agency harassing my parents for payments or work information. After looking at all my Federal Loans Online the amounts listed are much more than would be required for schooling and no matter the amounts paid there is no relief in sight to get help moving the balances down.",Consumer loan
10797,"GM Financial On XX/XX/2020 AND XX/XX/2020 a finance inquiry was posted to my credit report initiated by GM Financial. This report was published without my consent. I am aware that Pursuant to the Fair Debt Collection Practice Act section 15 USC 1681b ( c ) ( 3 ) the creditor shall not furnish to any person a record of inquiries unless initiated by consumer. Also pursuant to section 15 USC 1681 b ( a ) ( 2 ) a reporting agency ( GM Financial ) can only furnish a consumer report in accordance with written instructions of consumer. Neither written instruction nor consents were initiated at ANY time. Therefore, pursuant to the above, I as a consumer have been violated and my privacy has been breached GMC responded ( ( GM Financial has received your complaint sent to the Consumer Financial Protection Bureau ( CFPB ). I have reviewed your concerns and would like to offer the following response. 
Our records indicate on XX/XX/2020, an application was submitted by XXXX XXXX XXXX on your behalf to GM Financial for a XXXX XXXX XXXX. Therefore, the credit inquiry you have disputed was permissible and will not be removed from your credit file. For additional information regarding the above credit inquiry, please contact the dealerships listed above. ) ) ) The complaint never argued whether or not the inquiries were done but stated that my rights as a consumer was violated because I as the consumer never consented to you providing my information to a third party. This report was published without my consent. Again, I am aware that Pursuant to the Fair Debt Collection Practice Act section 15 USC 1681b ( c ) ( 3 ) the creditor shall not furnish to any person a record of inquiries unless initiated by consumer. If you are able to furnish proof of this consent to furnish my personal information- I would gladly review it. You have validated my rights and I demand removal from all platforms.",Credit reporting
10798,"Re Costco Citi Visa : On XX/XX/23 I accidently missed XXXX on a XXXX XXXX statement balance. ( I paid XXXX of the balance ). 

On XX/XX/23 I realized the error when my XXXX statement showed an interest fee of XXXX. 
I called Citi and the rep said due to my exceptional payment history, he would credit back the XXXX. I immediately paid the overdue XXXX as well as the current charges on the XXXX statement. 

On XX/XX/23, I noticed on my XXXX statement that all of the above listed payments were accounted for and paid on time. Yet now I am charged another XXXX interest charge. 
I called Citi and talked to a rep and the supervisor. They both said that I would always be charged 2 months interest on a missed payment due to "" residual interest '' and that their computers will not let them do anything about it because I already had the XXXX waived. This is regardless that I had made all payments on time. 

So in summary, Citi is charging me XXXX interest on a XXXX delinquent payment that was supposedly removed a month earlier. This sounds illegal to me, or at least it should be.",Credit card
10800,"I am in a legal issue with a company I worked for and I was getting direct deposit in this account. The account is closed now, but I need to come up with some past statements from that account and Im not able to get them. Theyre not cooperating.",Bank account or service
10812,"A small business checking account was opened in my business ' name without my authorization. It was not authorized by anyone associated with my business. This is fraud. I have already called the company to close my account. They wanted all of the sensitie personal information, but as this is the issue, did not provide it. I was informed that this Fraudulent account would be closed. I received a statement for the account for last month showing that the account has not been closed. I called today and received no help and the account is still open. Please help in closing this account.",Bank account or service
10813,I have applied for a refinance with my existing mortgage company. I was approved initially and have been waiting for approximately a month for the final closing. Freedom Mortgage has failed to communicate in any effective manner during this time and finally I called them only to find out my refi was denied for a late payment. Previously my mortgage was handled by XXXX XXXX at which time there has been issues with payments not properly being applied and transferred when the mortgage was sold to Freedom Mortgage. When I discovered this I began working with Freedom Mortgage to address and investigate where the payments went wrong. I provided proof and bank statements showing that I did indeed make all payments on time each month. I was put in forbearance to avoid any negative impacts and give me time to investigate/correct the errors. I have brought my mortgage current while in forbearance and applied for the refinance. I am not being denied with no communication or explanation. The loan officer assigned has refused my call as has his management. I have NEVER been late or missed a payment. I wasted a month trying to refinance with a company that clearly does not care about its customers.,Mortgage
10814,"We have been under contract for the past XXXX  months trying to sell our home by transferring the assumption if our XXXX  Loan. Repeatedly, we have asked for clarity on the delays in closing and why redundant documents are being requested from the buyer. I don't understand if this is incompetence or being done in malice. These repeat delays have caused our VA loan to go into foreclosure and there has been no solutions offered by Planet Home. We have lost money and this has placed a significant financial burden upon us due to the negligence imposed by the practices of Planet Home. The buyer has made several statements about pulling out. If that happens at this point we will lose our home and we will be forced into foreclosure. No buyer would hold on for a XXXX  month closing process. Right now, we have a qualified buyer but I'm not sure how much longer they will hang on. Our realtors keep trying to get this to the end but the required docs keep changing or buyer is asked for the same documents. I have been begging for just some help through this platform and of all parties involved. We just need help. Please see the attached email from our realtor to Planet Home assumption department.",Mortgage
10819,I think I am a victim of a hacked account and bad check scam. Around XXXX PDT XX/XX/2020 I received an email someone not me had mobile deposited a check into my account. When I logged into my account it showed my account was locked and did not let me access my money. I tried calling all the Bank of America NA and XXXX XXXX XXXX XXXX numbers and waited upto an hour without response.,Bank account or service
10828,"Around XXXX in XXXX, the company locked my account and prevented me from doing any trading activities, and inform me on the website that I should check my email and follow the guidance of the email to verify my account. But I checked several times each corner of my mailbox and confirmed that they did not send my any email about account verification. 

In the following months, I tried several times to reach out to customer service on their website to fix my problem, at that time they were able to inform us the approximate time that we have to wait in the queue to get to customer service. 

In the first time, the customer service robot told me to wait 30 minutes to get to customer service, I was busy at that time so I missed that chance and was AFK, failed to talk to customer service. 

The second time the bot told me to wait about 200 minutes in the queue, I waited but in the last few minutes the website displayed "" some error '' and I have to retake the queue. 

In the following times, each time I have to wait about 100 minutes more than last time. And that is almost impossible for me to stay in the same place several hours just to get to talk to someone. 

In XX/XX/year>, I really want to unlock my account, so I tried again, this time more than 700 minutes I have to wait in the queue. After about a whole day, in the last 30 minutes in the queue, the website again raised the error of disconnection, and I have to retake my queue.

And that was the last time they provide the approximate time that we should wait in the queue, in next few times of my attempts, the bot only inform me to keep waiting every 30 minutes, I
can never unlock my account and never receive the email they told me to read.",Money transfer or service
10834,"Incorrect information on credit report Collection account reported inaccurately.

This account is reported as a collection without proper documentation. The reporting is inaccurate, incomplete, and unverifiable.

Legal Violations : 15 U.S.C. 1681e ( b ) : Credit bureaus must ensure maximum accuracy ; reporting unverifiable information violates this requirement.

15 U.S.C. 1681s-2 ( a ) ( 1 ) ( A ) : Furnishers may not knowingly report inaccurate information.

15 U.S.C. 1681s-2 ( b ) : Once disputed, the furnisher must conduct a reasonable investigation and remove unverifiable accounts.

15 U.S.C. 1692j : Collection activity without proof of ownership, signed agreement, and itemized billing is unlawful.",Credit reporting
10835,Parties involved is Capital One. Capital One XXXX. I originally booked hotel for the dates XXXX XXXX. Something came up personally and I canceled it but it ended up resolving so I rebooked it. Both were nonrefundable. When I went to checkin the hotel informed me that I had XXXX reservations even though I cancelled XXXX. And they told me to contact the booking agent as they can't do anything in their system. The hotel just checked me into the cheaper reservation out of consideration through no fault of their own I reach out to Capital One XXXX and they said they can't do anything on their end and require an approval. But they're the booking agent coordinating the refund. It's becoming a he says she says. While I do admit I couldve booked a refundable rate. It is completely unacceptable for the booking provider to not have the other XXXX canceled,Credit card
10842,The amount listed was already paid by my dental insurance provider. Now they want me to paid them more money. They have reported this to all three credit bureaus. This is not fair. This is hurting my credit status.,Credit reporting
10853,"XX/XX/21 Enter a credit transaction to obtain a vehicle in accordance with TILA under the CPA. I was not given the full amount of my finance charge but was told I preapproved for some small amount that was less than half of the finance charge itself. Me knowing pursuant of 15 usc 1602, I was extending credit to myself, which means I shouldn't have been denied this Credit Transaction that took place.",Consumer loan
10863,"This is yet another additional occurrence and new complaint. Even with your enforcement division from claim XXXX XXXX XXXX now under investigation, Im awoken at XXXX by an alert on my phone saying call us at chase XXXX All accounts frozen. I call and the woman is even taken a back as was the people at the branch. Someone at chase is changing account numbers, then hiding them or making it difficult for branch people to identify. This is now right before my social security XXXX insurance is supposed to credit, naturally. As you saw earlier they attempted to bank charge under a freeze to have me on check systems which I had fraud look at and they reversed which foiled the banks plans. Luckily all accounts are at a positive balance, but I cant get in to lock my cards so no weird charges come in. Please help.",Bank account or service
10871,"We received a payment for the purchase of insurance via American Express card, provided the services purchased, and nearly five months later the cardholder disputed the charge and AMEX deducted the full charge amount from our bank account, despite our providing clear evidence that the charge was valid and the services provided tot he cardholder. AMEX refuses to return the {$18000.00} that they took from us.",Credit card
10876,XXXX XXXX AT PHONE XXXX X XXXX - XXXX XXXX HAS CALLED REPEATEDLY. HAVE CALLED AND HARRASSED FAMILY MEMBERS AND FRIENDS REPEATEDLY EVEN THOUGH THEY WERE TOLD THAT CALLING A THIRD PARTY AND LEAVING A MESSAGE WITH A THIRD PARTY TO CONTACT ME IS AGAINST THE LAW. THEY DID NOT CARE AND SAID THEY WILL CALL WHOMEVER IS ASSOCIATED WITH ME TO FIND MY WHEREABOUTS. THAT IS HARRASSMENT.,Debt collection
10879,I have been recieving mutiple phone calls from a so called company name XXXX XXXX XXXX XXXX. Then they send me valdiation letter of debt from XXXX XXXX. The email was XXXX  claims divison. i try to look up their information and their is no information on this so called company as in XXXX XXXX  XXXX XXXX or XXXX. The orginial loan is from cashnet. I have paid off all my loans. Cashnet emailed me back stating that it is a scam and fradulent activity. The debit is from XXXX XXXX they can not give me an exact date and they will send me anything in the mail to back up their claims. I have asked them twice not to contact me. They continue to contact me. If anything the orginal loan was under 500 dollars. I do not recall ever taking that loan out. Nothing has ever shown up on my credit report regarding this loan. I take care all of debits cause of past mistakes. I wanted to clear this up but they do not want to work with me without a checking account which i will not give over the phone. Thank you.,Debt collection
10887,"In accordance with the Fair Credit Reporting act XXXX Account, has violated my rights. 
15 U.S.C 1681 section 602 A. States I have the right to privacy.

15 U.S.C 1681 Section 604 A Section 2 : It also states a consumer reporting agency can not furnish a account without my written instructions",Credit reporting
10904,"Complaint Title : Missing Down Payment Credit / Incorrect Auto Loan Balance Dealer Fraud Investigation I am filing a formal complaint regarding an auto loan account that appears to reflect an incorrect principal balance due to a missing down payment credit of {$6000.00} made at the time of vehicle purchase. On or about XX/XX/year> I purchased a XXXX vehicle in XXXX through a licensed dealership. At the time of purchase, I made a {$6000.00} down payment, which was part of the agreed sales transaction. However, I have recently discovered that the lenders payoff statement and loan records do not reflect this down payment being applied to the loan. I contacted the loan servicer/lender to request clarification of my payoff amount after the vehicle was declared a total loss through a XXXX rental claim. The lender advised me that the current payoff balance is approximately {$17000.00} and stated they have no record of receiving or applying the {$6000.00} down payment. The dealership that facilitated this transaction has reportedly been shut down due to fraudulent activity, which raises serious concerns that my down payment was either not properly transmitted to the lender or was misrepresented in the financing documents. I am requesting the following : XXXX.A full investigation into the loan funding file, including all dealer remittance records XXXXWritten documentation showing how the {$6000.00} down payment was applied XXXXA corrected loan balance and payoff statement reflecting the accurate financed amount XXXXIdentification of any discrepancies between the retail sales contract and lender funding documents XXXXIf fraud or misapplication occurred, appropriate correction of the loan and/or restitution This issue is time-sensitive due to an active insurance/Turo total loss claim, and failure to resolve the accurate payoff amount may result in financial harm. I am requesting a formal response and resolution.",Consumer loan
10907,"On XX/XX/XXXX, someone applied for a modification loan on a mortgage that did not exist. It was identity theft ; they used XXXX XXXX XXXX 's social security number and forged his signature. Copying his signature from a XXXX personal loan he had with XXXX XXXX and Mortgage Company, they used the amount of the title insurance that was paid in the fall. The fraudsters were unaware that the XXXX loan was paid off in XXXX through a bankruptcy XXXX  XXXX. The Beneficial Loan was transferred to Caliber Home Loans, which advised us that they do not use an outside collection company, Select Portfolio Servicing, which sold the loan to at least XXXX companies, and requested documents from XXXX XXXX XXXX in XXXX XXXX, Missouri, a service who create documents, record the documents, with the local recorders. I asked Portfolio who sent them the information, and they informed me that regarding the Mortgage information, XXXX asked how much they quoted me {$79000.00}. Portfolio transferred the loan to XXXX XXXX  XXXX XXXX XXXX XXXX. They sued me for {$140000.00}. The amount was changed on XX/XX/XXXX, requesting the fraudulent modification loan that was initiated by identity theft. We were never told that there was a foreclosure on our property because we paid cash for it, and all the liens on the property were paid off in full. Select Portfolio had the fraudulent documents created by XXXX XXXX XXXX. On XX/XX/XXXX, my property was released and auctioned. We found out in XX/XX/XXXX that our property was put in foreclosure. At this time, we went to court to advise that this was fraud. We paid cash for our property in XXXX. And never took a mortgage. This is a fraud scam involving Select Portfolio Services, XXXX XXXX XXXX XXXXXXXX. We are taking this to the Federal Courts and violating the RICO Law. I am XXXX XXXX XXXX. The property was taken from me on XX/XX/XXXX, fraudulently.",Mortgage
10908,On XXXX XXXX XXXX  chime closed my account for no apparent reason and I still have not received none of my money I'm.being evicted from my home because they would not send me my money and still won't send my money which I really need then I had more money went to chime and they want send that either I want my money and it's not right that chime can do this please help,Bank account or service
10909,"Hello I called the debt collection wakefield & associates many Times since XXXX and XX/XX/2020, I was asking to mail ME my debt writing paper/Bills but until now I still have Not recieve it I called them almost everywerk to requests Bills paper but I never recieve anything. I am more Than willing to pay what I owe but for my own protection and Record I would like to recieve a Bills but How can I pay a debt that I never see?? Never receieve Call, Bills or anything I only found Out thru checking my credit report. I Dont Know what to do Im planning to buy House but MY credit score affecting My and my life. Please Help ME Out by the way they say I owed {$1200.00}",Debt collection
10916,"On ( XX/XX/2022 XXXX XXXX XXXX ACCOUNT # XXXX ) add a derogatory mark on my credit report per XXXX XXXX. upon, further research, this account was transferred/ sold and i am no longer responsible for the account. Debtors ' creditor did not verify this collection. Also, there was NO written form of communication, contract, or signature for this accused debt at all. A bill without a signature does not validate the debt and anybody can send a bill and say it's mine. According to the FCRA ( XXXX XXXX XXXX ACCOUNT # XXXX ) has violated my rights as a consumer and i am requesting legal action to remove this account immediately. 

There was no written form of communication, contract or signature for this accused debt at all. A bill without a signature does not validate the debt, according to the FCRA ( credit bureaus and the court system has violated my rights as a consumer and I'm requesting legal action to remove this account immediately. In accordance with the Fair Credit Reporting Act XXXX XXXX XXXX ACCOUNT # XXXX has violated my rights. 15 U.S.C 1681 section 602 A states I have the right to privacy. 15 U.S.C I681 Section 604 A Section 2 : it also states a consumer reporting agency can not furnish an account without my written instruction.",Credit reporting
10917,"I purchased a laptop on XXXX  on XXXX. The item never received even though the tracking info said it did. Filed dispute with XXXX as my card purchased it via XXXX. XXXX declined because I had disputed it with AMEX. The seller, who has been delisted due to fraud never responded to my communication. XXXX sent an apology that I never received the item. Again, they delisted the seller XXXX. I have disputed this twice with AMEX and all they do is say that the merchant provided documentation that it was sent and delivered. I spoke to the postmaster at our local Post Office. He said this is a scam where the seller sends an empty box to  another address in the same zipcode so that it can show delivered. 

USPS tracking # XXXX I am not, let me repeat NOT paying for an item that was fraud.",Credit card
10920,"I deposited XXXX large checks after selling my house during business hours on XX/XX/year>. They were BANK CHECKS which do not need to be held. Yet, Bank of America decided to hold the checks. Legally they can hold for 7 days and they said proceeds would post on XXXX at XXXX. However now they are saying XXXX at XXXX! That is XXXX DAYS! For BANK CHECKS which can be considered cash. They are simply holding on to my more than XXXX XXXX to take advantage of the float and interest.",Bank account or service
10945,"Hi, I signed up for an online business training program for {$2000.00} onetime payment or a {$2400.00} XXXX time payment with a guaranteed result to either earning our investment back within XXXX weeks or receive a refund. The only condition for such a guarantee was participation in the program. 
Many impressive stats and testimonials were presented to convince the would be participants of the the workability of the program through a big promotional push toward a once a year opportunity that was about to expire. 
Proximately XXXX people signed up starting in the XXXX of 2021 consisting of many seniors and low-income people who were lured into paying for a big pie in the sky that were not delivered. 
After the presale push and the start of the program many hoops and conditions were gradually introduced into their well-oiled deceptive psychology of marketing that we were not aware of before signing up ; conditions and requirements that if they were openly revealed to us before signing up we would have never participated. 
Currently many of the "" helpless participant '' are left with an empty bag full of nothing but lots of hype filled with a bombardment of hallow ideas of online money-marketing ideas. 
I have prepared a document regarding this case and have submitted to PayPal Credit, which is managed by Synchrony Bank. I have followed up with MANY phone calls and they have badly handled my claim, through a series of employees ' errors, but also reversing their decision after resolving it in my favor giving me no logical answers for doing so. 
It appears that my XXXX GB attached document to Synchrony Bank has not been carefully reviewed to detect the fraudulent practice of "" Live Your Massage '' as a company and return my funds back to my account. 
My complaint is about "" Live Your Message '' as well as the Synchrony Bank known more as PayPal  Credit. My attached file- if reviewed properly- is a document that will win with hands down in a court of law.",Credit card
10947,"In XXXX I purchased a XXXX XXXX XXXX from XXXX Mercedes. In XX/XX/XXXX I decided to trade the car after an dispute with the company after getting the car serviced and then noticed parts on the car was switched or removed. The XXXX dealership denied taking parts, however, I know what features was on the car and what was not. Upon trading the car to XXXX dealership, i was informed that the Mercedes dealer owed money to me after the contract is closed, for service contracts purchased and not used the whole contract term. My complaint with Mercedes dealership started when the dealer initiated paperwork to reflect that I traded the car in XX/XX/XXXX, however, the car was traded in XXXX, on XX/XX/XXXX. If the date is not correct the amount will not be correct, therefore when I saw the error I contacted the companies in which I purchased the contracts from and requested the date is corrected. At this time I spoke to the GAP insurance company and the TIRE insurance company who both gave me a quote of the amount i should be refunded. The total amount between the two companies was over {$1700.00} dollars. Mercedes Dealership sent me a check for {$1300.00} and I have not cashed it because the amount is not correct. 

.",Consumer loan
10949,"I received and property tax bill from XXXX XXXX XXXX XXXX between XXXX or XXXX of XXXX informing me my property taxes were owed. I contacted TD Bank my mortgage Lender about my property taxes and was informed my escrow account had no money. I contacted XXXX XXXX XXXX XXXX located in XXXX, XXXX. to find out why my escrow account couldn't pay my property taxes. They were no help.I contacted my XXXX XXXX XXXX XXXX XXXX XXXX and found either, and, or TD Bank or XXXX XXXX XXXX didn't properly estimate my property taxes when I purchased my house in XX/XX/XXXX. Causing my monthly mortgage to increase by {$500.00} TD Bank spread the taxes out over my mortgage payments. I applied for a temporary forbearance with TD Bank and they lied about my application and denied the forbearance. Currently I'm asking TD BANK for a loan modification. I have little confidence they will approve it. TD Bank, nor XXXX XXXX XXXX did their due diligence from the inception of my home loan process, as simple as contacting XXXX XXXX XXXX XXXXXXXX XXXX XXXXXXXX XXXX to get the correct tax estimate, now I'm paying for their shared incompetence. I feel scammed because they caused me finical hardship.",Mortgage
10951,"I purchased a corporate kit on XX/XX/2021, from XXXX, the total amount of {$85.00} was charged to my XXXX account ( See doc 1 original receipt ). On XX/XX/2021, I mailed a money order in the amount of {$85.00} to cover the entire balance of the purchase ( See doc 3 XXXX XXXX. I received an email statement dated XX/XX/2021, for the same amount, with payment due on XX/XX/XXXX ( See doc 2, first statement ). In communicating with the company ( PayPal Credit/Synchrony Bank ), I sent two faxes outlining the payment and where it was sent ( See docs 3 & 4 fax confirmations ). Both faxes included the money order and address, to where it was sent. On Monday XX/XX/2021, I received another email reminding me of my minimum payment ( See doc 5 XXXX XXXX.",Credit card
10955,Fraud activity with my cards on account my information & my account. Cash app just closed my account with no reason to my knowledge. The fraudulent activity was not done by me. Also the issue was a reported issue then my account closed,Money transfer or service
10956,"XXXX is calling several times daily to collect on a student loan. However, whenever I speak to them and tell them I am willing to pay, just not the impossible amount they ask for, they dismiss me or tell me too bad I need to pay. I have been referred by them back to citizen 's bank in order to lower a payment, who then refers me right back to XXXX. I have asked many, many times for a payment plan option of any kind to lower payments where I can actually make them, instead being told there is nothing they can do besides collect the full payment. This payment is about XXXX my monthly income, which is not possible for me to pay with other bills I owe. I have asked over and over for any sort of program to work on a payment low enough for me to pay, because again I am willing to pay ( as I 've stated to them ), but the amount they 're asking for is absurdly high relative to my income and they refuse to help at all.",Debt collection
10964,"We have spent over 5 hours on the phone with Equifax trying to get signed up for their Trusted ID because the  verification link does not work ( we have tried for 8 days all hours ). When you call after over 50 minutes on hold twice they have hung up on us because they do not know what to do. Same phone hang up when trying to get a freeze put on the account at another number Equifax gave us for that "" service ''.",Credit reporting
10974,"My mortgage payment went up {$44.00} a month, called carrington mortgage. They explained that by law they have to have a cushion in my escrow account.. My mortgage was sold to them from XXXX XXXX XXXX, which on some months I was able to pay extra on my mortgage principal",Mortgage
10976,"I was shocked to find inaccurate accounts on my credit report this evening, and Im completely clueless as to how they got there. When I checked it as I normally do, I noticed these discrepancies that seemed to appear out of nowhere. I even refreshed my browser, thinking it could be a glitch, but the errors didnt go away. I need assurance that the documents I've submitted will be thoroughly reviewed, so I can finally stop worrying about this.",Credit reporting
10981,"I had a Kohls charge account for the past 7 or so years. Out of nowhere, I began receiving email from Capital One stating that my account was past due, unpaid, and also being reported to the credit bureaus. I had no knowledge of any Capital One account, card, or anything having not received a card, statement, nor not even having signed up for a Capital One account. When calling into Kohls customer service, I was advised that I had a XXXX balance on my Kohls account. Reportedly, these companies merged sometime last XXXX. I called into Capital One credit services and requested a card, a statement, or any information regarding this account. They have denied me any access to this. I am currently being charged interest, late fees, having my credit affected regarding this "" account '' to which I have no access, knowledge nor have agreed to any terms and conditions for using. I have reported this to the credit bureaus but still can not procure any information as to the inception of this account, or any means to rectify the balance, even though Kohls has stated I did not owe them any money. I did not agree to a Capital one card at any point in the last 24 months, nor do I even have a card in physical possession to use, or any statement to confirm these charges.",Credit card
10986,"I scheduled a payment of {$18000.00} on XX/XX/XXXX at XXXX PST to pay off my student loans through the website. This was the entire loan balance left on my account and the website did not allow me to enter any values above what I owed because it is the maximum amount. The payment processed on XX/XX/XXXX and the balance on the website after the payment processed was {$0.00}. I checked my Nelnet account on XX/XX/XXXX and now I owe {$100.00}. I don't know where this {$100.00} came from. I contacted Nelnet, spoke to a representative over the phone, and the representative mentioned that processing payments take time, therefore while my payment was processing, interest accrued. However, after my payment in XX/XX/XXXX processed, I somehow still owed {$100.00}. The representative later told me that the {$100.00} is from the interest accrued by XX/XX/XXXX, but this was never reflected on the website and was not calculated as part of the payment balance. 

The representative also told me that if I paid {$100.00} today ( accounting for interest accrual until the payment processes ), I would payoff my loans. When I tried to enter this value into the website, an error occurs where I can not make a payment value ( {$100.00} ) that exceeds my balance value ( {$100.00} ). 

The Nelnet website provided me with inaccurate information about my loan balance and persists the inaccurate information by not allowing the user to enter a value higher than the inaccurate account balance to pay off the balance ( accounting for interest accrual for the days it takes to process the payment ). How is a user supposed to know that the balance on the website is not the entire balance?",Consumer loan
