2026-10-07 15:45:04,207 INFO o.a.j.u.JMeterUtils: Setting Locale to en_EN
2026-10-07 15:45:04,219 INFO o.a.j.JMeter: Loading user properties from: C:\Users\tayka\Tools\apache-jmeter-5.6.3\bin\user.properties
2026-10-07 15:45:04,219 INFO o.a.j.JMeter: Loading system properties from: C:\Users\tayka\Tools\apache-jmeter-5.6.3\bin\system.properties
2026-10-07 15:45:04,219 INFO o.a.j.JMeter: Loading additional properties from: results.properties
2026-10-07 15:45:04,227 INFO o.a.j.JMeter: Copyright (c) 1998-2024 The Apache Software Foundation
2026-10-07 15:45:04,227 INFO o.a.j.JMeter: Version 5.6.3
2026-10-07 15:45:04,227 INFO o.a.j.JMeter: java.version=21.0.5
2026-10-07 15:45:04,227 INFO o.a.j.JMeter: java.vm.name=Java HotSpot(TM) 64-Bit Server VM
2026-10-07 15:45:04,236 INFO o.a.j.JMeter: os.name=Windows 11
2026-10-07 15:45:04,236 INFO o.a.j.JMeter: os.arch=amd64
2026-10-07 15:45:04,236 INFO o.a.j.JMeter: os.version=10.0
2026-10-07 15:45:04,236 INFO o.a.j.JMeter: file.encoding=UTF-8
2026-10-07 15:45:04,236 INFO o.a.j.JMeter: java.awt.headless=true
2026-10-07 15:45:04,236 INFO o.a.j.JMeter: Max memory     =1073741824
2026-10-07 15:45:04,236 INFO o.a.j.JMeter: Available Processors =20
2026-10-07 15:45:04,240 INFO o.a.j.JMeter: Default Locale=English (EN)
2026-10-07 15:45:04,240 INFO o.a.j.JMeter: JMeter  Locale=English (EN)
2026-10-07 15:45:04,240 INFO o.a.j.JMeter: JMeterHome=C:\Users\tayka\Tools\apache-jmeter-5.6.3
2026-10-07 15:45:04,240 INFO o.a.j.JMeter: user.dir  =C:\Users\tayka\ICT3113-PTO-P1-10-Assignment-1\jmeter\runs\peak-qwen17-r1
2026-10-07 15:45:04,240 INFO o.a.j.JMeter: PWD       =C:\Users\tayka\ICT3113-PTO-P1-10-Assignment-1\jmeter\runs\peak-qwen17-r1
2026-10-07 15:45:04,240 INFO o.a.j.JMeter: IP: 192.168.1.3 Name: KaiWen FullName: host.docker.internal
2026-10-07 15:45:04,251 INFO o.a.j.s.FileServer: Default base='C:\Users\tayka\ICT3113-PTO-P1-10-Assignment-1\jmeter\runs\peak-qwen17-r1'
2026-10-07 15:45:04,251 INFO o.a.j.s.FileServer: Set new base='C:\Users\tayka\ICT3113-PTO-P1-10-Assignment-1\jmeter\runs\peak-qwen17-r1'
2026-10-07 15:45:04,374 INFO o.a.j.s.SaveService: Testplan (JMX) version: 2.2. Testlog (JTL) version: 2.2
2026-10-07 15:45:04,396 INFO o.a.j.s.SaveService: Using SaveService properties version 5.0
2026-10-07 15:45:04,396 INFO o.a.j.s.SaveService: Using SaveService properties file encoding UTF-8
2026-10-07 15:45:04,396 INFO o.a.j.s.SaveService: Loading file: plan.jmx
2026-10-07 15:45:04,440 INFO o.a.j.p.h.s.HTTPSamplerBase: Parser for text/html is org.apache.jmeter.protocol.http.parser.LagartoBasedHtmlParser
2026-10-07 15:45:04,440 INFO o.a.j.p.h.s.HTTPSamplerBase: Parser for application/xhtml+xml is org.apache.jmeter.protocol.http.parser.LagartoBasedHtmlParser
2026-10-07 15:45:04,440 INFO o.a.j.p.h.s.HTTPSamplerBase: Parser for application/xml is org.apache.jmeter.protocol.http.parser.LagartoBasedHtmlParser
2026-10-07 15:45:04,440 INFO o.a.j.p.h.s.HTTPSamplerBase: Parser for text/xml is org.apache.jmeter.protocol.http.parser.LagartoBasedHtmlParser
2026-10-07 15:45:04,440 INFO o.a.j.p.h.s.HTTPSamplerBase: Parser for text/vnd.wap.wml is org.apache.jmeter.protocol.http.parser.RegexpHTMLParser
2026-10-07 15:45:04,440 INFO o.a.j.p.h.s.HTTPSamplerBase: Parser for text/css is org.apache.jmeter.protocol.http.parser.CssParser
2026-10-07 15:45:04,462 INFO o.a.j.JMeter: Creating summariser <summary>
2026-10-07 15:45:04,478 INFO o.a.j.e.StandardJMeterEngine: Running the test!
2026-10-07 15:45:04,478 INFO o.a.j.s.SampleEvent: List of sample_variables: [request_id, row]
2026-10-07 15:45:04,478 INFO o.a.j.s.SampleEvent: List of sample_variables: [request_id, row]
2026-10-07 15:45:04,482 INFO o.a.j.e.u.CompoundVariable: Note: Function class names must contain the string: '.functions.'
2026-10-07 15:45:04,482 INFO o.a.j.e.u.CompoundVariable: Note: Function class names must not contain the string: '.gui.'
2026-10-07 15:45:04,678 INFO o.a.j.JMeter: Running test (1791359104678)
2026-10-07 15:45:04,694 INFO o.a.j.e.StandardJMeterEngine: Starting ThreadGroup: 1 : POST arrivals
2026-10-07 15:45:04,694 INFO o.a.j.e.StandardJMeterEngine: Starting 0 threads for group POST arrivals.
2026-10-07 15:45:04,694 INFO o.a.j.e.StandardJMeterEngine: Thread will continue on error
2026-10-07 15:45:04,694 INFO o.a.j.t.o.OpenModelThreadGroup: Starting OpenModelThreadGroup#1 with schedule rate(36/min) random_arrivals(720 sec) rate(36/min) pause(360 sec)
2026-10-07 15:45:04,718 INFO o.a.j.e.StandardJMeterEngine: Starting ThreadGroup: 2 : Search arrivals
2026-10-07 15:45:04,718 INFO o.a.j.e.StandardJMeterEngine: Starting 0 threads for group Search arrivals.
2026-10-07 15:45:04,718 INFO o.a.j.e.StandardJMeterEngine: Thread will continue on error
2026-10-07 15:45:04,718 INFO o.a.j.t.o.OpenModelThreadGroup: Starting OpenModelThreadGroup#2 with schedule rate(7.2/min) random_arrivals(720 sec) rate(7.2/min) pause(360 sec)
2026-10-07 15:45:04,718 INFO o.a.j.t.o.OpenModelThreadGroup: Thread starting init
2026-10-07 15:45:04,718 INFO o.a.j.e.StandardJMeterEngine: Starting ThreadGroup: 3 : Stats arrivals
2026-10-07 15:45:04,718 INFO o.a.j.e.StandardJMeterEngine: Starting 0 threads for group Stats arrivals.
2026-10-07 15:45:04,718 INFO o.a.j.e.StandardJMeterEngine: Thread will continue on error
2026-10-07 15:45:04,718 INFO o.a.j.t.o.OpenModelThreadGroup: Starting OpenModelThreadGroup#3 with schedule rate(1.8/min) random_arrivals(720 sec) rate(1.8/min) pause(360 sec)
2026-10-07 15:45:04,718 INFO o.a.j.t.o.OpenModelThreadGroup: Thread starting init
2026-10-07 15:45:04,719 INFO o.a.j.e.StandardJMeterEngine: All thread groups have been started
2026-10-07 15:45:04,719 INFO o.a.j.t.o.OpenModelThreadGroup: Thread starting init
2026-10-07 15:45:04,724 INFO o.a.j.t.o.PoissonArrivalsRamp: Generating 21 events, beginRate = 0.030000000000000002 / sec, endRate = 0.030000000000000002 / sec, duration = 720.0 sec
2026-10-07 15:45:04,724 INFO o.a.j.t.o.PoissonArrivalsRamp: Generating 432 events, beginRate = 0.6 / sec, endRate = 0.6 / sec, duration = 720.0 sec
2026-10-07 15:45:04,724 INFO o.a.j.t.o.PoissonArrivalsRamp: Generating 86 events, beginRate = 0.12000000000000001 / sec, endRate = 0.12000000000000001 / sec, duration = 720.0 sec
2026-10-07 15:45:05,731 INFO o.a.j.t.JMeterThread: Thread started: POST arrivals 1-1
2026-10-07 15:45:05,732 INFO o.a.j.s.FileServer: Stored: data/tickets.csv
2026-10-07 15:45:05,748 INFO o.a.j.p.h.s.HTTPHCAbstractImpl: Local host = KaiWen
2026-10-07 15:45:05,752 INFO o.a.j.p.h.s.HTTPHC4Impl: HTTP request retry count = 0
2026-10-07 15:45:05,753 INFO o.a.j.s.SampleResult: Note: Sample TimeStamps are START times
2026-10-07 15:45:05,753 INFO o.a.j.s.SampleResult: sampleresult.default.encoding is set to UTF-8
2026-10-07 15:45:05,753 INFO o.a.j.s.SampleResult: sampleresult.useNanoTime=true
2026-10-07 15:45:05,753 INFO o.a.j.s.SampleResult: sampleresult.nanoThreadSleep=5000
2026-10-07 15:45:06,897 INFO o.a.j.t.JMeterThread: Thread started: POST arrivals 1-2
2026-10-07 15:45:08,457 INFO o.a.j.t.JMeterThread: Thread started: POST arrivals 1-3
2026-10-07 15:45:09,032 INFO o.a.j.t.JMeterThread: Thread started: Search arrivals 2-1
2026-10-07 15:45:09,590 INFO o.a.j.t.JMeterThread: Thread started: POST arrivals 1-4
2026-10-07 15:45:10,385 INFO o.a.j.t.JMeterThread: Thread started: Search arrivals 2-2
2026-10-07 15:45:11,458 INFO o.a.j.t.JMeterThread: Thread is done: POST arrivals 1-1
2026-10-07 15:45:11,458 INFO o.a.j.t.JMeterThread: Thread finished: POST arrivals 1-1
2026-10-07 15:45:11,729 INFO o.a.j.t.JMeterThread: Thread started: POST arrivals 1-5
2026-10-07 15:45:13,479 INFO o.a.j.t.JMeterThread: Thread started: POST arrivals 1-6
2026-10-07 15:45:14,073 INFO o.a.j.t.JMeterThread: Thread is done: POST arrivals 1-2
2026-10-07 15:45:14,074 INFO o.a.j.t.JMeterThread: Thread finished: POST arrivals 1-2
2026-10-07 15:45:14,199 INFO o.a.j.t.JMeterThread: Thread started: POST arrivals 1-7
2026-10-07 15:45:16,142 INFO o.a.j.t.JMeterThread: Thread started: POST arrivals 1-8
2026-10-07 15:45:17,456 INFO o.a.j.t.JMeterThread: Thread started: POST arrivals 1-9
2026-10-07 15:45:18,078 INFO o.a.j.t.JMeterThread: Thread is done: POST arrivals 1-3
2026-10-07 15:45:18,078 INFO o.a.j.t.JMeterThread: Thread finished: POST arrivals 1-3
2026-10-07 15:45:18,095 INFO o.a.j.t.JMeterThread: Thread is done: Search arrivals 2-1
2026-10-07 15:45:18,095 INFO o.a.j.t.JMeterThread: Thread finished: Search arrivals 2-1
2026-10-07 15:45:19,278 INFO o.a.j.t.JMeterThread: Thread started: POST arrivals 1-10
2026-10-07 15:45:20,381 INFO o.a.j.t.JMeterThread: Thread is done: POST arrivals 1-4
2026-10-07 15:45:20,381 INFO o.a.j.t.JMeterThread: Thread finished: POST arrivals 1-4
2026-10-07 15:45:20,400 INFO o.a.j.t.JMeterThread: Thread is done: Search arrivals 2-2
2026-10-07 15:45:20,400 INFO o.a.j.t.JMeterThread: Thread finished: Search arrivals 2-2
2026-10-07 15:45:23,217 INFO o.a.j.t.JMeterThread: Thread started: POST arrivals 1-11
2026-10-07 15:45:24,142 INFO o.a.j.t.JMeterThread: Thread started: POST arrivals 1-12
2026-10-07 15:45:25,918 INFO o.a.j.t.JMeterThread: Thread is done: POST arrivals 1-5
2026-10-07 15:45:25,918 INFO o.a.j.t.JMeterThread: Thread finished: POST arrivals 1-5
2026-10-07 15:45:26,007 INFO o.a.j.t.JMeterThread: Thread started: POST arrivals 1-13
2026-10-07 15:45:26,084 INFO o.a.j.t.JMeterThread: Thread started: Search arrivals 2-3
2026-10-07 15:45:26,313 INFO o.a.j.t.JMeterThread: Thread started: POST arrivals 1-14
2026-10-07 15:45:26,668 INFO o.a.j.t.JMeterThread: Thread started: POST arrivals 1-15
2026-10-07 15:45:27,242 INFO o.a.j.t.JMeterThread: Thread is done: POST arrivals 1-6
2026-10-07 15:45:27,242 INFO o.a.j.t.JMeterThread: Thread finished: POST arrivals 1-6
2026-10-07 15:45:27,332 INFO o.a.j.t.JMeterThread: Thread started: POST arrivals 1-16
2026-10-07 15:45:29,901 INFO o.a.j.t.JMeterThread: Thread started: POST arrivals 1-17
2026-10-07 15:45:29,948 INFO o.a.j.t.JMeterThread: Thread is done: POST arrivals 1-7
2026-10-07 15:45:29,948 INFO o.a.j.t.JMeterThread: Thread finished: POST arrivals 1-7
2026-10-07 15:45:31,963 INFO o.a.j.r.Summariser: summary +     10 in 00:00:27 =    0.4/s Avg: 11121 Min:  5082 Max: 15807 Err:     0 (0.00%) Active: 11 Started: 20 Finished: 9
2026-10-07 15:45:31,964 INFO o.a.j.t.JMeterThread: Thread is done: POST arrivals 1-8
2026-10-07 15:45:31,964 INFO o.a.j.t.JMeterThread: Thread finished: POST arrivals 1-8
2026-10-07 15:45:33,151 INFO o.a.j.t.JMeterThread: Thread started: POST arrivals 1-18
2026-10-07 15:45:33,207 INFO o.a.j.t.JMeterThread: Thread started: POST arrivals 1-19
2026-10-07 15:45:33,437 INFO o.a.j.t.JMeterThread: Thread is done: POST arrivals 1-9
2026-10-07 15:45:33,437 INFO o.a.j.t.JMeterThread: Thread finished: POST arrivals 1-9
2026-10-07 15:45:34,442 INFO o.a.j.t.JMeterThread: Thread started: POST arrivals 1-20
2026-10-07 15:45:35,452 INFO o.a.j.t.JMeterThread: Thread started: POST arrivals 1-21
2026-10-07 15:45:35,772 INFO o.a.j.t.JMeterThread: Thread started: POST arrivals 1-22
2026-10-07 15:45:36,405 INFO o.a.j.t.JMeterThread: Thread started: POST arrivals 1-23
2026-10-07 15:45:37,463 INFO o.a.j.t.JMeterThread: Thread is done: POST arrivals 1-10
2026-10-07 15:45:37,464 INFO o.a.j.t.JMeterThread: Thread finished: POST arrivals 1-10
2026-10-07 15:45:38,371 INFO o.a.j.t.JMeterThread: Thread started: POST arrivals 1-24
2026-10-07 15:45:38,489 INFO o.a.j.t.JMeterThread: Thread is done: POST arrivals 1-11
2026-10-07 15:45:38,489 INFO o.a.j.t.JMeterThread: Thread finished: POST arrivals 1-11
2026-10-07 15:45:38,998 INFO o.a.j.t.JMeterThread: Thread started: POST arrivals 1-25
2026-10-07 15:45:40,971 INFO o.a.j.t.JMeterThread: Thread is done: POST arrivals 1-12
2026-10-07 15:45:40,971 INFO o.a.j.t.JMeterThread: Thread finished: POST arrivals 1-12
2026-10-07 15:45:41,302 INFO o.a.j.t.JMeterThread: Thread started: POST arrivals 1-26
2026-10-07 15:45:42,359 INFO o.a.j.t.JMeterThread: Thread started: Search arrivals 2-4
2026-10-07 15:45:42,362 INFO o.a.j.t.JMeterThread: Thread is done: POST arrivals 1-13
2026-10-07 15:45:42,363 INFO o.a.j.t.JMeterThread: Thread finished: POST arrivals 1-13
2026-10-07 15:45:42,376 INFO o.a.j.t.JMeterThread: Thread is done: Search arrivals 2-3
2026-10-07 15:45:42,376 INFO o.a.j.t.JMeterThread: Thread finished: Search arrivals 2-3
2026-10-07 15:45:43,044 INFO o.a.j.t.JMeterThread: Thread started: POST arrivals 1-27
2026-10-07 15:45:43,841 INFO o.a.j.t.JMeterThread: Thread started: POST arrivals 1-28
2026-10-07 15:45:43,847 INFO o.a.j.t.JMeterThread: Thread is done: POST arrivals 1-14
2026-10-07 15:45:43,847 INFO o.a.j.t.JMeterThread: Thread finished: POST arrivals 1-14
2026-10-07 15:45:43,919 INFO o.a.j.t.JMeterThread: Thread started: Search arrivals 2-5
2026-10-07 15:45:45,470 INFO o.a.j.t.JMeterThread: Thread started: POST arrivals 1-29
2026-10-07 15:45:45,748 INFO o.a.j.t.JMeterThread: Thread started: POST arrivals 1-30
2026-10-07 15:45:48,710 INFO o.a.j.t.JMeterThread: Thread is done: POST arrivals 1-15
2026-10-07 15:45:48,710 INFO o.a.j.t.JMeterThread: Thread finished: POST arrivals 1-15
2026-10-07 15:45:50,182 INFO o.a.j.t.JMeterThread: Thread started: POST arrivals 1-31
2026-10-07 15:45:50,281 INFO o.a.j.t.JMeterThread: Thread started: POST arrivals 1-32
2026-10-07 15:45:51,131 INFO o.a.j.t.JMeterThread: Thread started: POST arrivals 1-33
2026-10-07 15:45:53,537 INFO o.a.j.t.JMeterThread: Thread is done: POST arrivals 1-16
2026-10-07 15:45:53,537 INFO o.a.j.t.JMeterThread: Thread finished: POST arrivals 1-16
2026-10-07 15:45:54,314 INFO o.a.j.t.JMeterThread: Thread started: POST arrivals 1-34
2026-10-07 15:45:57,169 INFO o.a.j.t.JMeterThread: Thread is done: POST arrivals 1-17
2026-10-07 15:45:57,170 INFO o.a.j.t.JMeterThread: Thread finished: POST arrivals 1-17
2026-10-07 15:45:58,591 INFO o.a.j.t.JMeterThread: Thread is done: POST arrivals 1-18
2026-10-07 15:45:58,591 INFO o.a.j.t.JMeterThread: Thread finished: POST arrivals 1-18
2026-10-07 15:45:58,867 INFO o.a.j.t.JMeterThread: Thread started: POST arrivals 1-35
2026-10-07 15:45:59,578 INFO o.a.j.t.JMeterThread: Thread started: POST arrivals 1-36
2026-10-07 15:46:01,704 INFO o.a.j.r.Summariser: summary +     12 in 00:00:30 =    0.4/s Avg: 20486 Min: 15267 Max: 28491 Err:     0 (0.00%) Active: 20 Started: 41 Finished: 21
2026-10-07 15:46:01,705 INFO o.a.j.r.Summariser: summary =     22 in 00:00:57 =    0.4/s Avg: 16229 Min:  5082 Max: 28491 Err:     0 (0.00%)
2026-10-07 15:46:01,706 INFO o.a.j.t.JMeterThread: Thread is done: POST arrivals 1-19
2026-10-07 15:46:01,706 INFO o.a.j.t.JMeterThread: Thread finished: POST arrivals 1-19
2026-10-07 15:46:02,350 INFO o.a.j.t.JMeterThread: Thread started: POST arrivals 1-37
2026-10-07 15:46:03,556 INFO o.a.j.t.JMeterThread: Thread started: POST arrivals 1-38
2026-10-07 15:46:03,717 INFO o.a.j.t.JMeterThread: Thread started: POST arrivals 1-39
2026-10-07 15:46:03,721 INFO o.a.j.t.JMeterThread: Thread started: POST arrivals 1-40
2026-10-07 15:46:05,721 INFO o.a.j.t.JMeterThread: Thread started: POST arrivals 1-41
2026-10-07 15:46:05,877 INFO o.a.j.t.JMeterThread: Thread is done: POST arrivals 1-20
2026-10-07 15:46:05,877 INFO o.a.j.t.JMeterThread: Thread finished: POST arrivals 1-20
2026-10-07 15:46:07,918 INFO o.a.j.t.JMeterThread: Thread is done: POST arrivals 1-21
2026-10-07 15:46:07,919 INFO o.a.j.t.JMeterThread: Thread finished: POST arrivals 1-21
2026-10-07 15:46:08,424 INFO o.a.j.t.JMeterThread: Thread started: Search arrivals 2-6
2026-10-07 15:46:10,336 INFO o.a.j.t.JMeterThread: Thread started: POST arrivals 1-42
2026-10-07 15:46:10,374 INFO o.a.j.t.JMeterThread: Thread started: POST arrivals 1-43
2026-10-07 15:46:10,878 INFO o.a.j.t.JMeterThread: Thread started: POST arrivals 1-44
2026-10-07 15:46:11,338 INFO o.a.j.t.JMeterThread: Thread started: POST arrivals 1-45
2026-10-07 15:46:12,614 INFO o.a.j.t.JMeterThread: Thread is done: POST arrivals 1-22
2026-10-07 15:46:12,614 INFO o.a.j.t.JMeterThread: Thread finished: POST arrivals 1-22
2026-10-07 15:46:14,029 INFO o.a.j.t.JMeterThread: Thread is done: POST arrivals 1-23
2026-10-07 15:46:14,029 INFO o.a.j.t.JMeterThread: Thread finished: POST arrivals 1-23
2026-10-07 15:46:15,946 INFO o.a.j.t.JMeterThread: Thread is done: POST arrivals 1-24
2026-10-07 15:46:15,946 INFO o.a.j.t.JMeterThread: Thread finished: POST arrivals 1-24
2026-10-07 15:46:16,164 INFO o.a.j.t.JMeterThread: Thread started: Search arrivals 2-7
2026-10-07 15:46:16,401 INFO o.a.j.t.JMeterThread: Thread started: POST arrivals 1-46
2026-10-07 15:46:16,569 INFO o.a.j.t.JMeterThread: Thread started: POST arrivals 1-47
2026-10-07 15:46:17,537 INFO o.a.j.t.JMeterThread: Thread is done: POST arrivals 1-25
2026-10-07 15:46:17,537 INFO o.a.j.t.JMeterThread: Thread finished: POST arrivals 1-25
2026-10-07 15:46:18,282 INFO o.a.j.t.JMeterThread: Thread started: POST arrivals 1-48
2026-10-07 15:46:20,145 INFO o.a.j.t.JMeterThread: Thread started: POST arrivals 1-49
2026-10-07 15:46:21,276 INFO o.a.j.t.JMeterThread: Thread is done: POST arrivals 1-26
2026-10-07 15:46:21,276 INFO o.a.j.t.JMeterThread: Thread finished: POST arrivals 1-26
2026-10-07 15:46:21,292 INFO o.a.j.t.JMeterThread: Thread is done: Search arrivals 2-4
2026-10-07 15:46:21,293 INFO o.a.j.t.JMeterThread: Thread finished: Search arrivals 2-4
2026-10-07 15:46:22,514 INFO o.a.j.t.JMeterThread: Thread started: POST arrivals 1-50
2026-10-07 15:46:22,954 INFO o.a.j.t.JMeterThread: Thread is done: POST arrivals 1-27
2026-10-07 15:46:22,954 INFO o.a.j.t.JMeterThread: Thread finished: POST arrivals 1-27
2026-10-07 15:46:23,466 INFO o.a.j.t.JMeterThread: Thread started: POST arrivals 1-51
2026-10-07 15:46:23,708 INFO o.a.j.t.JMeterThread: Thread started: Stats arrivals 3-1
2026-10-07 15:46:23,884 INFO o.a.j.t.JMeterThread: Thread is done: POST arrivals 1-28
2026-10-07 15:46:23,884 INFO o.a.j.t.JMeterThread: Thread finished: POST arrivals 1-28
2026-10-07 15:46:23,899 INFO o.a.j.t.JMeterThread: Thread is done: Search arrivals 2-5
2026-10-07 15:46:23,900 INFO o.a.j.t.JMeterThread: Thread finished: Search arrivals 2-5
2026-10-07 15:46:24,053 INFO o.a.j.t.JMeterThread: Thread started: POST arrivals 1-52
2026-10-07 15:46:24,150 INFO o.a.j.t.JMeterThread: Thread started: Search arrivals 2-8
2026-10-07 15:46:26,843 INFO o.a.j.t.JMeterThread: Thread is done: POST arrivals 1-29
2026-10-07 15:46:26,843 INFO o.a.j.t.JMeterThread: Thread finished: POST arrivals 1-29
2026-10-07 15:46:29,678 INFO o.a.j.t.JMeterThread: Thread started: Search arrivals 2-9
2026-10-07 15:46:30,001 INFO o.a.j.t.JMeterThread: Thread started: POST arrivals 1-53
2026-10-07 15:46:31,384 INFO o.a.j.r.Summariser: summary +     13 in 00:00:30 =    0.4/s Avg: 38481 Min: 31432 Max: 45630 Err:     0 (0.00%) Active: 29 Started: 63 Finished: 34
2026-10-07 15:46:31,386 INFO o.a.j.r.Summariser: summary =     35 in 00:01:27 =    0.4/s Avg: 24494 Min:  5082 Max: 45630 Err:     0 (0.00%)
2026-10-07 15:46:31,386 INFO o.a.j.t.JMeterThread: Thread is done: POST arrivals 1-30
2026-10-07 15:46:31,386 INFO o.a.j.t.JMeterThread: Thread finished: POST arrivals 1-30
2026-10-07 15:46:33,719 INFO o.a.j.t.JMeterThread: Thread is done: POST arrivals 1-31
2026-10-07 15:46:33,719 INFO o.a.j.t.JMeterThread: Thread finished: POST arrivals 1-31
2026-10-07 15:46:35,588 INFO o.a.j.t.JMeterThread: Thread is done: POST arrivals 1-32
2026-10-07 15:46:35,588 INFO o.a.j.t.JMeterThread: Thread finished: POST arrivals 1-32
2026-10-07 15:46:36,340 INFO o.a.j.t.JMeterThread: Thread started: Stats arrivals 3-2
2026-10-07 15:46:37,442 INFO o.a.j.t.JMeterThread: Thread started: POST arrivals 1-54
2026-10-07 15:46:38,208 INFO o.a.j.t.JMeterThread: Thread started: POST arrivals 1-55
2026-10-07 15:46:39,219 INFO o.a.j.t.JMeterThread: Thread is done: POST arrivals 1-33
2026-10-07 15:46:39,219 INFO o.a.j.t.JMeterThread: Thread finished: POST arrivals 1-33
2026-10-07 15:46:40,496 INFO o.a.j.t.JMeterThread: Thread is done: POST arrivals 1-34
2026-10-07 15:46:40,496 INFO o.a.j.t.JMeterThread: Thread finished: POST arrivals 1-34
2026-10-07 15:46:41,392 INFO o.a.j.t.JMeterThread: Thread started: Search arrivals 2-10
2026-10-07 15:46:42,598 INFO o.a.j.t.JMeterThread: Thread started: POST arrivals 1-56
2026-10-07 15:46:45,955 INFO o.a.j.t.JMeterThread: Thread is done: POST arrivals 1-35
2026-10-07 15:46:45,956 INFO o.a.j.t.JMeterThread: Thread finished: POST arrivals 1-35
2026-10-07 15:46:48,327 INFO o.a.j.t.JMeterThread: Thread is done: POST arrivals 1-36
2026-10-07 15:46:48,328 INFO o.a.j.t.JMeterThread: Thread finished: POST arrivals 1-36
2026-10-07 15:46:49,108 INFO o.a.j.t.JMeterThread: Thread started: POST arrivals 1-57
2026-10-07 15:46:51,337 INFO o.a.j.t.JMeterThread: Thread started: Search arrivals 2-11
2026-10-07 15:46:51,760 INFO o.a.j.t.JMeterThread: Thread is done: POST arrivals 1-37
2026-10-07 15:46:51,760 INFO o.a.j.t.JMeterThread: Thread finished: POST arrivals 1-37
2026-10-07 15:46:52,215 INFO o.a.j.t.JMeterThread: Thread started: POST arrivals 1-58
2026-10-07 15:46:53,833 INFO o.a.j.t.JMeterThread: Thread started: POST arrivals 1-59
2026-10-07 15:46:53,852 INFO o.a.j.t.JMeterThread: Thread started: Search arrivals 2-12
2026-10-07 15:46:54,775 INFO o.a.j.t.JMeterThread: Thread is done: POST arrivals 1-38
2026-10-07 15:46:54,775 INFO o.a.j.t.JMeterThread: Thread finished: POST arrivals 1-38
2026-10-07 15:46:54,871 INFO o.a.j.t.JMeterThread: Thread started: POST arrivals 1-60
2026-10-07 15:46:56,480 INFO o.a.j.t.JMeterThread: Thread is done: POST arrivals 1-39
2026-10-07 15:46:56,480 INFO o.a.j.t.JMeterThread: Thread finished: POST arrivals 1-39
2026-10-07 15:46:58,135 INFO o.a.j.t.JMeterThread: Thread started: Search arrivals 2-13
2026-10-07 15:46:59,117 INFO o.a.j.t.JMeterThread: Thread started: POST arrivals 1-61
2026-10-07 15:46:59,166 INFO o.a.j.t.JMeterThread: Thread started: POST arrivals 1-62
2026-10-07 15:47:00,480 INFO o.a.j.t.JMeterThread: Thread started: POST arrivals 1-63
2026-10-07 15:47:01,684 INFO o.a.j.r.Summariser: summary +     10 in 00:00:30 =    0.3/s Avg: 49026 Min: 43532 Max: 57956 Err:     0 (0.00%) Active: 34 Started: 78 Finished: 44
2026-10-07 15:47:01,685 INFO o.a.j.r.Summariser: summary =     45 in 00:01:57 =    0.4/s Avg: 29945 Min:  5082 Max: 57956 Err:     0 (0.00%)
2026-10-07 15:47:01,685 INFO o.a.j.t.JMeterThread: Thread is done: POST arrivals 1-40
2026-10-07 15:47:01,685 INFO o.a.j.t.JMeterThread: Thread finished: POST arrivals 1-40
2026-10-07 15:47:02,697 INFO o.a.j.t.JMeterThread: Thread started: POST arrivals 1-64
2026-10-07 15:47:03,542 INFO o.a.j.t.JMeterThread: Thread is done: POST arrivals 1-41
2026-10-07 15:47:03,542 INFO o.a.j.t.JMeterThread: Thread finished: POST arrivals 1-41
2026-10-07 15:47:03,557 INFO o.a.j.t.JMeterThread: Thread is done: Search arrivals 2-6
2026-10-07 15:47:03,557 INFO o.a.j.t.JMeterThread: Thread finished: Search arrivals 2-6
2026-10-07 15:47:04,530 INFO o.a.j.t.JMeterThread: Thread is done: POST arrivals 1-42
2026-10-07 15:47:04,530 INFO o.a.j.t.JMeterThread: Thread finished: POST arrivals 1-42
2026-10-07 15:47:05,083 INFO o.a.j.t.JMeterThread: Thread started: POST arrivals 1-65
2026-10-07 15:47:05,628 INFO o.a.j.t.JMeterThread: Thread started: POST arrivals 1-66
2026-10-07 15:47:06,639 INFO o.a.j.t.JMeterThread: Thread is done: POST arrivals 1-43
2026-10-07 15:47:06,639 INFO o.a.j.t.JMeterThread: Thread finished: POST arrivals 1-43
2026-10-07 15:47:09,153 INFO o.a.j.t.JMeterThread: Thread started: POST arrivals 1-67
2026-10-07 15:47:09,664 INFO o.a.j.t.JMeterThread: Thread started: Stats arrivals 3-3
2026-10-07 15:47:10,217 INFO o.a.j.t.JMeterThread: Thread started: Search arrivals 2-14
2026-10-07 15:47:11,004 INFO o.a.j.t.JMeterThread: Thread is done: POST arrivals 1-44
2026-10-07 15:47:11,005 INFO o.a.j.t.JMeterThread: Thread finished: POST arrivals 1-44
2026-10-07 15:47:11,263 INFO o.a.j.t.JMeterThread: Thread started: Search arrivals 2-15
2026-10-07 15:47:13,322 INFO o.a.j.t.JMeterThread: Thread started: POST arrivals 1-68
2026-10-07 15:47:13,850 INFO o.a.j.t.JMeterThread: Thread started: Search arrivals 2-16
2026-10-07 15:47:14,894 INFO o.a.j.t.JMeterThread: Thread is done: POST arrivals 1-45
2026-10-07 15:47:14,895 INFO o.a.j.t.JMeterThread: Thread finished: POST arrivals 1-45
2026-10-07 15:47:14,913 INFO o.a.j.t.JMeterThread: Thread is done: Search arrivals 2-7
2026-10-07 15:47:14,913 INFO o.a.j.t.JMeterThread: Thread finished: Search arrivals 2-7
2026-10-07 15:47:15,378 INFO o.a.j.t.JMeterThread: Thread started: POST arrivals 1-69
2026-10-07 15:47:19,363 INFO o.a.j.t.JMeterThread: Thread is done: POST arrivals 1-46
2026-10-07 15:47:19,363 INFO o.a.j.t.JMeterThread: Thread finished: POST arrivals 1-46
2026-10-07 15:47:21,001 INFO o.a.j.t.JMeterThread: Thread started: POST arrivals 1-70
2026-10-07 15:47:21,237 INFO o.a.j.t.JMeterThread: Thread is done: POST arrivals 1-47
2026-10-07 15:47:21,237 INFO o.a.j.t.JMeterThread: Thread finished: POST arrivals 1-47
2026-10-07 15:47:21,937 INFO o.a.j.t.JMeterThread: Thread started: POST arrivals 1-71
2026-10-07 15:47:22,009 INFO o.a.j.t.JMeterThread: Thread started: POST arrivals 1-72
2026-10-07 15:47:23,418 INFO o.a.j.t.JMeterThread: Thread is done: POST arrivals 1-48
2026-10-07 15:47:23,419 INFO o.a.j.t.JMeterThread: Thread finished: POST arrivals 1-48
2026-10-07 15:47:24,724 INFO o.a.j.t.JMeterThread: Thread started: POST arrivals 1-73
2026-10-07 15:47:25,205 INFO o.a.j.t.JMeterThread: Thread is done: POST arrivals 1-49
2026-10-07 15:47:25,205 INFO o.a.j.t.JMeterThread: Thread finished: POST arrivals 1-49
2026-10-07 15:47:26,773 INFO o.a.j.t.JMeterThread: Thread is done: POST arrivals 1-50
2026-10-07 15:47:26,773 INFO o.a.j.t.JMeterThread: Thread finished: POST arrivals 1-50
2026-10-07 15:47:27,131 INFO o.a.j.t.JMeterThread: Thread started: Search arrivals 2-17
2026-10-07 15:47:27,891 INFO o.a.j.t.JMeterThread: Thread is done: POST arrivals 1-51
2026-10-07 15:47:27,892 INFO o.a.j.t.JMeterThread: Thread finished: POST arrivals 1-51
2026-10-07 15:47:27,906 INFO o.a.j.t.JMeterThread: Thread is done: Stats arrivals 3-1
2026-10-07 15:47:27,907 INFO o.a.j.t.JMeterThread: Thread finished: Stats arrivals 3-1
2026-10-07 15:47:28,078 INFO o.a.j.t.JMeterThread: Thread started: POST arrivals 1-74
2026-10-07 15:47:28,528 INFO o.a.j.t.JMeterThread: Thread started: Stats arrivals 3-4
2026-10-07 15:47:31,486 INFO o.a.j.r.Summariser: summary +     15 in 00:00:30 =    0.5/s Avg: 61594 Min: 54189 Max: 67430 Err:     0 (0.00%) Active: 36 Started: 95 Finished: 59
2026-10-07 15:47:31,487 INFO o.a.j.r.Summariser: summary =     60 in 00:02:27 =    0.4/s Avg: 37858 Min:  5082 Max: 67430 Err:     0 (0.00%)
2026-10-07 15:47:31,488 INFO o.a.j.t.JMeterThread: Thread is done: POST arrivals 1-52
2026-10-07 15:47:31,488 INFO o.a.j.t.JMeterThread: Thread finished: POST arrivals 1-52
2026-10-07 15:47:31,503 INFO o.a.j.t.JMeterThread: Thread is done: Search arrivals 2-8
2026-10-07 15:47:31,503 INFO o.a.j.t.JMeterThread: Thread finished: Search arrivals 2-8
2026-10-07 15:47:31,520 INFO o.a.j.t.JMeterThread: Thread is done: Search arrivals 2-9
2026-10-07 15:47:31,520 INFO o.a.j.t.JMeterThread: Thread finished: Search arrivals 2-9
2026-10-07 15:47:32,118 INFO o.a.j.t.JMeterThread: Thread started: POST arrivals 1-75
2026-10-07 15:47:33,772 INFO o.a.j.t.JMeterThread: Thread is done: POST arrivals 1-53
2026-10-07 15:47:33,772 INFO o.a.j.t.JMeterThread: Thread finished: POST arrivals 1-53
2026-10-07 15:47:33,787 INFO o.a.j.t.JMeterThread: Thread is done: Stats arrivals 3-2
2026-10-07 15:47:33,787 INFO o.a.j.t.JMeterThread: Thread finished: Stats arrivals 3-2
2026-10-07 15:47:34,456 INFO o.a.j.t.JMeterThread: Thread started: Stats arrivals 3-5
2026-10-07 15:47:35,101 INFO o.a.j.t.JMeterThread: Thread is done: POST arrivals 1-54
2026-10-07 15:47:35,101 INFO o.a.j.t.JMeterThread: Thread finished: POST arrivals 1-54
2026-10-07 15:47:36,999 INFO o.a.j.t.JMeterThread: Thread is done: POST arrivals 1-55
2026-10-07 15:47:37,000 INFO o.a.j.t.JMeterThread: Thread finished: POST arrivals 1-55
2026-10-07 15:47:37,020 INFO o.a.j.t.JMeterThread: Thread is done: Search arrivals 2-10
2026-10-07 15:47:37,023 INFO o.a.j.t.JMeterThread: Thread finished: Search arrivals 2-10
2026-10-07 15:47:37,839 INFO o.a.j.t.JMeterThread: Thread started: Search arrivals 2-18
2026-10-07 15:47:38,702 INFO o.a.j.t.JMeterThread: Thread is done: POST arrivals 1-56
2026-10-07 15:47:38,702 INFO o.a.j.t.JMeterThread: Thread finished: POST arrivals 1-56
2026-10-07 15:47:39,485 INFO o.a.j.t.JMeterThread: Thread started: POST arrivals 1-76
2026-10-07 15:47:40,734 INFO o.a.j.t.JMeterThread: Thread is done: POST arrivals 1-57
2026-10-07 15:47:40,734 INFO o.a.j.t.JMeterThread: Thread finished: POST arrivals 1-57
2026-10-07 15:47:40,757 INFO o.a.j.t.JMeterThread: Thread is done: Search arrivals 2-11
2026-10-07 15:47:40,757 INFO o.a.j.t.JMeterThread: Thread finished: Search arrivals 2-11
2026-10-07 15:47:40,957 INFO o.a.j.t.JMeterThread: Thread started: POST arrivals 1-77
2026-10-07 15:47:41,027 INFO o.a.j.t.JMeterThread: Thread started: POST arrivals 1-78
2026-10-07 15:47:41,445 INFO o.a.j.t.JMeterThread: Thread started: Search arrivals 2-19
2026-10-07 15:47:43,763 INFO o.a.j.t.JMeterThread: Thread started: Search arrivals 2-20
2026-10-07 15:47:44,491 INFO o.a.j.t.JMeterThread: Thread is done: POST arrivals 1-58
2026-10-07 15:47:44,491 INFO o.a.j.t.JMeterThread: Thread finished: POST arrivals 1-58
2026-10-07 15:47:45,083 INFO o.a.j.t.JMeterThread: Thread started: Search arrivals 2-21
2026-10-07 15:47:45,690 INFO o.a.j.t.JMeterThread: Thread is done: POST arrivals 1-59
2026-10-07 15:47:45,690 INFO o.a.j.t.JMeterThread: Thread finished: POST arrivals 1-59
2026-10-07 15:47:45,709 INFO o.a.j.t.JMeterThread: Thread is done: Search arrivals 2-12
2026-10-07 15:47:45,710 INFO o.a.j.t.JMeterThread: Thread finished: Search arrivals 2-12
2026-10-07 15:47:46,891 INFO o.a.j.t.JMeterThread: Thread started: POST arrivals 1-79
2026-10-07 15:47:47,131 INFO o.a.j.t.JMeterThread: Thread is done: POST arrivals 1-60
2026-10-07 15:47:47,131 INFO o.a.j.t.JMeterThread: Thread finished: POST arrivals 1-60
2026-10-07 15:47:47,145 INFO o.a.j.t.JMeterThread: Thread is done: Search arrivals 2-13
2026-10-07 15:47:47,145 INFO o.a.j.t.JMeterThread: Thread finished: Search arrivals 2-13
2026-10-07 15:47:48,202 INFO o.a.j.t.JMeterThread: Thread started: POST arrivals 1-80
2026-10-07 15:47:49,406 INFO o.a.j.t.JMeterThread: Thread is done: POST arrivals 1-61
2026-10-07 15:47:49,406 INFO o.a.j.t.JMeterThread: Thread finished: POST arrivals 1-61
2026-10-07 15:47:49,671 INFO o.a.j.t.JMeterThread: Thread started: POST arrivals 1-81
2026-10-07 15:47:49,687 INFO o.a.j.t.JMeterThread: Thread started: POST arrivals 1-82
2026-10-07 15:47:50,075 INFO o.a.j.t.JMeterThread: Thread started: Search arrivals 2-22
2026-10-07 15:47:50,800 INFO o.a.j.t.JMeterThread: Thread started: POST arrivals 1-83
2026-10-07 15:47:50,987 INFO o.a.j.t.JMeterThread: Thread started: POST arrivals 1-84
2026-10-07 15:47:53,392 INFO o.a.j.t.JMeterThread: Thread started: POST arrivals 1-85
2026-10-07 15:47:53,603 INFO o.a.j.t.JMeterThread: Thread is done: POST arrivals 1-62
2026-10-07 15:47:53,603 INFO o.a.j.t.JMeterThread: Thread finished: POST arrivals 1-62
2026-10-07 15:47:56,299 INFO o.a.j.t.JMeterThread: Thread started: POST arrivals 1-86
2026-10-07 15:47:56,432 INFO o.a.j.t.JMeterThread: Thread is done: POST arrivals 1-63
2026-10-07 15:47:56,433 INFO o.a.j.t.JMeterThread: Thread finished: POST arrivals 1-63
2026-10-07 15:47:58,131 INFO o.a.j.t.JMeterThread: Thread started: POST arrivals 1-87
2026-10-07 15:47:58,149 INFO o.a.j.t.JMeterThread: Thread is done: POST arrivals 1-64
2026-10-07 15:47:58,149 INFO o.a.j.t.JMeterThread: Thread finished: POST arrivals 1-64
2026-10-07 15:47:58,890 INFO o.a.j.t.JMeterThread: Thread started: Search arrivals 2-23
2026-10-07 15:48:00,009 INFO o.a.j.r.Summariser: summary +     20 in 00:00:29 =    0.7/s Avg: 55394 Min: 49008 Max: 67351 Err:     0 (0.00%) Active: 36 Started: 115 Finished: 79
2026-10-07 15:48:00,012 INFO o.a.j.r.Summariser: summary =     80 in 00:02:55 =    0.5/s Avg: 42242 Min:  5082 Max: 67430 Err:     0 (0.00%)
2026-10-07 15:48:00,012 INFO o.a.j.t.JMeterThread: Thread is done: POST arrivals 1-65
2026-10-07 15:48:00,012 INFO o.a.j.t.JMeterThread: Thread finished: POST arrivals 1-65
2026-10-07 15:48:01,516 INFO o.a.j.t.JMeterThread: Thread is done: POST arrivals 1-66
2026-10-07 15:48:01,516 INFO o.a.j.t.JMeterThread: Thread finished: POST arrivals 1-66
2026-10-07 15:48:01,965 INFO o.a.j.t.JMeterThread: Thread started: POST arrivals 1-88
2026-10-07 15:48:02,272 INFO o.a.j.t.JMeterThread: Thread started: POST arrivals 1-89
2026-10-07 15:48:02,916 INFO o.a.j.t.JMeterThread: Thread started: POST arrivals 1-90
2026-10-07 15:48:02,974 INFO o.a.j.t.JMeterThread: Thread started: POST arrivals 1-91
2026-10-07 15:48:04,419 INFO o.a.j.t.JMeterThread: Thread is done: POST arrivals 1-67
2026-10-07 15:48:04,420 INFO o.a.j.t.JMeterThread: Thread finished: POST arrivals 1-67
2026-10-07 15:48:04,435 INFO o.a.j.t.JMeterThread: Thread is done: Stats arrivals 3-3
2026-10-07 15:48:04,436 INFO o.a.j.t.JMeterThread: Thread finished: Stats arrivals 3-3
2026-10-07 15:48:04,464 INFO o.a.j.t.JMeterThread: Thread is done: Search arrivals 2-14
2026-10-07 15:48:04,464 INFO o.a.j.t.JMeterThread: Thread finished: Search arrivals 2-14
2026-10-07 15:48:04,489 INFO o.a.j.t.JMeterThread: Thread is done: Search arrivals 2-15
2026-10-07 15:48:04,489 INFO o.a.j.t.JMeterThread: Thread finished: Search arrivals 2-15
2026-10-07 15:48:05,535 INFO o.a.j.t.JMeterThread: Thread started: POST arrivals 1-92
2026-10-07 15:48:06,886 INFO o.a.j.t.JMeterThread: Thread is done: POST arrivals 1-68
2026-10-07 15:48:06,886 INFO o.a.j.t.JMeterThread: Thread finished: POST arrivals 1-68
2026-10-07 15:48:06,915 INFO o.a.j.t.JMeterThread: Thread is done: Search arrivals 2-16
2026-10-07 15:48:06,915 INFO o.a.j.t.JMeterThread: Thread finished: Search arrivals 2-16
2026-10-07 15:48:09,137 INFO o.a.j.t.JMeterThread: Thread is done: POST arrivals 1-69
2026-10-07 15:48:09,137 INFO o.a.j.t.JMeterThread: Thread finished: POST arrivals 1-69
2026-10-07 15:48:10,803 INFO o.a.j.t.JMeterThread: Thread started: POST arrivals 1-93
2026-10-07 15:48:11,360 INFO o.a.j.t.JMeterThread: Thread is done: POST arrivals 1-70
2026-10-07 15:48:11,360 INFO o.a.j.t.JMeterThread: Thread finished: POST arrivals 1-70
2026-10-07 15:48:11,921 INFO o.a.j.t.JMeterThread: Thread started: Search arrivals 2-24
2026-10-07 15:48:12,346 INFO o.a.j.t.JMeterThread: Thread started: POST arrivals 1-94
2026-10-07 15:48:12,675 INFO o.a.j.t.JMeterThread: Thread started: Search arrivals 2-25
2026-10-07 15:48:13,380 INFO o.a.j.t.JMeterThread: Thread is done: POST arrivals 1-71
2026-10-07 15:48:13,380 INFO o.a.j.t.JMeterThread: Thread finished: POST arrivals 1-71
2026-10-07 15:48:13,492 INFO o.a.j.t.JMeterThread: Thread started: POST arrivals 1-95
2026-10-07 15:48:13,621 INFO o.a.j.t.JMeterThread: Thread started: POST arrivals 1-96
2026-10-07 15:48:15,390 INFO o.a.j.t.JMeterThread: Thread is done: POST arrivals 1-72
2026-10-07 15:48:15,390 INFO o.a.j.t.JMeterThread: Thread finished: POST arrivals 1-72
2026-10-07 15:48:16,026 INFO o.a.j.t.JMeterThread: Thread started: POST arrivals 1-97
2026-10-07 15:48:16,999 INFO o.a.j.t.JMeterThread: Thread is done: POST arrivals 1-73
2026-10-07 15:48:16,999 INFO o.a.j.t.JMeterThread: Thread finished: POST arrivals 1-73
2026-10-07 15:48:17,022 INFO o.a.j.t.JMeterThread: Thread is done: Search arrivals 2-17
2026-10-07 15:48:17,022 INFO o.a.j.t.JMeterThread: Thread finished: Search arrivals 2-17
2026-10-07 15:48:17,890 INFO o.a.j.t.JMeterThread: Thread started: POST arrivals 1-98
2026-10-07 15:48:18,790 INFO o.a.j.t.JMeterThread: Thread started: POST arrivals 1-99
2026-10-07 15:48:20,646 INFO o.a.j.t.JMeterThread: Thread started: Search arrivals 2-26
2026-10-07 15:48:21,255 INFO o.a.j.t.JMeterThread: Thread is done: POST arrivals 1-74
2026-10-07 15:48:21,255 INFO o.a.j.t.JMeterThread: Thread finished: POST arrivals 1-74
2026-10-07 15:48:21,272 INFO o.a.j.t.JMeterThread: Thread is done: Stats arrivals 3-4
2026-10-07 15:48:21,272 INFO o.a.j.t.JMeterThread: Thread finished: Stats arrivals 3-4
2026-10-07 15:48:21,373 INFO o.a.j.t.JMeterThread: Thread started: Search arrivals 2-27
2026-10-07 15:48:22,575 INFO o.a.j.t.JMeterThread: Thread started: POST arrivals 1-100
2026-10-07 15:48:22,911 INFO o.a.j.t.JMeterThread: Thread is done: POST arrivals 1-75
2026-10-07 15:48:22,912 INFO o.a.j.t.JMeterThread: Thread finished: POST arrivals 1-75
2026-10-07 15:48:22,930 INFO o.a.j.t.JMeterThread: Thread is done: Stats arrivals 3-5
2026-10-07 15:48:22,930 INFO o.a.j.t.JMeterThread: Thread finished: Stats arrivals 3-5
2026-10-07 15:48:22,956 INFO o.a.j.t.JMeterThread: Thread is done: Search arrivals 2-18
2026-10-07 15:48:22,958 INFO o.a.j.t.JMeterThread: Thread finished: Search arrivals 2-18
2026-10-07 15:48:23,345 INFO o.a.j.t.JMeterThread: Thread started: Stats arrivals 3-6
2026-10-07 15:48:24,114 INFO o.a.j.t.JMeterThread: Thread started: POST arrivals 1-101
2026-10-07 15:48:24,318 INFO o.a.j.t.JMeterThread: Thread started: POST arrivals 1-102
2026-10-07 15:48:25,806 INFO o.a.j.t.JMeterThread: Thread is done: POST arrivals 1-76
2026-10-07 15:48:25,806 INFO o.a.j.t.JMeterThread: Thread finished: POST arrivals 1-76
2026-10-07 15:48:27,396 INFO o.a.j.t.JMeterThread: Thread started: Search arrivals 2-28
2026-10-07 15:48:30,644 INFO o.a.j.t.JMeterThread: Thread started: POST arrivals 1-103
2026-10-07 15:48:30,762 INFO o.a.j.t.JMeterThread: Thread started: POST arrivals 1-104
2026-10-07 15:48:31,648 INFO o.a.j.t.JMeterThread: Thread started: POST arrivals 1-105
2026-10-07 15:48:31,854 INFO o.a.j.r.Summariser: summary +     20 in 00:00:32 =    0.6/s Avg: 51928 Min: 45115 Max: 55883 Err:     0 (0.00%) Active: 40 Started: 139 Finished: 99
2026-10-07 15:48:31,855 INFO o.a.j.r.Summariser: summary =    100 in 00:03:27 =    0.5/s Avg: 44179 Min:  5082 Max: 67430 Err:     0 (0.00%)
2026-10-07 15:48:31,855 INFO o.a.j.t.JMeterThread: Thread is done: POST arrivals 1-77
2026-10-07 15:48:31,855 INFO o.a.j.t.JMeterThread: Thread finished: POST arrivals 1-77
2026-10-07 15:48:35,669 INFO o.a.j.t.JMeterThread: Thread is done: POST arrivals 1-78
2026-10-07 15:48:35,669 INFO o.a.j.t.JMeterThread: Thread finished: POST arrivals 1-78
2026-10-07 15:48:35,693 INFO o.a.j.t.JMeterThread: Thread is done: Search arrivals 2-19
2026-10-07 15:48:35,694 INFO o.a.j.t.JMeterThread: Thread finished: Search arrivals 2-19
2026-10-07 15:48:35,712 INFO o.a.j.t.JMeterThread: Thread is done: Search arrivals 2-20
2026-10-07 15:48:35,712 INFO o.a.j.t.JMeterThread: Thread finished: Search arrivals 2-20
2026-10-07 15:48:35,732 INFO o.a.j.t.JMeterThread: Thread is done: Search arrivals 2-21
2026-10-07 15:48:35,732 INFO o.a.j.t.JMeterThread: Thread finished: Search arrivals 2-21
2026-10-07 15:48:36,816 INFO o.a.j.t.JMeterThread: Thread is done: POST arrivals 1-79
2026-10-07 15:48:36,816 INFO o.a.j.t.JMeterThread: Thread finished: POST arrivals 1-79
2026-10-07 15:48:36,984 INFO o.a.j.t.JMeterThread: Thread started: POST arrivals 1-106
2026-10-07 15:48:39,450 INFO o.a.j.t.JMeterThread: Thread is done: POST arrivals 1-80
2026-10-07 15:48:39,450 INFO o.a.j.t.JMeterThread: Thread finished: POST arrivals 1-80
2026-10-07 15:48:39,451 INFO o.a.j.t.JMeterThread: Thread started: POST arrivals 1-107
2026-10-07 15:48:40,212 INFO o.a.j.t.JMeterThread: Thread started: POST arrivals 1-108
2026-10-07 15:48:41,875 INFO o.a.j.t.JMeterThread: Thread started: POST arrivals 1-109
2026-10-07 15:48:42,218 INFO o.a.j.t.JMeterThread: Thread is done: POST arrivals 1-81
2026-10-07 15:48:42,218 INFO o.a.j.t.JMeterThread: Thread finished: POST arrivals 1-81
2026-10-07 15:48:44,068 INFO o.a.j.t.JMeterThread: Thread started: POST arrivals 1-110
2026-10-07 15:48:46,716 INFO o.a.j.t.JMeterThread: Thread is done: POST arrivals 1-82
2026-10-07 15:48:46,716 INFO o.a.j.t.JMeterThread: Thread finished: POST arrivals 1-82
2026-10-07 15:48:46,738 INFO o.a.j.t.JMeterThread: Thread is done: Search arrivals 2-22
2026-10-07 15:48:46,738 INFO o.a.j.t.JMeterThread: Thread finished: Search arrivals 2-22
2026-10-07 15:48:47,300 INFO o.a.j.t.JMeterThread: Thread started: Search arrivals 2-29
2026-10-07 15:48:48,485 INFO o.a.j.t.JMeterThread: Thread started: POST arrivals 1-111
2026-10-07 15:48:48,615 INFO o.a.j.t.JMeterThread: Thread started: POST arrivals 1-112
2026-10-07 15:48:48,914 INFO o.a.j.t.JMeterThread: Thread started: Search arrivals 2-30
2026-10-07 15:48:49,053 INFO o.a.j.t.JMeterThread: Thread started: POST arrivals 1-113
2026-10-07 15:48:49,823 INFO o.a.j.t.JMeterThread: Thread started: POST arrivals 1-114
2026-10-07 15:48:52,197 INFO o.a.j.t.JMeterThread: Thread is done: POST arrivals 1-83
2026-10-07 15:48:52,197 INFO o.a.j.t.JMeterThread: Thread finished: POST arrivals 1-83
2026-10-07 15:48:52,671 INFO o.a.j.t.JMeterThread: Thread started: POST arrivals 1-115
2026-10-07 15:48:53,012 INFO o.a.j.t.JMeterThread: Thread started: POST arrivals 1-116
2026-10-07 15:48:54,481 INFO o.a.j.t.JMeterThread: Thread started: Search arrivals 2-31
2026-10-07 15:48:54,651 INFO o.a.j.t.JMeterThread: Thread started: POST arrivals 1-117
2026-10-07 15:48:54,924 INFO o.a.j.t.JMeterThread: Thread started: Search arrivals 2-32
2026-10-07 15:48:56,242 INFO o.a.j.t.JMeterThread: Thread is done: POST arrivals 1-84
2026-10-07 15:48:56,242 INFO o.a.j.t.JMeterThread: Thread finished: POST arrivals 1-84
2026-10-07 15:48:56,266 INFO o.a.j.t.JMeterThread: Thread started: POST arrivals 1-118
2026-10-07 15:48:56,687 INFO o.a.j.t.JMeterThread: Thread started: Search arrivals 2-33
2026-10-07 15:48:57,657 INFO o.a.j.t.JMeterThread: Thread started: POST arrivals 1-119
2026-10-07 15:48:57,909 INFO o.a.j.t.JMeterThread: Thread started: POST arrivals 1-120
2026-10-07 15:49:01,949 INFO o.a.j.r.Summariser: summary +     12 in 00:00:30 =    0.4/s Avg: 56172 Min: 49919 Max: 68554 Err:     0 (0.00%) Active: 48 Started: 159 Finished: 111
2026-10-07 15:49:01,949 INFO o.a.j.r.Summariser: summary =    112 in 00:03:57 =    0.5/s Avg: 45464 Min:  5082 Max: 68554 Err:     0 (0.00%)
2026-10-07 15:49:01,949 INFO o.a.j.t.JMeterThread: Thread is done: POST arrivals 1-85
2026-10-07 15:49:01,949 INFO o.a.j.t.JMeterThread: Thread finished: POST arrivals 1-85
2026-10-07 15:49:02,418 INFO o.a.j.t.JMeterThread: Thread started: POST arrivals 1-121
2026-10-07 15:49:02,721 INFO o.a.j.t.JMeterThread: Thread started: POST arrivals 1-122
2026-10-07 15:49:02,741 INFO o.a.j.t.JMeterThread: Thread started: POST arrivals 1-123
2026-10-07 15:49:04,590 INFO o.a.j.t.JMeterThread: Thread started: POST arrivals 1-124
2026-10-07 15:49:04,756 INFO o.a.j.t.JMeterThread: Thread is done: POST arrivals 1-86
2026-10-07 15:49:04,756 INFO o.a.j.t.JMeterThread: Thread finished: POST arrivals 1-86
2026-10-07 15:49:05,526 INFO o.a.j.t.JMeterThread: Thread started: POST arrivals 1-125
2026-10-07 15:49:05,747 INFO o.a.j.t.JMeterThread: Thread started: POST arrivals 1-126
2026-10-07 15:49:06,205 INFO o.a.j.t.JMeterThread: Thread started: POST arrivals 1-127
2026-10-07 15:49:06,241 INFO o.a.j.t.JMeterThread: Thread started: POST arrivals 1-128
2026-10-07 15:49:08,200 INFO o.a.j.t.JMeterThread: Thread is done: POST arrivals 1-87
2026-10-07 15:49:08,200 INFO o.a.j.t.JMeterThread: Thread finished: POST arrivals 1-87
2026-10-07 15:49:08,219 INFO o.a.j.t.JMeterThread: Thread is done: Search arrivals 2-23
2026-10-07 15:49:08,220 INFO o.a.j.t.JMeterThread: Thread finished: Search arrivals 2-23
2026-10-07 15:49:09,410 INFO o.a.j.t.JMeterThread: Thread is done: POST arrivals 1-88
2026-10-07 15:49:09,410 INFO o.a.j.t.JMeterThread: Thread finished: POST arrivals 1-88
2026-10-07 15:49:11,053 INFO o.a.j.t.JMeterThread: Thread started: Search arrivals 2-34
2026-10-07 15:49:11,203 INFO o.a.j.t.JMeterThread: Thread started: POST arrivals 1-129
2026-10-07 15:49:11,618 INFO o.a.j.t.JMeterThread: Thread is done: POST arrivals 1-89
2026-10-07 15:49:11,619 INFO o.a.j.t.JMeterThread: Thread finished: POST arrivals 1-89
2026-10-07 15:49:12,390 INFO o.a.j.t.JMeterThread: Thread started: POST arrivals 1-130
2026-10-07 15:49:13,044 INFO o.a.j.t.JMeterThread: Thread is done: POST arrivals 1-90
2026-10-07 15:49:13,044 INFO o.a.j.t.JMeterThread: Thread finished: POST arrivals 1-90
2026-10-07 15:49:15,047 INFO o.a.j.t.JMeterThread: Thread started: POST arrivals 1-131
2026-10-07 15:49:15,938 INFO o.a.j.t.JMeterThread: Thread is done: POST arrivals 1-91
2026-10-07 15:49:15,938 INFO o.a.j.t.JMeterThread: Thread finished: POST arrivals 1-91
2026-10-07 15:49:16,972 INFO o.a.j.t.JMeterThread: Thread started: Search arrivals 2-35
2026-10-07 15:49:17,551 INFO o.a.j.t.JMeterThread: Thread started: POST arrivals 1-132
2026-10-07 15:49:17,961 INFO o.a.j.t.JMeterThread: Thread is done: POST arrivals 1-92
2026-10-07 15:49:17,961 INFO o.a.j.t.JMeterThread: Thread finished: POST arrivals 1-92
2026-10-07 15:49:18,280 INFO o.a.j.t.JMeterThread: Thread started: POST arrivals 1-133
2026-10-07 15:49:18,887 INFO o.a.j.t.JMeterThread: Thread started: POST arrivals 1-134
2026-10-07 15:49:19,067 INFO o.a.j.t.JMeterThread: Thread is done: POST arrivals 1-93
2026-10-07 15:49:19,068 INFO o.a.j.t.JMeterThread: Thread finished: POST arrivals 1-93
2026-10-07 15:49:19,092 INFO o.a.j.t.JMeterThread: Thread is done: Search arrivals 2-24
2026-10-07 15:49:19,092 INFO o.a.j.t.JMeterThread: Thread finished: Search arrivals 2-24
2026-10-07 15:49:20,609 INFO o.a.j.t.JMeterThread: Thread started: POST arrivals 1-135
2026-10-07 15:49:21,190 INFO o.a.j.t.JMeterThread: Thread is done: POST arrivals 1-94
2026-10-07 15:49:21,190 INFO o.a.j.t.JMeterThread: Thread finished: POST arrivals 1-94
2026-10-07 15:49:21,218 INFO o.a.j.t.JMeterThread: Thread is done: Search arrivals 2-25
2026-10-07 15:49:21,219 INFO o.a.j.t.JMeterThread: Thread finished: Search arrivals 2-25
2026-10-07 15:49:21,627 INFO o.a.j.t.JMeterThread: Thread started: POST arrivals 1-136
2026-10-07 15:49:22,039 INFO o.a.j.t.JMeterThread: Thread started: POST arrivals 1-137
2026-10-07 15:49:23,617 INFO o.a.j.t.JMeterThread: Thread is done: POST arrivals 1-95
2026-10-07 15:49:23,617 INFO o.a.j.t.JMeterThread: Thread finished: POST arrivals 1-95
2026-10-07 15:49:24,886 INFO o.a.j.t.JMeterThread: Thread started: Stats arrivals 3-7
2026-10-07 15:49:25,186 INFO o.a.j.t.JMeterThread: Thread started: POST arrivals 1-138
2026-10-07 15:49:25,586 INFO o.a.j.t.JMeterThread: Thread is done: POST arrivals 1-96
2026-10-07 15:49:25,586 INFO o.a.j.t.JMeterThread: Thread finished: POST arrivals 1-96
2026-10-07 15:49:26,691 INFO o.a.j.t.JMeterThread: Thread started: POST arrivals 1-139
2026-10-07 15:49:26,812 INFO o.a.j.t.JMeterThread: Thread is done: POST arrivals 1-97
2026-10-07 15:49:26,813 INFO o.a.j.t.JMeterThread: Thread finished: POST arrivals 1-97
2026-10-07 15:49:27,324 INFO o.a.j.t.JMeterThread: Thread started: POST arrivals 1-140
2026-10-07 15:49:27,885 INFO o.a.j.t.JMeterThread: Thread started: Search arrivals 2-36
2026-10-07 15:49:28,273 INFO o.a.j.t.JMeterThread: Thread is done: POST arrivals 1-98
2026-10-07 15:49:28,273 INFO o.a.j.t.JMeterThread: Thread finished: POST arrivals 1-98
2026-10-07 15:49:28,918 INFO o.a.j.t.JMeterThread: Thread started: POST arrivals 1-141
2026-10-07 15:49:30,772 INFO o.a.j.t.JMeterThread: Thread started: POST arrivals 1-142
2026-10-07 15:49:31,403 INFO o.a.j.t.JMeterThread: Thread started: POST arrivals 1-143
2026-10-07 15:49:31,723 INFO o.a.j.t.JMeterThread: Thread started: POST arrivals 1-144
2026-10-07 15:49:32,608 INFO o.a.j.r.Summariser: summary +     17 in 00:00:31 =    0.6/s Avg: 69998 Min: 67168 Max: 73814 Err:     0 (0.00%) Active: 59 Started: 187 Finished: 128
2026-10-07 15:49:32,610 INFO o.a.j.r.Summariser: summary =    129 in 00:04:28 =    0.5/s Avg: 48697 Min:  5082 Max: 73814 Err:     0 (0.00%)
2026-10-07 15:49:32,610 INFO o.a.j.t.JMeterThread: Thread is done: POST arrivals 1-99
2026-10-07 15:49:32,610 INFO o.a.j.t.JMeterThread: Thread finished: POST arrivals 1-99
2026-10-07 15:49:32,628 INFO o.a.j.t.JMeterThread: Thread is done: Search arrivals 2-26
2026-10-07 15:49:32,628 INFO o.a.j.t.JMeterThread: Thread finished: Search arrivals 2-26
2026-10-07 15:49:32,651 INFO o.a.j.t.JMeterThread: Thread is done: Search arrivals 2-27
2026-10-07 15:49:32,651 INFO o.a.j.t.JMeterThread: Thread finished: Search arrivals 2-27
2026-10-07 15:49:32,885 INFO o.a.j.t.JMeterThread: Thread started: POST arrivals 1-145
2026-10-07 15:49:34,334 INFO o.a.j.t.JMeterThread: Thread is done: POST arrivals 1-100
2026-10-07 15:49:34,334 INFO o.a.j.t.JMeterThread: Thread finished: POST arrivals 1-100
2026-10-07 15:49:34,350 INFO o.a.j.t.JMeterThread: Thread is done: Stats arrivals 3-6
2026-10-07 15:49:34,350 INFO o.a.j.t.JMeterThread: Thread finished: Stats arrivals 3-6
2026-10-07 15:49:36,927 INFO o.a.j.t.JMeterThread: Thread is done: POST arrivals 1-101
2026-10-07 15:49:36,927 INFO o.a.j.t.JMeterThread: Thread finished: POST arrivals 1-101
2026-10-07 15:49:37,427 INFO o.a.j.t.JMeterThread: Thread started: POST arrivals 1-146
2026-10-07 15:49:37,456 INFO o.a.j.t.JMeterThread: Thread started: POST arrivals 1-147
2026-10-07 15:49:38,593 INFO o.a.j.t.JMeterThread: Thread is done: POST arrivals 1-102
2026-10-07 15:49:38,594 INFO o.a.j.t.JMeterThread: Thread finished: POST arrivals 1-102
2026-10-07 15:49:38,615 INFO o.a.j.t.JMeterThread: Thread is done: Search arrivals 2-28
2026-10-07 15:49:38,616 INFO o.a.j.t.JMeterThread: Thread finished: Search arrivals 2-28
2026-10-07 15:49:39,147 INFO o.a.j.t.JMeterThread: Thread started: POST arrivals 1-148
2026-10-07 15:49:39,981 INFO o.a.j.t.JMeterThread: Thread started: Search arrivals 2-37
2026-10-07 15:49:40,713 INFO o.a.j.t.JMeterThread: Thread is done: POST arrivals 1-103
2026-10-07 15:49:40,713 INFO o.a.j.t.JMeterThread: Thread finished: POST arrivals 1-103
2026-10-07 15:49:41,001 INFO o.a.j.t.JMeterThread: Thread started: POST arrivals 1-149
2026-10-07 15:49:43,666 INFO o.a.j.t.JMeterThread: Thread is done: POST arrivals 1-104
2026-10-07 15:49:43,666 INFO o.a.j.t.JMeterThread: Thread finished: POST arrivals 1-104
2026-10-07 15:49:43,682 INFO o.a.j.t.JMeterThread: Thread started: POST arrivals 1-150
2026-10-07 15:49:45,167 INFO o.a.j.t.JMeterThread: Thread started: Search arrivals 2-38
2026-10-07 15:49:46,334 INFO o.a.j.t.JMeterThread: Thread started: Search arrivals 2-39
2026-10-07 15:49:47,142 INFO o.a.j.t.JMeterThread: Thread is done: POST arrivals 1-105
2026-10-07 15:49:47,142 INFO o.a.j.t.JMeterThread: Thread finished: POST arrivals 1-105
2026-10-07 15:49:47,625 INFO o.a.j.t.JMeterThread: Thread started: Stats arrivals 3-8
2026-10-07 15:49:47,914 INFO o.a.j.t.JMeterThread: Thread started: POST arrivals 1-151
2026-10-07 15:49:48,363 INFO o.a.j.t.JMeterThread: Thread started: Stats arrivals 3-9
2026-10-07 15:49:48,861 INFO o.a.j.t.JMeterThread: Thread started: POST arrivals 1-152
2026-10-07 15:49:49,953 INFO o.a.j.t.JMeterThread: Thread is done: POST arrivals 1-106
2026-10-07 15:49:49,953 INFO o.a.j.t.JMeterThread: Thread finished: POST arrivals 1-106
2026-10-07 15:49:51,586 INFO o.a.j.t.JMeterThread: Thread started: POST arrivals 1-153
2026-10-07 15:49:51,717 INFO o.a.j.t.JMeterThread: Thread started: POST arrivals 1-154
2026-10-07 15:49:52,077 INFO o.a.j.t.JMeterThread: Thread is done: POST arrivals 1-107
2026-10-07 15:49:52,077 INFO o.a.j.t.JMeterThread: Thread finished: POST arrivals 1-107
2026-10-07 15:49:52,682 INFO o.a.j.t.JMeterThread: Thread started: Search arrivals 2-40
2026-10-07 15:49:53,768 INFO o.a.j.t.JMeterThread: Thread started: POST arrivals 1-155
2026-10-07 15:49:54,212 INFO o.a.j.t.JMeterThread: Thread started: POST arrivals 1-156
2026-10-07 15:49:54,974 INFO o.a.j.t.JMeterThread: Thread is done: POST arrivals 1-108
2026-10-07 15:49:54,975 INFO o.a.j.t.JMeterThread: Thread finished: POST arrivals 1-108
2026-10-07 15:49:56,576 INFO o.a.j.t.JMeterThread: Thread started: POST arrivals 1-157
2026-10-07 15:49:57,930 INFO o.a.j.t.JMeterThread: Thread is done: POST arrivals 1-109
2026-10-07 15:49:57,931 INFO o.a.j.t.JMeterThread: Thread finished: POST arrivals 1-109
2026-10-07 15:49:58,638 INFO o.a.j.t.JMeterThread: Thread started: POST arrivals 1-158
2026-10-07 15:49:59,645 INFO o.a.j.t.JMeterThread: Thread started: POST arrivals 1-159
2026-10-07 15:49:59,869 INFO o.a.j.t.JMeterThread: Thread started: POST arrivals 1-160
2026-10-07 15:49:59,940 INFO o.a.j.t.JMeterThread: Thread started: POST arrivals 1-161
2026-10-07 15:49:59,965 INFO o.a.j.t.JMeterThread: Thread is done: POST arrivals 1-110
2026-10-07 15:49:59,965 INFO o.a.j.t.JMeterThread: Thread finished: POST arrivals 1-110
2026-10-07 15:49:59,988 INFO o.a.j.t.JMeterThread: Thread is done: Search arrivals 2-29
2026-10-07 15:49:59,988 INFO o.a.j.t.JMeterThread: Thread finished: Search arrivals 2-29
2026-10-07 15:50:00,513 INFO o.a.j.t.JMeterThread: Thread started: POST arrivals 1-162
2026-10-07 15:50:02,914 INFO o.a.j.r.Summariser: summary +     17 in 00:00:30 =    0.6/s Avg: 73066 Min: 70064 Max: 76052 Err:     0 (0.00%) Active: 66 Started: 211 Finished: 145
2026-10-07 15:50:02,914 INFO o.a.j.r.Summariser: summary =    146 in 00:04:58 =    0.5/s Avg: 51535 Min:  5082 Max: 76052 Err:     0 (0.00%)
2026-10-07 15:50:02,914 INFO o.a.j.t.JMeterThread: Thread is done: POST arrivals 1-111
2026-10-07 15:50:02,914 INFO o.a.j.t.JMeterThread: Thread finished: POST arrivals 1-111
2026-10-07 15:50:03,583 INFO o.a.j.t.JMeterThread: Thread started: Search arrivals 2-41
2026-10-07 15:50:04,129 INFO o.a.j.t.JMeterThread: Thread started: POST arrivals 1-163
2026-10-07 15:50:04,637 INFO o.a.j.t.JMeterThread: Thread started: POST arrivals 1-164
2026-10-07 15:50:07,209 INFO o.a.j.t.JMeterThread: Thread is done: POST arrivals 1-112
2026-10-07 15:50:07,209 INFO o.a.j.t.JMeterThread: Thread finished: POST arrivals 1-112
2026-10-07 15:50:07,228 INFO o.a.j.t.JMeterThread: Thread is done: Search arrivals 2-30
2026-10-07 15:50:07,228 INFO o.a.j.t.JMeterThread: Thread finished: Search arrivals 2-30
2026-10-07 15:50:08,494 INFO o.a.j.t.JMeterThread: Thread is done: POST arrivals 1-113
2026-10-07 15:50:08,494 INFO o.a.j.t.JMeterThread: Thread finished: POST arrivals 1-113
2026-10-07 15:50:10,096 INFO o.a.j.t.JMeterThread: Thread started: POST arrivals 1-165
2026-10-07 15:50:10,662 INFO o.a.j.t.JMeterThread: Thread is done: POST arrivals 1-114
2026-10-07 15:50:10,663 INFO o.a.j.t.JMeterThread: Thread finished: POST arrivals 1-114
2026-10-07 15:50:12,008 INFO o.a.j.t.JMeterThread: Thread started: POST arrivals 1-166
2026-10-07 15:50:12,173 INFO o.a.j.t.JMeterThread: Thread is done: POST arrivals 1-115
2026-10-07 15:50:12,173 INFO o.a.j.t.JMeterThread: Thread finished: POST arrivals 1-115
2026-10-07 15:50:13,412 INFO o.a.j.t.JMeterThread: Thread started: POST arrivals 1-167
2026-10-07 15:50:13,435 INFO o.a.j.t.JMeterThread: Thread started: POST arrivals 1-168
2026-10-07 15:50:13,618 INFO o.a.j.t.JMeterThread: Thread started: POST arrivals 1-169
2026-10-07 15:50:16,407 INFO o.a.j.t.JMeterThread: Thread started: POST arrivals 1-170
2026-10-07 15:50:17,564 INFO o.a.j.t.JMeterThread: Thread is done: POST arrivals 1-116
2026-10-07 15:50:17,564 INFO o.a.j.t.JMeterThread: Thread finished: POST arrivals 1-116
2026-10-07 15:50:17,586 INFO o.a.j.t.JMeterThread: Thread is done: Search arrivals 2-31
2026-10-07 15:50:17,586 INFO o.a.j.t.JMeterThread: Thread finished: Search arrivals 2-31
2026-10-07 15:50:17,885 INFO o.a.j.t.JMeterThread: Thread started: Search arrivals 2-42
2026-10-07 15:50:18,360 INFO o.a.j.t.JMeterThread: Thread started: POST arrivals 1-171
2026-10-07 15:50:20,042 INFO o.a.j.t.JMeterThread: Thread is done: POST arrivals 1-117
2026-10-07 15:50:20,042 INFO o.a.j.t.JMeterThread: Thread finished: POST arrivals 1-117
2026-10-07 15:50:20,051 INFO o.a.j.t.JMeterThread: Thread started: POST arrivals 1-172
2026-10-07 15:50:20,071 INFO o.a.j.t.JMeterThread: Thread is done: Search arrivals 2-32
2026-10-07 15:50:20,071 INFO o.a.j.t.JMeterThread: Thread finished: Search arrivals 2-32
2026-10-07 15:50:20,626 INFO o.a.j.t.JMeterThread: Thread started: POST arrivals 1-173
2026-10-07 15:50:23,194 INFO o.a.j.t.JMeterThread: Thread started: POST arrivals 1-174
2026-10-07 15:50:24,903 INFO o.a.j.t.JMeterThread: Thread is done: POST arrivals 1-118
2026-10-07 15:50:24,903 INFO o.a.j.t.JMeterThread: Thread finished: POST arrivals 1-118
2026-10-07 15:50:24,935 INFO o.a.j.t.JMeterThread: Thread is done: Search arrivals 2-33
2026-10-07 15:50:24,935 INFO o.a.j.t.JMeterThread: Thread finished: Search arrivals 2-33
2026-10-07 15:50:27,185 INFO o.a.j.t.JMeterThread: Thread started: POST arrivals 1-175
2026-10-07 15:50:27,674 INFO o.a.j.t.JMeterThread: Thread is done: POST arrivals 1-119
2026-10-07 15:50:27,674 INFO o.a.j.t.JMeterThread: Thread finished: POST arrivals 1-119
2026-10-07 15:50:31,160 INFO o.a.j.t.JMeterThread: Thread started: POST arrivals 1-176
2026-10-07 15:50:31,946 INFO o.a.j.r.Summariser: summary +     13 in 00:00:29 =    0.4/s Avg: 84290 Min: 78313 Max: 94031 Err:     0 (0.00%) Active: 69 Started: 227 Finished: 158
2026-10-07 15:50:31,947 INFO o.a.j.r.Summariser: summary =    159 in 00:05:27 =    0.5/s Avg: 54213 Min:  5082 Max: 94031 Err:     0 (0.00%)
2026-10-07 15:50:31,947 INFO o.a.j.t.JMeterThread: Thread is done: POST arrivals 1-120
2026-10-07 15:50:31,947 INFO o.a.j.t.JMeterThread: Thread finished: POST arrivals 1-120
2026-10-07 15:50:34,975 INFO o.a.j.t.JMeterThread: Thread started: Stats arrivals 3-10
2026-10-07 15:50:35,782 INFO o.a.j.t.JMeterThread: Thread started: POST arrivals 1-177
2026-10-07 15:50:37,263 INFO o.a.j.t.JMeterThread: Thread is done: POST arrivals 1-121
2026-10-07 15:50:37,263 INFO o.a.j.t.JMeterThread: Thread finished: POST arrivals 1-121
2026-10-07 15:50:40,078 INFO o.a.j.t.JMeterThread: Thread started: POST arrivals 1-178
2026-10-07 15:50:40,621 INFO o.a.j.t.JMeterThread: Thread started: POST arrivals 1-179
2026-10-07 15:50:41,190 INFO o.a.j.t.JMeterThread: Thread started: POST arrivals 1-180
2026-10-07 15:50:41,480 INFO o.a.j.t.JMeterThread: Thread is done: POST arrivals 1-122
2026-10-07 15:50:41,480 INFO o.a.j.t.JMeterThread: Thread finished: POST arrivals 1-122
2026-10-07 15:50:41,492 INFO o.a.j.t.JMeterThread: Thread started: POST arrivals 1-181
2026-10-07 15:50:41,693 INFO o.a.j.t.JMeterThread: Thread started: POST arrivals 1-182
2026-10-07 15:50:42,756 INFO o.a.j.t.JMeterThread: Thread started: Search arrivals 2-43
2026-10-07 15:50:44,319 INFO o.a.j.t.JMeterThread: Thread started: POST arrivals 1-183
2026-10-07 15:50:44,608 INFO o.a.j.t.JMeterThread: Thread started: Search arrivals 2-44
2026-10-07 15:50:44,977 INFO o.a.j.t.JMeterThread: Thread started: Search arrivals 2-45
2026-10-07 15:50:45,784 INFO o.a.j.t.JMeterThread: Thread started: POST arrivals 1-184
2026-10-07 15:50:45,910 INFO o.a.j.t.JMeterThread: Thread is done: POST arrivals 1-123
2026-10-07 15:50:45,911 INFO o.a.j.t.JMeterThread: Thread finished: POST arrivals 1-123
2026-10-07 15:50:46,172 INFO o.a.j.t.JMeterThread: Thread started: POST arrivals 1-185
2026-10-07 15:50:50,664 INFO o.a.j.t.JMeterThread: Thread is done: POST arrivals 1-124
2026-10-07 15:50:50,664 INFO o.a.j.t.JMeterThread: Thread finished: POST arrivals 1-124
2026-10-07 15:50:51,780 INFO o.a.j.t.JMeterThread: Thread started: POST arrivals 1-186
2026-10-07 15:50:52,084 INFO o.a.j.t.JMeterThread: Thread started: Search arrivals 2-46
2026-10-07 15:50:52,497 INFO o.a.j.t.JMeterThread: Thread is done: POST arrivals 1-125
2026-10-07 15:50:52,497 INFO o.a.j.t.JMeterThread: Thread finished: POST arrivals 1-125
2026-10-07 15:50:53,102 INFO o.a.j.t.JMeterThread: Thread started: POST arrivals 1-187
2026-10-07 15:50:54,099 INFO o.a.j.t.JMeterThread: Thread is done: POST arrivals 1-126
2026-10-07 15:50:54,099 INFO o.a.j.t.JMeterThread: Thread finished: POST arrivals 1-126
2026-10-07 15:50:54,230 INFO o.a.j.t.JMeterThread: Thread started: POST arrivals 1-188
2026-10-07 15:50:54,421 INFO o.a.j.t.JMeterThread: Thread started: POST arrivals 1-189
2026-10-07 15:50:55,330 INFO o.a.j.t.JMeterThread: Thread started: POST arrivals 1-190
2026-10-07 15:50:55,871 INFO o.a.j.t.JMeterThread: Thread started: POST arrivals 1-191
2026-10-07 15:50:56,109 INFO o.a.j.t.JMeterThread: Thread started: Search arrivals 2-47
2026-10-07 15:50:57,314 INFO o.a.j.t.JMeterThread: Thread is done: POST arrivals 1-127
2026-10-07 15:50:57,314 INFO o.a.j.t.JMeterThread: Thread finished: POST arrivals 1-127
2026-10-07 15:50:57,381 INFO o.a.j.t.JMeterThread: Thread started: POST arrivals 1-192
2026-10-07 15:50:58,119 INFO o.a.j.t.JMeterThread: Thread started: POST arrivals 1-193
2026-10-07 15:50:58,227 INFO o.a.j.t.JMeterThread: Thread started: Stats arrivals 3-11
2026-10-07 15:50:59,503 INFO o.a.j.t.JMeterThread: Thread is done: POST arrivals 1-128
2026-10-07 15:50:59,504 INFO o.a.j.t.JMeterThread: Thread finished: POST arrivals 1-128
2026-10-07 15:50:59,519 INFO o.a.j.t.JMeterThread: Thread is done: Search arrivals 2-34
2026-10-07 15:50:59,519 INFO o.a.j.t.JMeterThread: Thread finished: Search arrivals 2-34
2026-10-07 15:51:00,102 INFO o.a.j.t.JMeterThread: Thread started: Search arrivals 2-48
2026-10-07 15:51:00,110 INFO o.a.j.t.JMeterThread: Thread started: POST arrivals 1-194
2026-10-07 15:51:00,865 INFO o.a.j.t.JMeterThread: Thread started: POST arrivals 1-195
2026-10-07 15:51:01,367 INFO o.a.j.r.Summariser: summary +     10 in 00:00:29 =    0.3/s Avg: 106111 Min: 94841 Max: 113253 Err:     0 (0.00%) Active: 86 Started: 254 Finished: 168
2026-10-07 15:51:01,368 INFO o.a.j.r.Summariser: summary =    169 in 00:05:57 =    0.5/s Avg: 57284 Min:  5082 Max: 113253 Err:     0 (0.00%)
2026-10-07 15:51:01,368 INFO o.a.j.t.JMeterThread: Thread is done: POST arrivals 1-129
2026-10-07 15:51:01,368 INFO o.a.j.t.JMeterThread: Thread finished: POST arrivals 1-129
2026-10-07 15:51:02,855 INFO o.a.j.t.JMeterThread: Thread is done: POST arrivals 1-130
2026-10-07 15:51:02,856 INFO o.a.j.t.JMeterThread: Thread finished: POST arrivals 1-130
2026-10-07 15:51:04,113 INFO o.a.j.t.JMeterThread: Thread started: POST arrivals 1-196
2026-10-07 15:51:04,378 INFO o.a.j.t.JMeterThread: Thread started: POST arrivals 1-197
2026-10-07 15:51:06,061 INFO o.a.j.t.JMeterThread: Thread started: POST arrivals 1-198
2026-10-07 15:51:06,669 INFO o.a.j.t.JMeterThread: Thread is done: POST arrivals 1-131
2026-10-07 15:51:06,669 INFO o.a.j.t.JMeterThread: Thread finished: POST arrivals 1-131
2026-10-07 15:51:06,700 INFO o.a.j.t.JMeterThread: Thread is done: Search arrivals 2-35
2026-10-07 15:51:06,700 INFO o.a.j.t.JMeterThread: Thread finished: Search arrivals 2-35
2026-10-07 15:51:07,112 INFO o.a.j.t.JMeterThread: Thread started: POST arrivals 1-199
2026-10-07 15:51:07,469 INFO o.a.j.t.JMeterThread: Thread started: POST arrivals 1-200
2026-10-07 15:51:07,755 INFO o.a.j.t.JMeterThread: Thread started: POST arrivals 1-201
2026-10-07 15:51:09,017 INFO o.a.j.t.JMeterThread: Thread started: POST arrivals 1-202
2026-10-07 15:51:09,746 INFO o.a.j.t.JMeterThread: Thread started: POST arrivals 1-203
2026-10-07 15:51:10,195 INFO o.a.j.t.JMeterThread: Thread started: POST arrivals 1-204
2026-10-07 15:51:11,000 INFO o.a.j.t.JMeterThread: Thread started: POST arrivals 1-205
2026-10-07 15:51:12,118 INFO o.a.j.t.JMeterThread: Thread is done: POST arrivals 1-132
2026-10-07 15:51:12,118 INFO o.a.j.t.JMeterThread: Thread finished: POST arrivals 1-132
2026-10-07 15:51:13,362 INFO o.a.j.t.JMeterThread: Thread is done: POST arrivals 1-133
2026-10-07 15:51:13,363 INFO o.a.j.t.JMeterThread: Thread finished: POST arrivals 1-133
2026-10-07 15:51:17,955 INFO o.a.j.t.JMeterThread: Thread started: POST arrivals 1-206
2026-10-07 15:51:18,211 INFO o.a.j.t.JMeterThread: Thread started: POST arrivals 1-207
2026-10-07 15:51:19,312 INFO o.a.j.t.JMeterThread: Thread started: POST arrivals 1-208
2026-10-07 15:51:19,493 INFO o.a.j.t.JMeterThread: Thread is done: POST arrivals 1-134
2026-10-07 15:51:19,493 INFO o.a.j.t.JMeterThread: Thread finished: POST arrivals 1-134
2026-10-07 15:51:21,400 INFO o.a.j.t.JMeterThread: Thread started: POST arrivals 1-209
2026-10-07 15:51:21,813 INFO o.a.j.t.JMeterThread: Thread is done: POST arrivals 1-135
2026-10-07 15:51:21,813 INFO o.a.j.t.JMeterThread: Thread finished: POST arrivals 1-135
2026-10-07 15:51:22,207 INFO o.a.j.t.JMeterThread: Thread started: POST arrivals 1-210
2026-10-07 15:51:23,004 INFO o.a.j.t.JMeterThread: Thread started: POST arrivals 1-211
2026-10-07 15:51:23,309 INFO o.a.j.t.JMeterThread: Thread started: POST arrivals 1-212
2026-10-07 15:51:23,632 INFO o.a.j.t.JMeterThread: Thread is done: POST arrivals 1-136
2026-10-07 15:51:23,633 INFO o.a.j.t.JMeterThread: Thread finished: POST arrivals 1-136
2026-10-07 15:51:24,734 INFO o.a.j.t.JMeterThread: Thread is done: POST arrivals 1-137
2026-10-07 15:51:24,734 INFO o.a.j.t.JMeterThread: Thread finished: POST arrivals 1-137
2026-10-07 15:51:24,755 INFO o.a.j.t.JMeterThread: Thread is done: Stats arrivals 3-7
2026-10-07 15:51:24,755 INFO o.a.j.t.JMeterThread: Thread finished: Stats arrivals 3-7
2026-10-07 15:51:25,941 INFO o.a.j.t.JMeterThread: Thread started: POST arrivals 1-213
2026-10-07 15:51:28,965 INFO o.a.j.t.JMeterThread: Thread is done: POST arrivals 1-138
2026-10-07 15:51:28,966 INFO o.a.j.t.JMeterThread: Thread finished: POST arrivals 1-138
2026-10-07 15:51:29,593 INFO o.a.j.t.JMeterThread: Thread started: POST arrivals 1-214
2026-10-07 15:51:30,371 INFO o.a.j.r.Summariser: summary +     12 in 00:00:29 =    0.4/s Avg: 117938 Min: 109726 Max: 123777 Err:     0 (0.00%) Active: 93 Started: 273 Finished: 180
2026-10-07 15:51:30,373 INFO o.a.j.r.Summariser: summary =    181 in 00:06:26 =    0.5/s Avg: 61305 Min:  5082 Max: 123777 Err:     0 (0.00%)
2026-10-07 15:51:30,373 INFO o.a.j.t.JMeterThread: Thread is done: POST arrivals 1-139
2026-10-07 15:51:30,373 INFO o.a.j.t.JMeterThread: Thread finished: POST arrivals 1-139
2026-10-07 15:51:31,236 INFO o.a.j.t.JMeterThread: Thread started: POST arrivals 1-215
2026-10-07 15:51:31,794 INFO o.a.j.t.JMeterThread: Thread started: POST arrivals 1-216
2026-10-07 15:51:33,989 INFO o.a.j.t.JMeterThread: Thread started: POST arrivals 1-217
2026-10-07 15:51:35,196 INFO o.a.j.t.JMeterThread: Thread is done: POST arrivals 1-140
2026-10-07 15:51:35,196 INFO o.a.j.t.JMeterThread: Thread finished: POST arrivals 1-140
2026-10-07 15:51:35,222 INFO o.a.j.t.JMeterThread: Thread is done: Search arrivals 2-36
2026-10-07 15:51:35,222 INFO o.a.j.t.JMeterThread: Thread finished: Search arrivals 2-36
2026-10-07 15:51:35,530 INFO o.a.j.t.JMeterThread: Thread started: POST arrivals 1-218
2026-10-07 15:51:36,501 INFO o.a.j.t.JMeterThread: Thread started: POST arrivals 1-219
2026-10-07 15:51:37,607 INFO o.a.j.t.JMeterThread: Thread is done: POST arrivals 1-141
2026-10-07 15:51:37,607 INFO o.a.j.t.JMeterThread: Thread finished: POST arrivals 1-141
2026-10-07 15:51:38,013 INFO o.a.j.t.JMeterThread: Thread started: POST arrivals 1-220
2026-10-07 15:51:38,025 INFO o.a.j.t.JMeterThread: Thread started: POST arrivals 1-221
2026-10-07 15:51:39,061 INFO o.a.j.t.JMeterThread: Thread is done: POST arrivals 1-142
2026-10-07 15:51:39,061 INFO o.a.j.t.JMeterThread: Thread finished: POST arrivals 1-142
2026-10-07 15:51:39,164 INFO o.a.j.t.JMeterThread: Thread started: POST arrivals 1-222
2026-10-07 15:51:40,310 INFO o.a.j.t.JMeterThread: Thread is done: POST arrivals 1-143
2026-10-07 15:51:40,310 INFO o.a.j.t.JMeterThread: Thread finished: POST arrivals 1-143
2026-10-07 15:51:40,406 INFO o.a.j.t.JMeterThread: Thread started: POST arrivals 1-223
2026-10-07 15:51:41,929 INFO o.a.j.t.JMeterThread: Thread is done: POST arrivals 1-144
2026-10-07 15:51:41,930 INFO o.a.j.t.JMeterThread: Thread finished: POST arrivals 1-144
2026-10-07 15:51:42,183 INFO o.a.j.t.JMeterThread: Thread started: POST arrivals 1-224
2026-10-07 15:51:43,073 INFO o.a.j.t.JMeterThread: Thread started: POST arrivals 1-225
2026-10-07 15:51:43,099 INFO o.a.j.t.JMeterThread: Thread started: Search arrivals 2-49
2026-10-07 15:51:43,351 INFO o.a.j.t.JMeterThread: Thread is done: POST arrivals 1-145
2026-10-07 15:51:43,351 INFO o.a.j.t.JMeterThread: Thread finished: POST arrivals 1-145
2026-10-07 15:51:44,547 INFO o.a.j.t.JMeterThread: Thread is done: POST arrivals 1-146
2026-10-07 15:51:44,548 INFO o.a.j.t.JMeterThread: Thread finished: POST arrivals 1-146
2026-10-07 15:51:44,842 INFO o.a.j.t.JMeterThread: Thread started: Stats arrivals 3-12
2026-10-07 15:51:45,158 INFO o.a.j.t.JMeterThread: Thread started: Search arrivals 2-50
2026-10-07 15:51:45,371 INFO o.a.j.t.JMeterThread: Thread started: Search arrivals 2-51
2026-10-07 15:51:46,497 INFO o.a.j.t.JMeterThread: Thread started: Search arrivals 2-52
2026-10-07 15:51:46,655 INFO o.a.j.t.JMeterThread: Thread is done: POST arrivals 1-147
2026-10-07 15:51:46,655 INFO o.a.j.t.JMeterThread: Thread finished: POST arrivals 1-147
2026-10-07 15:51:47,250 INFO o.a.j.t.JMeterThread: Thread started: POST arrivals 1-226
2026-10-07 15:51:47,612 INFO o.a.j.t.JMeterThread: Thread is done: POST arrivals 1-148
2026-10-07 15:51:47,613 INFO o.a.j.t.JMeterThread: Thread finished: POST arrivals 1-148
2026-10-07 15:51:47,635 INFO o.a.j.t.JMeterThread: Thread is done: Search arrivals 2-37
2026-10-07 15:51:47,636 INFO o.a.j.t.JMeterThread: Thread finished: Search arrivals 2-37
2026-10-07 15:51:48,616 INFO o.a.j.t.JMeterThread: Thread is done: POST arrivals 1-149
2026-10-07 15:51:48,616 INFO o.a.j.t.JMeterThread: Thread finished: POST arrivals 1-149
2026-10-07 15:51:48,774 INFO o.a.j.t.JMeterThread: Thread started: POST arrivals 1-227
2026-10-07 15:51:49,461 INFO o.a.j.t.JMeterThread: Thread started: Search arrivals 2-53
2026-10-07 15:51:50,530 INFO o.a.j.t.JMeterThread: Thread is done: POST arrivals 1-150
2026-10-07 15:51:50,530 INFO o.a.j.t.JMeterThread: Thread finished: POST arrivals 1-150
2026-10-07 15:51:50,568 INFO o.a.j.t.JMeterThread: Thread is done: Search arrivals 2-38
2026-10-07 15:51:50,568 INFO o.a.j.t.JMeterThread: Thread finished: Search arrivals 2-38
2026-10-07 15:51:50,592 INFO o.a.j.t.JMeterThread: Thread is done: Search arrivals 2-39
2026-10-07 15:51:50,592 INFO o.a.j.t.JMeterThread: Thread finished: Search arrivals 2-39
2026-10-07 15:51:50,613 INFO o.a.j.t.JMeterThread: Thread is done: Stats arrivals 3-8
2026-10-07 15:51:50,614 INFO o.a.j.t.JMeterThread: Thread finished: Stats arrivals 3-8
2026-10-07 15:51:50,727 INFO o.a.j.t.JMeterThread: Thread started: POST arrivals 1-228
2026-10-07 15:51:50,938 INFO o.a.j.t.JMeterThread: Thread started: POST arrivals 1-229
2026-10-07 15:51:51,967 INFO o.a.j.t.JMeterThread: Thread started: POST arrivals 1-230
2026-10-07 15:51:52,260 INFO o.a.j.t.JMeterThread: Thread is done: POST arrivals 1-151
2026-10-07 15:51:52,260 INFO o.a.j.t.JMeterThread: Thread finished: POST arrivals 1-151
2026-10-07 15:51:52,282 INFO o.a.j.t.JMeterThread: Thread is done: Stats arrivals 3-9
2026-10-07 15:51:52,282 INFO o.a.j.t.JMeterThread: Thread finished: Stats arrivals 3-9
2026-10-07 15:51:54,755 INFO o.a.j.t.JMeterThread: Thread started: Stats arrivals 3-13
2026-10-07 15:51:55,401 INFO o.a.j.t.JMeterThread: Thread is done: POST arrivals 1-152
2026-10-07 15:51:55,401 INFO o.a.j.t.JMeterThread: Thread finished: POST arrivals 1-152
2026-10-07 15:51:55,751 INFO o.a.j.t.JMeterThread: Thread started: POST arrivals 1-231
2026-10-07 15:51:57,326 INFO o.a.j.t.JMeterThread: Thread started: POST arrivals 1-232
2026-10-07 15:51:57,509 INFO o.a.j.t.JMeterThread: Thread is done: POST arrivals 1-153
2026-10-07 15:51:57,509 INFO o.a.j.t.JMeterThread: Thread finished: POST arrivals 1-153
2026-10-07 15:51:58,513 INFO o.a.j.t.JMeterThread: Thread started: POST arrivals 1-233
2026-10-07 15:52:00,739 INFO o.a.j.t.JMeterThread: Thread started: POST arrivals 1-234
2026-10-07 15:52:01,834 INFO o.a.j.r.Summariser: summary +     21 in 00:00:31 =    0.7/s Avg: 127242 Min: 122986 Max: 130464 Err:     0 (0.00%) Active: 99 Started: 300 Finished: 201
2026-10-07 15:52:01,835 INFO o.a.j.r.Summariser: summary =    202 in 00:06:57 =    0.5/s Avg: 68160 Min:  5082 Max: 130464 Err:     0 (0.00%)
2026-10-07 15:52:01,836 INFO o.a.j.t.JMeterThread: Thread is done: POST arrivals 1-154
2026-10-07 15:52:01,836 INFO o.a.j.t.JMeterThread: Thread finished: POST arrivals 1-154
2026-10-07 15:52:01,860 INFO o.a.j.t.JMeterThread: Thread is done: Search arrivals 2-40
2026-10-07 15:52:01,860 INFO o.a.j.t.JMeterThread: Thread finished: Search arrivals 2-40
2026-10-07 15:52:03,746 INFO o.a.j.t.JMeterThread: Thread is done: POST arrivals 1-155
2026-10-07 15:52:03,747 INFO o.a.j.t.JMeterThread: Thread finished: POST arrivals 1-155
2026-10-07 15:52:05,170 INFO o.a.j.t.JMeterThread: Thread started: POST arrivals 1-235
2026-10-07 15:52:05,294 INFO o.a.j.t.JMeterThread: Thread started: POST arrivals 1-236
2026-10-07 15:52:05,509 INFO o.a.j.t.JMeterThread: Thread started: POST arrivals 1-237
2026-10-07 15:52:05,999 INFO o.a.j.t.JMeterThread: Thread started: POST arrivals 1-238
2026-10-07 15:52:07,090 INFO o.a.j.t.JMeterThread: Thread is done: POST arrivals 1-156
2026-10-07 15:52:07,090 INFO o.a.j.t.JMeterThread: Thread finished: POST arrivals 1-156
2026-10-07 15:52:07,562 INFO o.a.j.t.JMeterThread: Thread started: POST arrivals 1-239
2026-10-07 15:52:09,143 INFO o.a.j.t.JMeterThread: Thread started: Stats arrivals 3-14
2026-10-07 15:52:09,311 INFO o.a.j.t.JMeterThread: Thread started: POST arrivals 1-240
2026-10-07 15:52:09,817 INFO o.a.j.t.JMeterThread: Thread started: POST arrivals 1-241
2026-10-07 15:52:10,403 INFO o.a.j.t.JMeterThread: Thread started: POST arrivals 1-242
2026-10-07 15:52:10,522 INFO o.a.j.t.JMeterThread: Thread started: POST arrivals 1-243
2026-10-07 15:52:10,766 INFO o.a.j.t.JMeterThread: Thread started: POST arrivals 1-244
2026-10-07 15:52:12,581 INFO o.a.j.t.JMeterThread: Thread is done: POST arrivals 1-157
2026-10-07 15:52:12,581 INFO o.a.j.t.JMeterThread: Thread finished: POST arrivals 1-157
2026-10-07 15:52:12,978 INFO o.a.j.t.JMeterThread: Thread started: Stats arrivals 3-15
2026-10-07 15:52:13,129 INFO o.a.j.t.JMeterThread: Thread started: Search arrivals 2-54
2026-10-07 15:52:13,933 INFO o.a.j.t.JMeterThread: Thread started: POST arrivals 1-245
2026-10-07 15:52:14,024 INFO o.a.j.t.JMeterThread: Thread started: POST arrivals 1-246
2026-10-07 15:52:15,077 INFO o.a.j.t.JMeterThread: Thread is done: POST arrivals 1-158
2026-10-07 15:52:15,078 INFO o.a.j.t.JMeterThread: Thread finished: POST arrivals 1-158
2026-10-07 15:52:16,232 INFO o.a.j.t.JMeterThread: Thread started: POST arrivals 1-247
2026-10-07 15:52:16,940 INFO o.a.j.t.JMeterThread: Thread started: POST arrivals 1-248
2026-10-07 15:52:17,011 INFO o.a.j.t.JMeterThread: Thread started: POST arrivals 1-249
2026-10-07 15:52:17,226 INFO o.a.j.t.JMeterThread: Thread started: Search arrivals 2-55
2026-10-07 15:52:17,693 INFO o.a.j.t.JMeterThread: Thread is done: POST arrivals 1-159
2026-10-07 15:52:17,693 INFO o.a.j.t.JMeterThread: Thread finished: POST arrivals 1-159
2026-10-07 15:52:18,004 INFO o.a.j.t.JMeterThread: Thread started: POST arrivals 1-250
2026-10-07 15:52:18,332 INFO o.a.j.t.JMeterThread: Thread started: POST arrivals 1-251
2026-10-07 15:52:18,502 INFO o.a.j.t.JMeterThread: Thread started: POST arrivals 1-252
2026-10-07 15:52:19,183 INFO o.a.j.t.JMeterThread: Thread is done: POST arrivals 1-160
2026-10-07 15:52:19,183 INFO o.a.j.t.JMeterThread: Thread finished: POST arrivals 1-160
2026-10-07 15:52:20,788 INFO o.a.j.t.JMeterThread: Thread is done: POST arrivals 1-161
2026-10-07 15:52:20,789 INFO o.a.j.t.JMeterThread: Thread finished: POST arrivals 1-161
2026-10-07 15:52:22,681 INFO o.a.j.t.JMeterThread: Thread started: POST arrivals 1-253
2026-10-07 15:52:22,996 INFO o.a.j.t.JMeterThread: Thread started: POST arrivals 1-254
2026-10-07 15:52:25,177 INFO o.a.j.t.JMeterThread: Thread started: POST arrivals 1-255
2026-10-07 15:52:26,449 INFO o.a.j.t.JMeterThread: Thread is done: POST arrivals 1-162
2026-10-07 15:52:26,449 INFO o.a.j.t.JMeterThread: Thread finished: POST arrivals 1-162
2026-10-07 15:52:26,486 INFO o.a.j.t.JMeterThread: Thread is done: Search arrivals 2-41
2026-10-07 15:52:26,486 INFO o.a.j.t.JMeterThread: Thread finished: Search arrivals 2-41
2026-10-07 15:52:28,309 INFO o.a.j.t.JMeterThread: Thread is done: POST arrivals 1-163
2026-10-07 15:52:28,309 INFO o.a.j.t.JMeterThread: Thread finished: POST arrivals 1-163
2026-10-07 15:52:30,424 INFO o.a.j.t.JMeterThread: Thread started: POST arrivals 1-256
2026-10-07 15:52:32,610 INFO o.a.j.t.JMeterThread: Thread started: Search arrivals 2-56
2026-10-07 15:52:33,315 INFO o.a.j.r.Summariser: summary +     12 in 00:00:31 =    0.4/s Avg: 138695 Min: 129174 Max: 148673 Err:     0 (0.00%) Active: 114 Started: 327 Finished: 213
2026-10-07 15:52:33,316 INFO o.a.j.r.Summariser: summary =    214 in 00:07:29 =    0.5/s Avg: 72115 Min:  5082 Max: 148673 Err:     0 (0.00%)
2026-10-07 15:52:33,316 INFO o.a.j.t.JMeterThread: Thread is done: POST arrivals 1-164
2026-10-07 15:52:33,316 INFO o.a.j.t.JMeterThread: Thread finished: POST arrivals 1-164
2026-10-07 15:52:34,339 INFO o.a.j.t.JMeterThread: Thread started: Stats arrivals 3-16
2026-10-07 15:52:34,702 INFO o.a.j.t.JMeterThread: Thread is done: POST arrivals 1-165
2026-10-07 15:52:34,702 INFO o.a.j.t.JMeterThread: Thread finished: POST arrivals 1-165
2026-10-07 15:52:35,768 INFO o.a.j.t.JMeterThread: Thread started: Search arrivals 2-57
2026-10-07 15:52:38,846 INFO o.a.j.t.JMeterThread: Thread started: POST arrivals 1-257
2026-10-07 15:52:39,765 INFO o.a.j.t.JMeterThread: Thread started: POST arrivals 1-258
2026-10-07 15:52:39,893 INFO o.a.j.t.JMeterThread: Thread started: Stats arrivals 3-17
2026-10-07 15:52:39,960 INFO o.a.j.t.JMeterThread: Thread started: Search arrivals 2-58
2026-10-07 15:52:40,050 INFO o.a.j.t.JMeterThread: Thread started: POST arrivals 1-259
2026-10-07 15:52:40,149 INFO o.a.j.t.JMeterThread: Thread started: POST arrivals 1-260
2026-10-07 15:52:40,189 INFO o.a.j.t.JMeterThread: Thread started: POST arrivals 1-261
2026-10-07 15:52:40,214 INFO o.a.j.t.JMeterThread: Thread is done: POST arrivals 1-166
2026-10-07 15:52:40,214 INFO o.a.j.t.JMeterThread: Thread finished: POST arrivals 1-166
2026-10-07 15:52:40,455 INFO o.a.j.t.JMeterThread: Thread started: POST arrivals 1-262
2026-10-07 15:52:41,537 INFO o.a.j.t.JMeterThread: Thread is done: POST arrivals 1-167
2026-10-07 15:52:41,538 INFO o.a.j.t.JMeterThread: Thread finished: POST arrivals 1-167
2026-10-07 15:52:42,819 INFO o.a.j.t.JMeterThread: Thread started: POST arrivals 1-263
2026-10-07 15:52:44,828 INFO o.a.j.t.JMeterThread: Thread is done: POST arrivals 1-168
2026-10-07 15:52:44,828 INFO o.a.j.t.JMeterThread: Thread finished: POST arrivals 1-168
2026-10-07 15:52:44,908 INFO o.a.j.t.JMeterThread: Thread started: Search arrivals 2-59
2026-10-07 15:52:45,231 INFO o.a.j.t.JMeterThread: Thread started: Search arrivals 2-60
2026-10-07 15:52:46,762 INFO o.a.j.t.JMeterThread: Thread started: POST arrivals 1-264
2026-10-07 15:52:47,511 INFO o.a.j.t.JMeterThread: Thread started: POST arrivals 1-265
2026-10-07 15:52:48,006 INFO o.a.j.t.JMeterThread: Thread started: POST arrivals 1-266
2026-10-07 15:52:48,302 INFO o.a.j.t.JMeterThread: Thread is done: POST arrivals 1-169
2026-10-07 15:52:48,302 INFO o.a.j.t.JMeterThread: Thread finished: POST arrivals 1-169
2026-10-07 15:52:48,924 INFO o.a.j.t.JMeterThread: Thread started: Search arrivals 2-61
2026-10-07 15:52:49,363 INFO o.a.j.t.JMeterThread: Thread started: Search arrivals 2-62
2026-10-07 15:52:50,830 INFO o.a.j.t.JMeterThread: Thread is done: POST arrivals 1-170
2026-10-07 15:52:50,830 INFO o.a.j.t.JMeterThread: Thread finished: POST arrivals 1-170
2026-10-07 15:52:50,861 INFO o.a.j.t.JMeterThread: Thread is done: Search arrivals 2-42
2026-10-07 15:52:50,861 INFO o.a.j.t.JMeterThread: Thread finished: Search arrivals 2-42
2026-10-07 15:52:52,631 INFO o.a.j.t.JMeterThread: Thread started: POST arrivals 1-267
2026-10-07 15:52:53,214 INFO o.a.j.t.JMeterThread: Thread is done: POST arrivals 1-171
2026-10-07 15:52:53,214 INFO o.a.j.t.JMeterThread: Thread finished: POST arrivals 1-171
2026-10-07 15:52:56,881 INFO o.a.j.t.JMeterThread: Thread started: Search arrivals 2-63
2026-10-07 15:52:58,148 INFO o.a.j.t.JMeterThread: Thread started: Search arrivals 2-64
2026-10-07 15:52:58,159 INFO o.a.j.t.JMeterThread: Thread is done: POST arrivals 1-172
2026-10-07 15:52:58,159 INFO o.a.j.t.JMeterThread: Thread finished: POST arrivals 1-172
2026-10-07 15:52:59,127 INFO o.a.j.t.JMeterThread: Thread started: POST arrivals 1-268
2026-10-07 15:52:59,677 INFO o.a.j.t.JMeterThread: Thread started: POST arrivals 1-269
2026-10-07 15:52:59,776 INFO o.a.j.t.JMeterThread: Thread started: POST arrivals 1-270
2026-10-07 15:53:00,242 INFO o.a.j.t.JMeterThread: Thread started: POST arrivals 1-271
2026-10-07 15:53:00,333 INFO o.a.j.t.JMeterThread: Thread started: Search arrivals 2-65
2026-10-07 15:53:01,000 INFO o.a.j.t.JMeterThread: Thread started: POST arrivals 1-272
2026-10-07 15:53:01,824 INFO o.a.j.r.Summariser: summary +     10 in 00:00:29 =    0.4/s Avg: 152853 Min: 144602 Max: 161194 Err:     0 (0.00%) Active: 131 Started: 354 Finished: 223
2026-10-07 15:53:01,825 INFO o.a.j.r.Summariser: summary =    224 in 00:07:57 =    0.5/s Avg: 75719 Min:  5082 Max: 161194 Err:     0 (0.00%)
2026-10-07 15:53:01,826 INFO o.a.j.t.JMeterThread: Thread is done: POST arrivals 1-173
2026-10-07 15:53:01,826 INFO o.a.j.t.JMeterThread: Thread finished: POST arrivals 1-173
2026-10-07 15:53:02,547 INFO o.a.j.t.JMeterThread: Thread started: POST arrivals 1-273
2026-10-07 15:53:02,740 INFO o.a.j.t.JMeterThread: Thread started: POST arrivals 1-274
2026-10-07 15:53:04,849 INFO o.a.j.t.JMeterThread: Thread started: POST arrivals 1-275
2026-10-07 15:53:05,331 INFO o.a.j.t.JMeterThread: Thread started: POST arrivals 1-276
2026-10-07 15:53:06,630 INFO o.a.j.t.JMeterThread: Thread is done: POST arrivals 1-174
2026-10-07 15:53:06,630 INFO o.a.j.t.JMeterThread: Thread finished: POST arrivals 1-174
2026-10-07 15:53:06,950 INFO o.a.j.t.JMeterThread: Thread started: POST arrivals 1-277
2026-10-07 15:53:07,749 INFO o.a.j.t.JMeterThread: Thread is done: POST arrivals 1-175
2026-10-07 15:53:07,749 INFO o.a.j.t.JMeterThread: Thread finished: POST arrivals 1-175
2026-10-07 15:53:09,274 INFO o.a.j.t.JMeterThread: Thread is done: POST arrivals 1-176
2026-10-07 15:53:09,274 INFO o.a.j.t.JMeterThread: Thread finished: POST arrivals 1-176
2026-10-07 15:53:09,293 INFO o.a.j.t.JMeterThread: Thread is done: Stats arrivals 3-10
2026-10-07 15:53:09,293 INFO o.a.j.t.JMeterThread: Thread finished: Stats arrivals 3-10
2026-10-07 15:53:11,808 INFO o.a.j.t.JMeterThread: Thread started: POST arrivals 1-278
2026-10-07 15:53:12,162 INFO o.a.j.t.JMeterThread: Thread started: POST arrivals 1-279
2026-10-07 15:53:12,549 INFO o.a.j.t.JMeterThread: Thread is done: POST arrivals 1-177
2026-10-07 15:53:12,549 INFO o.a.j.t.JMeterThread: Thread finished: POST arrivals 1-177
2026-10-07 15:53:12,798 INFO o.a.j.t.JMeterThread: Thread started: Search arrivals 2-66
2026-10-07 15:53:15,793 INFO o.a.j.t.JMeterThread: Thread started: POST arrivals 1-280
2026-10-07 15:53:16,567 INFO o.a.j.t.JMeterThread: Thread is done: POST arrivals 1-178
2026-10-07 15:53:16,567 INFO o.a.j.t.JMeterThread: Thread finished: POST arrivals 1-178
2026-10-07 15:53:18,805 INFO o.a.j.t.JMeterThread: Thread is done: POST arrivals 1-179
2026-10-07 15:53:18,806 INFO o.a.j.t.JMeterThread: Thread finished: POST arrivals 1-179
2026-10-07 15:53:21,508 INFO o.a.j.t.JMeterThread: Thread started: POST arrivals 1-281
2026-10-07 15:53:21,812 INFO o.a.j.t.JMeterThread: Thread started: POST arrivals 1-282
2026-10-07 15:53:24,344 INFO o.a.j.t.JMeterThread: Thread is done: POST arrivals 1-180
2026-10-07 15:53:24,345 INFO o.a.j.t.JMeterThread: Thread finished: POST arrivals 1-180
2026-10-07 15:53:25,573 INFO o.a.j.t.JMeterThread: Thread started: POST arrivals 1-283
2026-10-07 15:53:25,699 INFO o.a.j.t.JMeterThread: Thread is done: POST arrivals 1-181
2026-10-07 15:53:25,699 INFO o.a.j.t.JMeterThread: Thread finished: POST arrivals 1-181
2026-10-07 15:53:28,430 INFO o.a.j.t.JMeterThread: Thread is done: POST arrivals 1-182
2026-10-07 15:53:28,430 INFO o.a.j.t.JMeterThread: Thread finished: POST arrivals 1-182
2026-10-07 15:53:28,457 INFO o.a.j.t.JMeterThread: Thread is done: Search arrivals 2-43
2026-10-07 15:53:28,457 INFO o.a.j.t.JMeterThread: Thread finished: Search arrivals 2-43
2026-10-07 15:53:29,549 INFO o.a.j.t.JMeterThread: Thread started: POST arrivals 1-284
2026-10-07 15:53:29,919 INFO o.a.j.t.JMeterThread: Thread started: POST arrivals 1-285
2026-10-07 15:53:30,441 INFO o.a.j.r.Summariser: summary +     12 in 00:00:29 =    0.4/s Avg: 161144 Min: 154314 Max: 166732 Err:     0 (0.00%) Active: 133 Started: 368 Finished: 235
2026-10-07 15:53:30,443 INFO o.a.j.r.Summariser: summary =    236 in 00:08:26 =    0.5/s Avg: 80063 Min:  5082 Max: 166732 Err:     0 (0.00%)
2026-10-07 15:53:30,444 INFO o.a.j.t.JMeterThread: Thread is done: POST arrivals 1-183
2026-10-07 15:53:30,444 INFO o.a.j.t.JMeterThread: Thread finished: POST arrivals 1-183
2026-10-07 15:53:30,473 INFO o.a.j.t.JMeterThread: Thread is done: Search arrivals 2-44
2026-10-07 15:53:30,473 INFO o.a.j.t.JMeterThread: Thread finished: Search arrivals 2-44
2026-10-07 15:53:30,496 INFO o.a.j.t.JMeterThread: Thread is done: Search arrivals 2-45
2026-10-07 15:53:30,496 INFO o.a.j.t.JMeterThread: Thread finished: Search arrivals 2-45
2026-10-07 15:53:32,108 INFO o.a.j.t.JMeterThread: Thread is done: POST arrivals 1-184
2026-10-07 15:53:32,108 INFO o.a.j.t.JMeterThread: Thread finished: POST arrivals 1-184
2026-10-07 15:53:32,515 INFO o.a.j.t.JMeterThread: Thread started: Search arrivals 2-67
2026-10-07 15:53:32,875 INFO o.a.j.t.JMeterThread: Thread started: POST arrivals 1-286
2026-10-07 15:53:32,914 INFO o.a.j.t.JMeterThread: Thread started: POST arrivals 1-287
2026-10-07 15:53:33,316 INFO o.a.j.t.JMeterThread: Thread started: POST arrivals 1-288
2026-10-07 15:53:34,260 INFO o.a.j.t.JMeterThread: Thread started: POST arrivals 1-289
2026-10-07 15:53:36,195 INFO o.a.j.t.JMeterThread: Thread is done: POST arrivals 1-185
2026-10-07 15:53:36,195 INFO o.a.j.t.JMeterThread: Thread finished: POST arrivals 1-185
2026-10-07 15:53:36,376 INFO o.a.j.t.JMeterThread: Thread started: POST arrivals 1-290
2026-10-07 15:53:36,736 INFO o.a.j.t.JMeterThread: Thread started: POST arrivals 1-291
2026-10-07 15:53:36,740 INFO o.a.j.t.JMeterThread: Thread started: POST arrivals 1-292
2026-10-07 15:53:36,752 INFO o.a.j.t.JMeterThread: Thread started: POST arrivals 1-293
2026-10-07 15:53:37,138 INFO o.a.j.t.JMeterThread: Thread is done: POST arrivals 1-186
2026-10-07 15:53:37,138 INFO o.a.j.t.JMeterThread: Thread finished: POST arrivals 1-186
2026-10-07 15:53:37,174 INFO o.a.j.t.JMeterThread: Thread is done: Search arrivals 2-46
2026-10-07 15:53:37,174 INFO o.a.j.t.JMeterThread: Thread finished: Search arrivals 2-46
2026-10-07 15:53:37,405 INFO o.a.j.t.JMeterThread: Thread started: POST arrivals 1-294
2026-10-07 15:53:37,431 INFO o.a.j.t.JMeterThread: Thread started: POST arrivals 1-295
2026-10-07 15:53:37,696 INFO o.a.j.t.JMeterThread: Thread started: Search arrivals 2-68
2026-10-07 15:53:38,300 INFO o.a.j.t.JMeterThread: Thread started: POST arrivals 1-296
2026-10-07 15:53:38,764 INFO o.a.j.t.JMeterThread: Thread started: POST arrivals 1-297
2026-10-07 15:53:39,644 INFO o.a.j.t.JMeterThread: Thread is done: POST arrivals 1-187
2026-10-07 15:53:39,645 INFO o.a.j.t.JMeterThread: Thread finished: POST arrivals 1-187
2026-10-07 15:53:41,144 INFO o.a.j.t.JMeterThread: Thread is done: POST arrivals 1-188
2026-10-07 15:53:41,144 INFO o.a.j.t.JMeterThread: Thread finished: POST arrivals 1-188
2026-10-07 15:53:42,642 INFO o.a.j.t.JMeterThread: Thread is done: POST arrivals 1-189
2026-10-07 15:53:42,642 INFO o.a.j.t.JMeterThread: Thread finished: POST arrivals 1-189
2026-10-07 15:53:43,526 INFO o.a.j.t.JMeterThread: Thread started: POST arrivals 1-298
2026-10-07 15:53:44,555 INFO o.a.j.t.JMeterThread: Thread started: POST arrivals 1-299
2026-10-07 15:53:44,954 INFO o.a.j.t.JMeterThread: Thread started: POST arrivals 1-300
2026-10-07 15:53:45,544 INFO o.a.j.t.JMeterThread: Thread started: POST arrivals 1-301
2026-10-07 15:53:45,679 INFO o.a.j.t.JMeterThread: Thread started: POST arrivals 1-302
2026-10-07 15:53:45,816 INFO o.a.j.t.JMeterThread: Thread started: Search arrivals 2-69
2026-10-07 15:53:47,583 INFO o.a.j.t.JMeterThread: Thread is done: POST arrivals 1-190
2026-10-07 15:53:47,583 INFO o.a.j.t.JMeterThread: Thread finished: POST arrivals 1-190
2026-10-07 15:53:52,313 INFO o.a.j.t.JMeterThread: Thread started: Search arrivals 2-70
2026-10-07 15:53:52,420 INFO o.a.j.t.JMeterThread: Thread is done: POST arrivals 1-191
2026-10-07 15:53:52,420 INFO o.a.j.t.JMeterThread: Thread finished: POST arrivals 1-191
2026-10-07 15:53:52,446 INFO o.a.j.t.JMeterThread: Thread is done: Search arrivals 2-47
2026-10-07 15:53:52,447 INFO o.a.j.t.JMeterThread: Thread finished: Search arrivals 2-47
2026-10-07 15:53:53,227 INFO o.a.j.t.JMeterThread: Thread started: Search arrivals 2-71
2026-10-07 15:53:55,720 INFO o.a.j.t.JMeterThread: Thread started: POST arrivals 1-303
2026-10-07 15:53:56,162 INFO o.a.j.t.JMeterThread: Thread is done: POST arrivals 1-192
2026-10-07 15:53:56,162 INFO o.a.j.t.JMeterThread: Thread finished: POST arrivals 1-192
2026-10-07 15:53:56,643 INFO o.a.j.t.JMeterThread: Thread started: POST arrivals 1-304
2026-10-07 15:53:57,067 INFO o.a.j.t.JMeterThread: Thread started: POST arrivals 1-305
2026-10-07 15:53:57,603 INFO o.a.j.t.JMeterThread: Thread is done: POST arrivals 1-193
2026-10-07 15:53:57,603 INFO o.a.j.t.JMeterThread: Thread finished: POST arrivals 1-193
2026-10-07 15:53:57,623 INFO o.a.j.t.JMeterThread: Thread is done: Stats arrivals 3-11
2026-10-07 15:53:57,623 INFO o.a.j.t.JMeterThread: Thread finished: Stats arrivals 3-11
2026-10-07 15:53:57,660 INFO o.a.j.t.JMeterThread: Thread is done: Search arrivals 2-48
2026-10-07 15:53:57,660 INFO o.a.j.t.JMeterThread: Thread finished: Search arrivals 2-48
2026-10-07 15:53:57,914 INFO o.a.j.t.JMeterThread: Thread started: POST arrivals 1-306
2026-10-07 15:54:00,602 INFO o.a.j.r.Summariser: summary +     17 in 00:00:30 =    0.6/s Avg: 171802 Min: 165087 Max: 180488 Err:     0 (0.00%) Active: 142 Started: 394 Finished: 252
2026-10-07 15:54:00,603 INFO o.a.j.r.Summariser: summary =    253 in 00:08:56 =    0.5/s Avg: 86227 Min:  5082 Max: 180488 Err:     0 (0.00%)
2026-10-07 15:54:00,603 INFO o.a.j.t.JMeterThread: Thread started: POST arrivals 1-307
2026-10-07 15:54:00,604 INFO o.a.j.t.JMeterThread: Thread is done: POST arrivals 1-194
2026-10-07 15:54:00,604 INFO o.a.j.t.JMeterThread: Thread finished: POST arrivals 1-194
2026-10-07 15:54:00,607 INFO o.a.j.t.JMeterThread: Thread started: POST arrivals 1-308
2026-10-07 15:54:01,873 INFO o.a.j.t.JMeterThread: Thread started: POST arrivals 1-309
2026-10-07 15:54:04,534 INFO o.a.j.t.JMeterThread: Thread started: POST arrivals 1-310
2026-10-07 15:54:04,931 INFO o.a.j.t.JMeterThread: Thread is done: POST arrivals 1-195
2026-10-07 15:54:04,931 INFO o.a.j.t.JMeterThread: Thread finished: POST arrivals 1-195
2026-10-07 15:54:06,588 INFO o.a.j.t.JMeterThread: Thread started: POST arrivals 1-311
2026-10-07 15:54:06,976 INFO o.a.j.t.JMeterThread: Thread is done: POST arrivals 1-196
2026-10-07 15:54:06,976 INFO o.a.j.t.JMeterThread: Thread finished: POST arrivals 1-196
2026-10-07 15:54:07,985 INFO o.a.j.t.JMeterThread: Thread started: POST arrivals 1-312
2026-10-07 15:54:08,204 INFO o.a.j.t.JMeterThread: Thread started: POST arrivals 1-313
2026-10-07 15:54:08,238 INFO o.a.j.t.JMeterThread: Thread started: POST arrivals 1-314
2026-10-07 15:54:10,006 INFO o.a.j.t.JMeterThread: Thread started: Search arrivals 2-72
2026-10-07 15:54:10,154 INFO o.a.j.t.JMeterThread: Thread started: POST arrivals 1-315
2026-10-07 15:54:10,694 INFO o.a.j.t.JMeterThread: Thread started: POST arrivals 1-316
2026-10-07 15:54:11,441 INFO o.a.j.t.JMeterThread: Thread is done: POST arrivals 1-197
2026-10-07 15:54:11,442 INFO o.a.j.t.JMeterThread: Thread finished: POST arrivals 1-197
2026-10-07 15:54:12,277 INFO o.a.j.t.JMeterThread: Thread started: POST arrivals 1-317
2026-10-07 15:54:12,911 INFO o.a.j.t.JMeterThread: Thread is done: POST arrivals 1-198
2026-10-07 15:54:12,911 INFO o.a.j.t.JMeterThread: Thread finished: POST arrivals 1-198
2026-10-07 15:54:12,966 INFO o.a.j.t.JMeterThread: Thread started: POST arrivals 1-318
2026-10-07 15:54:13,305 INFO o.a.j.t.JMeterThread: Thread started: POST arrivals 1-319
2026-10-07 15:54:13,763 INFO o.a.j.t.JMeterThread: Thread started: POST arrivals 1-320
2026-10-07 15:54:14,814 INFO o.a.j.t.JMeterThread: Thread is done: POST arrivals 1-199
2026-10-07 15:54:14,814 INFO o.a.j.t.JMeterThread: Thread finished: POST arrivals 1-199
2026-10-07 15:54:16,194 INFO o.a.j.t.JMeterThread: Thread started: POST arrivals 1-321
2026-10-07 15:54:16,791 INFO o.a.j.t.JMeterThread: Thread started: POST arrivals 1-322
2026-10-07 15:54:18,204 INFO o.a.j.t.JMeterThread: Thread started: POST arrivals 1-323
2026-10-07 15:54:18,470 INFO o.a.j.t.JMeterThread: Thread is done: POST arrivals 1-201
2026-10-07 15:54:18,470 INFO o.a.j.t.JMeterThread: Thread finished: POST arrivals 1-201
2026-10-07 15:54:18,655 INFO o.a.j.t.JMeterThread: Thread started: POST arrivals 1-324
2026-10-07 15:54:20,094 INFO o.a.j.t.JMeterThread: Thread is done: POST arrivals 1-200
2026-10-07 15:54:20,095 INFO o.a.j.t.JMeterThread: Thread finished: POST arrivals 1-200
2026-10-07 15:54:21,710 INFO o.a.j.t.JMeterThread: Thread started: POST arrivals 1-325
2026-10-07 15:54:21,879 INFO o.a.j.t.JMeterThread: Thread is done: POST arrivals 1-202
2026-10-07 15:54:21,879 INFO o.a.j.t.JMeterThread: Thread finished: POST arrivals 1-202
2026-10-07 15:54:22,152 INFO o.a.j.t.JMeterThread: Thread started: POST arrivals 1-326
2026-10-07 15:54:22,830 INFO o.a.j.t.JMeterThread: Thread is done: POST arrivals 1-203
2026-10-07 15:54:22,830 INFO o.a.j.t.JMeterThread: Thread finished: POST arrivals 1-203
2026-10-07 15:54:23,008 INFO o.a.j.t.JMeterThread: Thread started: POST arrivals 1-327
2026-10-07 15:54:23,989 INFO o.a.j.t.JMeterThread: Thread started: POST arrivals 1-328
2026-10-07 15:54:24,533 INFO o.a.j.t.JMeterThread: Thread started: Search arrivals 2-73
2026-10-07 15:54:25,024 INFO o.a.j.t.JMeterThread: Thread started: POST arrivals 1-329
2026-10-07 15:54:25,110 INFO o.a.j.t.JMeterThread: Thread started: POST arrivals 1-330
2026-10-07 15:54:25,299 INFO o.a.j.t.JMeterThread: Thread started: POST arrivals 1-331
2026-10-07 15:54:25,681 INFO o.a.j.t.JMeterThread: Thread is done: POST arrivals 1-204
2026-10-07 15:54:25,682 INFO o.a.j.t.JMeterThread: Thread finished: POST arrivals 1-204
2026-10-07 15:54:25,905 INFO o.a.j.t.JMeterThread: Thread started: POST arrivals 1-332
2026-10-07 15:54:27,351 INFO o.a.j.t.JMeterThread: Thread started: POST arrivals 1-333
2026-10-07 15:54:28,622 INFO o.a.j.t.JMeterThread: Thread started: POST arrivals 1-334
2026-10-07 15:54:29,521 INFO o.a.j.t.JMeterThread: Thread started: POST arrivals 1-335
2026-10-07 15:54:29,752 INFO o.a.j.t.JMeterThread: Thread started: POST arrivals 1-336
2026-10-07 15:54:30,067 INFO o.a.j.r.Summariser: summary +     11 in 00:00:29 =    0.4/s Avg: 190213 Min: 182859 Max: 199064 Err:     0 (0.00%) Active: 163 Started: 426 Finished: 263
2026-10-07 15:54:30,068 INFO o.a.j.r.Summariser: summary =    264 in 00:09:25 =    0.5/s Avg: 90560 Min:  5082 Max: 199064 Err:     0 (0.00%)
2026-10-07 15:54:30,068 INFO o.a.j.t.JMeterThread: Thread is done: POST arrivals 1-205
2026-10-07 15:54:30,080 INFO o.a.j.t.JMeterThread: Thread finished: POST arrivals 1-205
2026-10-07 15:54:31,123 INFO o.a.j.t.JMeterThread: Thread started: POST arrivals 1-337
2026-10-07 15:54:32,532 INFO o.a.j.t.JMeterThread: Thread is done: POST arrivals 1-206
2026-10-07 15:54:32,532 INFO o.a.j.t.JMeterThread: Thread finished: POST arrivals 1-206
2026-10-07 15:54:32,960 INFO o.a.j.t.JMeterThread: Thread started: POST arrivals 1-338
2026-10-07 15:54:33,664 INFO o.a.j.t.JMeterThread: Thread started: POST arrivals 1-339
2026-10-07 15:54:34,408 INFO o.a.j.t.JMeterThread: Thread is done: POST arrivals 1-207
2026-10-07 15:54:34,408 INFO o.a.j.t.JMeterThread: Thread finished: POST arrivals 1-207
2026-10-07 15:54:38,089 INFO o.a.j.t.JMeterThread: Thread is done: POST arrivals 1-208
2026-10-07 15:54:38,089 INFO o.a.j.t.JMeterThread: Thread finished: POST arrivals 1-208
2026-10-07 15:54:39,210 INFO o.a.j.t.JMeterThread: Thread is done: POST arrivals 1-209
2026-10-07 15:54:39,210 INFO o.a.j.t.JMeterThread: Thread finished: POST arrivals 1-209
2026-10-07 15:54:43,087 INFO o.a.j.t.JMeterThread: Thread started: Search arrivals 2-74
2026-10-07 15:54:44,789 INFO o.a.j.t.JMeterThread: Thread is done: POST arrivals 1-210
2026-10-07 15:54:44,789 INFO o.a.j.t.JMeterThread: Thread finished: POST arrivals 1-210
2026-10-07 15:54:45,391 INFO o.a.j.t.JMeterThread: Thread started: POST arrivals 1-340
2026-10-07 15:54:45,444 INFO o.a.j.t.JMeterThread: Thread started: POST arrivals 1-341
2026-10-07 15:54:47,203 INFO o.a.j.t.JMeterThread: Thread is done: POST arrivals 1-211
2026-10-07 15:54:47,203 INFO o.a.j.t.JMeterThread: Thread finished: POST arrivals 1-211
2026-10-07 15:54:49,384 INFO o.a.j.t.JMeterThread: Thread started: Stats arrivals 3-18
2026-10-07 15:54:50,521 INFO o.a.j.t.JMeterThread: Thread is done: POST arrivals 1-212
2026-10-07 15:54:50,530 INFO o.a.j.t.JMeterThread: Thread finished: POST arrivals 1-212
2026-10-07 15:54:51,193 INFO o.a.j.t.JMeterThread: Thread started: POST arrivals 1-342
2026-10-07 15:54:51,689 INFO o.a.j.t.JMeterThread: Thread started: POST arrivals 1-343
2026-10-07 15:54:53,678 INFO o.a.j.t.JMeterThread: Thread is done: POST arrivals 1-213
2026-10-07 15:54:53,678 INFO o.a.j.t.JMeterThread: Thread finished: POST arrivals 1-213
2026-10-07 15:54:55,028 INFO o.a.j.t.JMeterThread: Thread started: POST arrivals 1-344
2026-10-07 15:54:55,394 INFO o.a.j.t.JMeterThread: Thread is done: POST arrivals 1-214
2026-10-07 15:54:55,394 INFO o.a.j.t.JMeterThread: Thread finished: POST arrivals 1-214
2026-10-07 15:54:56,774 INFO o.a.j.t.JMeterThread: Thread started: POST arrivals 1-345
2026-10-07 15:54:57,106 INFO o.a.j.t.JMeterThread: Thread started: POST arrivals 1-346
2026-10-07 15:54:57,750 INFO o.a.j.t.JMeterThread: Thread started: Search arrivals 2-75
2026-10-07 15:54:57,855 INFO o.a.j.t.JMeterThread: Thread started: POST arrivals 1-347
2026-10-07 15:54:59,747 INFO o.a.j.t.JMeterThread: Thread started: POST arrivals 1-348
2026-10-07 15:55:00,477 INFO o.a.j.r.Summariser: summary +     10 in 00:00:30 =    0.3/s Avg: 202408 Min: 194573 Max: 209238 Err:     0 (0.00%) Active: 168 Started: 441 Finished: 273
2026-10-07 15:55:00,478 INFO o.a.j.r.Summariser: summary =    274 in 00:09:56 =    0.5/s Avg: 94642 Min:  5082 Max: 209238 Err:     0 (0.00%)
2026-10-07 15:55:00,479 INFO o.a.j.t.JMeterThread: Thread is done: POST arrivals 1-215
2026-10-07 15:55:00,479 INFO o.a.j.t.JMeterThread: Thread finished: POST arrivals 1-215
2026-10-07 15:55:01,310 INFO o.a.j.t.JMeterThread: Thread started: POST arrivals 1-349
2026-10-07 15:55:02,438 INFO o.a.j.t.JMeterThread: Thread started: POST arrivals 1-350
2026-10-07 15:55:02,486 INFO o.a.j.t.JMeterThread: Thread is done: POST arrivals 1-216
2026-10-07 15:55:02,486 INFO o.a.j.t.JMeterThread: Thread finished: POST arrivals 1-216
2026-10-07 15:55:03,168 INFO o.a.j.t.JMeterThread: Thread started: POST arrivals 1-351
2026-10-07 15:55:03,531 INFO o.a.j.t.JMeterThread: Thread is done: POST arrivals 1-217
2026-10-07 15:55:03,531 INFO o.a.j.t.JMeterThread: Thread finished: POST arrivals 1-217
2026-10-07 15:55:04,615 INFO o.a.j.t.JMeterThread: Thread started: POST arrivals 1-352
2026-10-07 15:55:05,613 INFO o.a.j.t.JMeterThread: Thread is done: POST arrivals 1-218
2026-10-07 15:55:05,614 INFO o.a.j.t.JMeterThread: Thread finished: POST arrivals 1-218
2026-10-07 15:55:06,468 INFO o.a.j.t.JMeterThread: Thread started: Search arrivals 2-76
2026-10-07 15:55:08,696 INFO o.a.j.t.JMeterThread: Thread started: Search arrivals 2-77
2026-10-07 15:55:08,974 INFO o.a.j.t.JMeterThread: Thread started: POST arrivals 1-353
2026-10-07 15:55:09,793 INFO o.a.j.t.JMeterThread: Thread started: POST arrivals 1-354
2026-10-07 15:55:09,829 INFO o.a.j.t.JMeterThread: Thread started: POST arrivals 1-355
2026-10-07 15:55:09,847 INFO o.a.j.t.JMeterThread: Thread is done: POST arrivals 1-219
2026-10-07 15:55:09,848 INFO o.a.j.t.JMeterThread: Thread finished: POST arrivals 1-219
2026-10-07 15:55:12,770 INFO o.a.j.t.JMeterThread: Thread started: Search arrivals 2-78
2026-10-07 15:55:13,777 INFO o.a.j.t.JMeterThread: Thread is done: POST arrivals 1-220
2026-10-07 15:55:13,777 INFO o.a.j.t.JMeterThread: Thread finished: POST arrivals 1-220
2026-10-07 15:55:15,749 INFO o.a.j.t.JMeterThread: Thread started: Stats arrivals 3-19
2026-10-07 15:55:18,170 INFO o.a.j.t.JMeterThread: Thread is done: POST arrivals 1-221
2026-10-07 15:55:18,171 INFO o.a.j.t.JMeterThread: Thread finished: POST arrivals 1-221
2026-10-07 15:55:19,440 INFO o.a.j.t.JMeterThread: Thread started: Stats arrivals 3-20
2026-10-07 15:55:19,750 INFO o.a.j.t.JMeterThread: Thread started: POST arrivals 1-356
2026-10-07 15:55:20,019 INFO o.a.j.t.JMeterThread: Thread is done: POST arrivals 1-222
2026-10-07 15:55:20,019 INFO o.a.j.t.JMeterThread: Thread finished: POST arrivals 1-222
2026-10-07 15:55:21,906 INFO o.a.j.t.JMeterThread: Thread started: POST arrivals 1-357
2026-10-07 15:55:22,272 INFO o.a.j.t.JMeterThread: Thread is done: POST arrivals 1-223
2026-10-07 15:55:22,272 INFO o.a.j.t.JMeterThread: Thread finished: POST arrivals 1-223
2026-10-07 15:55:22,722 INFO o.a.j.t.JMeterThread: Thread started: POST arrivals 1-358
2026-10-07 15:55:22,924 INFO o.a.j.t.JMeterThread: Thread started: POST arrivals 1-359
2026-10-07 15:55:23,183 INFO o.a.j.t.JMeterThread: Thread started: POST arrivals 1-360
2026-10-07 15:55:23,456 INFO o.a.j.t.JMeterThread: Thread started: POST arrivals 1-361
2026-10-07 15:55:24,185 INFO o.a.j.t.JMeterThread: Thread is done: POST arrivals 1-224
2026-10-07 15:55:24,185 INFO o.a.j.t.JMeterThread: Thread finished: POST arrivals 1-224
2026-10-07 15:55:25,683 INFO o.a.j.t.JMeterThread: Thread is done: POST arrivals 1-225
2026-10-07 15:55:25,683 INFO o.a.j.t.JMeterThread: Thread finished: POST arrivals 1-225
2026-10-07 15:55:25,712 INFO o.a.j.t.JMeterThread: Thread is done: Search arrivals 2-49
2026-10-07 15:55:25,712 INFO o.a.j.t.JMeterThread: Thread finished: Search arrivals 2-49
2026-10-07 15:55:25,732 INFO o.a.j.t.JMeterThread: Thread is done: Stats arrivals 3-12
2026-10-07 15:55:25,732 INFO o.a.j.t.JMeterThread: Thread finished: Stats arrivals 3-12
2026-10-07 15:55:25,773 INFO o.a.j.t.JMeterThread: Thread is done: Search arrivals 2-50
2026-10-07 15:55:25,773 INFO o.a.j.t.JMeterThread: Thread finished: Search arrivals 2-50
2026-10-07 15:55:25,796 INFO o.a.j.t.JMeterThread: Thread is done: Search arrivals 2-51
2026-10-07 15:55:25,796 INFO o.a.j.t.JMeterThread: Thread finished: Search arrivals 2-51
2026-10-07 15:55:25,822 INFO o.a.j.t.JMeterThread: Thread is done: Search arrivals 2-52
2026-10-07 15:55:25,822 INFO o.a.j.t.JMeterThread: Thread finished: Search arrivals 2-52
2026-10-07 15:55:26,759 INFO o.a.j.t.JMeterThread: Thread started: POST arrivals 1-362
2026-10-07 15:55:26,960 INFO o.a.j.t.JMeterThread: Thread is done: POST arrivals 1-226
2026-10-07 15:55:26,961 INFO o.a.j.t.JMeterThread: Thread finished: POST arrivals 1-226
2026-10-07 15:55:28,851 INFO o.a.j.t.JMeterThread: Thread started: POST arrivals 1-363
2026-10-07 15:55:30,040 INFO o.a.j.t.JMeterThread: Thread started: POST arrivals 1-364
2026-10-07 15:55:30,380 INFO o.a.j.t.JMeterThread: Thread started: POST arrivals 1-365
2026-10-07 15:55:30,498 INFO o.a.j.r.Summariser: summary +     17 in 00:00:30 =    0.6/s Avg: 218362 Min: 209539 Max: 222611 Err:     0 (0.00%) Active: 173 Started: 463 Finished: 290
2026-10-07 15:55:30,499 INFO o.a.j.r.Summariser: summary =    291 in 00:10:26 =    0.5/s Avg: 101870 Min:  5082 Max: 222611 Err:     0 (0.00%)
2026-10-07 15:55:30,500 INFO o.a.j.t.JMeterThread: Thread is done: POST arrivals 1-227
2026-10-07 15:55:30,500 INFO o.a.j.t.JMeterThread: Thread finished: POST arrivals 1-227
2026-10-07 15:55:30,531 INFO o.a.j.t.JMeterThread: Thread is done: Search arrivals 2-53
2026-10-07 15:55:30,531 INFO o.a.j.t.JMeterThread: Thread finished: Search arrivals 2-53
2026-10-07 15:55:31,317 INFO o.a.j.t.JMeterThread: Thread started: POST arrivals 1-366
2026-10-07 15:55:32,761 INFO o.a.j.t.JMeterThread: Thread started: POST arrivals 1-367
2026-10-07 15:55:32,864 INFO o.a.j.t.JMeterThread: Thread is done: POST arrivals 1-228
2026-10-07 15:55:32,864 INFO o.a.j.t.JMeterThread: Thread finished: POST arrivals 1-228
2026-10-07 15:55:33,554 INFO o.a.j.t.JMeterThread: Thread started: POST arrivals 1-368
2026-10-07 15:55:33,690 INFO o.a.j.t.JMeterThread: Thread started: POST arrivals 1-369
2026-10-07 15:55:34,152 INFO o.a.j.t.JMeterThread: Thread is done: POST arrivals 1-229
2026-10-07 15:55:34,152 INFO o.a.j.t.JMeterThread: Thread finished: POST arrivals 1-229
2026-10-07 15:55:34,933 INFO o.a.j.t.JMeterThread: Thread started: Search arrivals 2-79
2026-10-07 15:55:35,992 INFO o.a.j.t.JMeterThread: Thread is done: POST arrivals 1-230
2026-10-07 15:55:35,993 INFO o.a.j.t.JMeterThread: Thread finished: POST arrivals 1-230
2026-10-07 15:55:36,016 INFO o.a.j.t.JMeterThread: Thread is done: Stats arrivals 3-13
2026-10-07 15:55:36,016 INFO o.a.j.t.JMeterThread: Thread finished: Stats arrivals 3-13
2026-10-07 15:55:37,524 INFO o.a.j.t.JMeterThread: Thread is done: POST arrivals 1-231
2026-10-07 15:55:37,524 INFO o.a.j.t.JMeterThread: Thread finished: POST arrivals 1-231
2026-10-07 15:55:38,099 INFO o.a.j.t.JMeterThread: Thread started: POST arrivals 1-370
2026-10-07 15:55:38,933 INFO o.a.j.t.JMeterThread: Thread started: POST arrivals 1-371
2026-10-07 15:55:39,412 INFO o.a.j.t.JMeterThread: Thread is done: POST arrivals 1-232
2026-10-07 15:55:39,412 INFO o.a.j.t.JMeterThread: Thread finished: POST arrivals 1-232
2026-10-07 15:55:39,595 INFO o.a.j.t.JMeterThread: Thread started: POST arrivals 1-372
2026-10-07 15:55:41,080 INFO o.a.j.t.JMeterThread: Thread started: POST arrivals 1-373
2026-10-07 15:55:41,345 INFO o.a.j.t.JMeterThread: Thread started: Search arrivals 2-80
2026-10-07 15:55:41,784 INFO o.a.j.t.JMeterThread: Thread started: POST arrivals 1-374
2026-10-07 15:55:43,213 INFO o.a.j.t.JMeterThread: Thread is done: POST arrivals 1-233
2026-10-07 15:55:43,213 INFO o.a.j.t.JMeterThread: Thread finished: POST arrivals 1-233
2026-10-07 15:55:44,414 INFO o.a.j.t.JMeterThread: Thread is done: POST arrivals 1-234
2026-10-07 15:55:44,414 INFO o.a.j.t.JMeterThread: Thread finished: POST arrivals 1-234
2026-10-07 15:55:45,876 INFO o.a.j.t.JMeterThread: Thread started: Search arrivals 2-81
2026-10-07 15:55:45,910 INFO o.a.j.t.JMeterThread: Thread is done: POST arrivals 1-235
2026-10-07 15:55:45,910 INFO o.a.j.t.JMeterThread: Thread finished: POST arrivals 1-235
2026-10-07 15:55:46,494 INFO o.a.j.t.JMeterThread: Thread started: POST arrivals 1-375
2026-10-07 15:55:46,517 INFO o.a.j.t.JMeterThread: Thread started: POST arrivals 1-376
2026-10-07 15:55:46,569 INFO o.a.j.t.JMeterThread: Thread started: POST arrivals 1-377
2026-10-07 15:55:47,501 INFO o.a.j.t.JMeterThread: Thread started: POST arrivals 1-378
2026-10-07 15:55:48,128 INFO o.a.j.t.JMeterThread: Thread is done: POST arrivals 1-236
2026-10-07 15:55:48,128 INFO o.a.j.t.JMeterThread: Thread finished: POST arrivals 1-236
2026-10-07 15:55:49,291 INFO o.a.j.t.JMeterThread: Thread started: POST arrivals 1-379
2026-10-07 15:55:49,588 INFO o.a.j.t.JMeterThread: Thread started: Search arrivals 2-82
2026-10-07 15:55:50,985 INFO o.a.j.t.JMeterThread: Thread started: POST arrivals 1-380
2026-10-07 15:55:51,229 INFO o.a.j.t.JMeterThread: Thread is done: POST arrivals 1-295
2026-10-07 15:55:51,229 INFO o.a.j.t.JMeterThread: Thread finished: POST arrivals 1-295
2026-10-07 15:55:52,151 INFO o.a.j.t.JMeterThread: Thread is done: POST arrivals 1-237
2026-10-07 15:55:52,151 INFO o.a.j.t.JMeterThread: Thread finished: POST arrivals 1-237
2026-10-07 15:55:53,039 INFO o.a.j.t.JMeterThread: Thread started: POST arrivals 1-381
2026-10-07 15:55:54,302 INFO o.a.j.t.JMeterThread: Thread started: POST arrivals 1-382
2026-10-07 15:55:55,023 INFO o.a.j.t.JMeterThread: Thread is done: POST arrivals 1-238
2026-10-07 15:55:55,023 INFO o.a.j.t.JMeterThread: Thread finished: POST arrivals 1-238
2026-10-07 15:55:56,700 INFO o.a.j.t.JMeterThread: Thread is done: POST arrivals 1-239
2026-10-07 15:55:56,700 INFO o.a.j.t.JMeterThread: Thread finished: POST arrivals 1-239
2026-10-07 15:55:56,723 INFO o.a.j.t.JMeterThread: Thread is done: Stats arrivals 3-14
2026-10-07 15:55:56,723 INFO o.a.j.t.JMeterThread: Thread finished: Stats arrivals 3-14
2026-10-07 15:55:57,369 INFO o.a.j.t.JMeterThread: Thread is done: POST arrivals 1-298
2026-10-07 15:55:57,369 INFO o.a.j.t.JMeterThread: Thread finished: POST arrivals 1-298
2026-10-07 15:55:58,572 INFO o.a.j.t.JMeterThread: Thread is done: POST arrivals 1-240
2026-10-07 15:55:58,572 INFO o.a.j.t.JMeterThread: Thread finished: POST arrivals 1-240
2026-10-07 15:55:58,901 INFO o.a.j.t.JMeterThread: Thread started: POST arrivals 1-383
2026-10-07 15:55:59,256 INFO o.a.j.t.JMeterThread: Thread started: POST arrivals 1-384
2026-10-07 15:55:59,417 INFO o.a.j.t.JMeterThread: Thread is done: POST arrivals 1-299
2026-10-07 15:55:59,418 INFO o.a.j.t.JMeterThread: Thread finished: POST arrivals 1-299
2026-10-07 15:55:59,420 INFO o.a.j.t.JMeterThread: Thread is done: Search arrivals 2-69
2026-10-07 15:55:59,420 INFO o.a.j.t.JMeterThread: Thread finished: Search arrivals 2-69
2026-10-07 15:55:59,963 INFO o.a.j.t.JMeterThread: Thread is done: POST arrivals 1-241
2026-10-07 15:55:59,963 INFO o.a.j.t.JMeterThread: Thread finished: POST arrivals 1-241
2026-10-07 15:56:00,740 INFO o.a.j.t.JMeterThread: Thread started: POST arrivals 1-385
2026-10-07 15:56:00,916 INFO o.a.j.t.JMeterThread: Thread started: POST arrivals 1-386
2026-10-07 15:56:01,308 INFO o.a.j.t.JMeterThread: Thread started: POST arrivals 1-387
2026-10-07 15:56:03,000 INFO o.a.j.r.Summariser: summary +     22 in 00:00:33 =    0.7/s Avg: 208542 Min: 133602 Max: 232593 Err:     4 (18.18%) Active: 177 Started: 489 Finished: 312
2026-10-07 15:56:03,002 INFO o.a.j.r.Summariser: summary =    313 in 00:10:58 =    0.5/s Avg: 109367 Min:  5082 Max: 232593 Err:     4 (1.28%)
2026-10-07 15:56:03,002 INFO o.a.j.t.JMeterThread: Thread is done: POST arrivals 1-242
2026-10-07 15:56:03,002 INFO o.a.j.t.JMeterThread: Thread finished: POST arrivals 1-242
2026-10-07 15:56:04,771 INFO o.a.j.t.JMeterThread: Thread started: POST arrivals 1-388
2026-10-07 15:56:04,943 INFO o.a.j.t.JMeterThread: Thread started: POST arrivals 1-389
2026-10-07 15:56:05,315 INFO o.a.j.t.JMeterThread: Thread started: POST arrivals 1-390
2026-10-07 15:56:05,390 INFO o.a.j.t.JMeterThread: Thread is done: POST arrivals 1-243
2026-10-07 15:56:05,390 INFO o.a.j.t.JMeterThread: Thread finished: POST arrivals 1-243
2026-10-07 15:56:05,944 INFO o.a.j.t.JMeterThread: Thread started: POST arrivals 1-391
2026-10-07 15:56:06,113 INFO o.a.j.t.JMeterThread: Thread started: POST arrivals 1-392
2026-10-07 15:56:07,021 INFO o.a.j.t.JMeterThread: Thread started: POST arrivals 1-393
2026-10-07 15:56:07,539 INFO o.a.j.t.JMeterThread: Thread is done: POST arrivals 1-244
2026-10-07 15:56:07,539 INFO o.a.j.t.JMeterThread: Thread finished: POST arrivals 1-244
2026-10-07 15:56:07,561 INFO o.a.j.t.JMeterThread: Thread is done: Stats arrivals 3-15
2026-10-07 15:56:07,561 INFO o.a.j.t.JMeterThread: Thread finished: Stats arrivals 3-15
2026-10-07 15:56:07,594 INFO o.a.j.t.JMeterThread: Thread is done: Search arrivals 2-54
2026-10-07 15:56:07,594 INFO o.a.j.t.JMeterThread: Thread finished: Search arrivals 2-54
2026-10-07 15:56:07,610 INFO o.a.j.t.JMeterThread: Thread is done: Search arrivals 2-71
2026-10-07 15:56:07,610 INFO o.a.j.t.JMeterThread: Thread is done: Search arrivals 2-70
2026-10-07 15:56:07,610 INFO o.a.j.t.JMeterThread: Thread finished: Search arrivals 2-70
2026-10-07 15:56:07,610 INFO o.a.j.t.JMeterThread: Thread finished: Search arrivals 2-71
2026-10-07 15:56:08,907 INFO o.a.j.t.JMeterThread: Thread started: POST arrivals 1-394
2026-10-07 15:56:09,120 INFO o.a.j.t.JMeterThread: Thread started: POST arrivals 1-395
2026-10-07 15:56:09,661 INFO o.a.j.t.JMeterThread: Thread is done: POST arrivals 1-245
2026-10-07 15:56:09,662 INFO o.a.j.t.JMeterThread: Thread finished: POST arrivals 1-245
2026-10-07 15:56:11,706 INFO o.a.j.t.JMeterThread: Thread is done: POST arrivals 1-305
2026-10-07 15:56:11,706 INFO o.a.j.t.JMeterThread: Thread finished: POST arrivals 1-305
2026-10-07 15:56:11,708 INFO o.a.j.t.JMeterThread: Thread is done: POST arrivals 1-306
2026-10-07 15:56:11,708 INFO o.a.j.t.JMeterThread: Thread finished: POST arrivals 1-306
2026-10-07 15:56:11,716 INFO o.a.j.t.JMeterThread: Thread is done: POST arrivals 1-246
2026-10-07 15:56:11,716 INFO o.a.j.t.JMeterThread: Thread finished: POST arrivals 1-246
2026-10-07 15:56:12,090 INFO o.a.j.t.JMeterThread: Thread started: POST arrivals 1-396
2026-10-07 15:56:13,184 INFO o.a.j.t.JMeterThread: Thread started: POST arrivals 1-397
2026-10-07 15:56:13,741 INFO o.a.j.t.JMeterThread: Thread is done: POST arrivals 1-247
2026-10-07 15:56:13,741 INFO o.a.j.t.JMeterThread: Thread finished: POST arrivals 1-247
2026-10-07 15:56:14,300 INFO o.a.j.t.JMeterThread: Thread started: POST arrivals 1-398
2026-10-07 15:56:15,282 INFO o.a.j.t.JMeterThread: Thread is done: POST arrivals 1-248
2026-10-07 15:56:15,283 INFO o.a.j.t.JMeterThread: Thread finished: POST arrivals 1-248
2026-10-07 15:56:15,810 INFO o.a.j.t.JMeterThread: Thread is done: POST arrivals 1-308
2026-10-07 15:56:15,810 INFO o.a.j.t.JMeterThread: Thread finished: POST arrivals 1-308
2026-10-07 15:56:15,908 INFO o.a.j.t.JMeterThread: Thread started: POST arrivals 1-399
2026-10-07 15:56:17,116 INFO o.a.j.t.JMeterThread: Thread started: Stats arrivals 3-21
2026-10-07 15:56:17,116 INFO o.a.j.t.o.EvenArrivalsRamp: Generating 0 events, beginRate = 0.0 / sec, endRate = 0.0 / sec, duration = 360.0 sec
2026-10-07 15:56:17,116 INFO o.a.j.t.o.OpenModelThreadGroup: There will be no more events, so will wait for 407 sec till the end of the schedule
2026-10-07 15:56:17,735 INFO o.a.j.t.JMeterThread: Thread started: POST arrivals 1-400
2026-10-07 15:56:17,824 INFO o.a.j.t.JMeterThread: Thread started: POST arrivals 1-401
2026-10-07 15:56:18,286 INFO o.a.j.t.JMeterThread: Thread started: POST arrivals 1-402
2026-10-07 15:56:18,338 INFO o.a.j.t.JMeterThread: Thread started: Search arrivals 2-83
2026-10-07 15:56:19,156 INFO o.a.j.t.JMeterThread: Thread is done: POST arrivals 1-249
2026-10-07 15:56:19,156 INFO o.a.j.t.JMeterThread: Thread finished: POST arrivals 1-249
2026-10-07 15:56:19,189 INFO o.a.j.t.JMeterThread: Thread is done: Search arrivals 2-55
2026-10-07 15:56:19,189 INFO o.a.j.t.JMeterThread: Thread finished: Search arrivals 2-55
2026-10-07 15:56:19,755 INFO o.a.j.t.JMeterThread: Thread started: POST arrivals 1-403
2026-10-07 15:56:20,702 INFO o.a.j.t.JMeterThread: Thread is done: POST arrivals 1-250
2026-10-07 15:56:20,702 INFO o.a.j.t.JMeterThread: Thread finished: POST arrivals 1-250
2026-10-07 15:56:21,908 INFO o.a.j.t.JMeterThread: Thread started: POST arrivals 1-404
2026-10-07 15:56:21,947 INFO o.a.j.t.JMeterThread: Thread is done: POST arrivals 1-312
2026-10-07 15:56:21,947 INFO o.a.j.t.JMeterThread: Thread finished: POST arrivals 1-312
2026-10-07 15:56:21,948 INFO o.a.j.t.JMeterThread: Thread is done: POST arrivals 1-313
2026-10-07 15:56:21,948 INFO o.a.j.t.JMeterThread: Thread finished: POST arrivals 1-313
2026-10-07 15:56:21,948 INFO o.a.j.t.JMeterThread: Thread is done: POST arrivals 1-314
2026-10-07 15:56:21,949 INFO o.a.j.t.JMeterThread: Thread finished: POST arrivals 1-314
2026-10-07 15:56:23,280 INFO o.a.j.t.JMeterThread: Thread is done: POST arrivals 1-251
2026-10-07 15:56:23,280 INFO o.a.j.t.JMeterThread: Thread finished: POST arrivals 1-251
2026-10-07 15:56:24,560 INFO o.a.j.t.JMeterThread: Thread started: POST arrivals 1-405
2026-10-07 15:56:25,804 INFO o.a.j.t.JMeterThread: Thread started: POST arrivals 1-406
2026-10-07 15:56:26,043 INFO o.a.j.t.JMeterThread: Thread is done: POST arrivals 1-317
2026-10-07 15:56:26,043 INFO o.a.j.t.JMeterThread: Thread finished: POST arrivals 1-317
2026-10-07 15:56:27,603 INFO o.a.j.t.JMeterThread: Thread started: POST arrivals 1-407
2026-10-07 15:56:28,086 INFO o.a.j.t.JMeterThread: Thread is done: POST arrivals 1-320
2026-10-07 15:56:28,086 INFO o.a.j.t.JMeterThread: Thread is done: POST arrivals 1-319
2026-10-07 15:56:28,086 INFO o.a.j.t.JMeterThread: Thread finished: POST arrivals 1-320
2026-10-07 15:56:28,086 INFO o.a.j.t.JMeterThread: Thread finished: POST arrivals 1-319
2026-10-07 15:56:28,469 INFO o.a.j.t.JMeterThread: Thread is done: POST arrivals 1-252
2026-10-07 15:56:28,469 INFO o.a.j.t.JMeterThread: Thread finished: POST arrivals 1-252
2026-10-07 15:56:28,707 INFO o.a.j.t.JMeterThread: Thread started: POST arrivals 1-408
2026-10-07 15:56:29,593 INFO o.a.j.t.JMeterThread: Thread started: POST arrivals 1-409
2026-10-07 15:56:29,643 INFO o.a.j.t.JMeterThread: Thread started: POST arrivals 1-410
2026-10-07 15:56:30,141 INFO o.a.j.r.Summariser: summary +     25 in 00:00:27 =    0.9/s Avg: 188925 Min: 133705 Max: 249961 Err:    12 (48.00%) Active: 177 Started: 514 Finished: 337
2026-10-07 15:56:30,142 INFO o.a.j.r.Summariser: summary =    338 in 00:11:25 =    0.5/s Avg: 115252 Min:  5082 Max: 249961 Err:    16 (4.73%)
2026-10-07 15:56:30,142 INFO o.a.j.t.JMeterThread: Thread is done: POST arrivals 1-321
2026-10-07 15:56:30,142 INFO o.a.j.t.JMeterThread: Thread finished: POST arrivals 1-321
2026-10-07 15:56:30,207 INFO o.a.j.t.JMeterThread: Thread started: POST arrivals 1-411
2026-10-07 15:56:30,454 INFO o.a.j.t.JMeterThread: Thread started: POST arrivals 1-412
2026-10-07 15:56:31,305 INFO o.a.j.t.JMeterThread: Thread started: POST arrivals 1-413
2026-10-07 15:56:32,109 INFO o.a.j.t.JMeterThread: Thread is done: POST arrivals 1-253
2026-10-07 15:56:32,109 INFO o.a.j.t.JMeterThread: Thread finished: POST arrivals 1-253
2026-10-07 15:56:33,153 INFO o.a.j.t.JMeterThread: Thread is done: POST arrivals 1-254
2026-10-07 15:56:33,153 INFO o.a.j.t.JMeterThread: Thread finished: POST arrivals 1-254
2026-10-07 15:56:33,821 INFO o.a.j.t.JMeterThread: Thread started: Search arrivals 2-84
2026-10-07 15:56:34,507 INFO o.a.j.t.JMeterThread: Thread started: POST arrivals 1-414
2026-10-07 15:56:35,607 INFO o.a.j.t.JMeterThread: Thread is done: POST arrivals 1-255
2026-10-07 15:56:35,607 INFO o.a.j.t.JMeterThread: Thread finished: POST arrivals 1-255
2026-10-07 15:56:35,996 INFO o.a.j.t.JMeterThread: Thread started: POST arrivals 1-415
2026-10-07 15:56:36,766 INFO o.a.j.t.JMeterThread: Thread started: POST arrivals 1-416
2026-10-07 15:56:37,305 INFO o.a.j.t.JMeterThread: Thread started: POST arrivals 1-417
2026-10-07 15:56:38,105 INFO o.a.j.t.JMeterThread: Thread started: POST arrivals 1-418
2026-10-07 15:56:38,109 INFO o.a.j.t.JMeterThread: Thread is done: POST arrivals 1-256
2026-10-07 15:56:38,109 INFO o.a.j.t.JMeterThread: Thread finished: POST arrivals 1-256
2026-10-07 15:56:38,137 INFO o.a.j.t.JMeterThread: Thread is done: Search arrivals 2-56
2026-10-07 15:56:38,137 INFO o.a.j.t.JMeterThread: Thread finished: Search arrivals 2-56
2026-10-07 15:56:38,158 INFO o.a.j.t.JMeterThread: Thread is done: Stats arrivals 3-16
2026-10-07 15:56:38,158 INFO o.a.j.t.JMeterThread: Thread finished: Stats arrivals 3-16
2026-10-07 15:56:38,193 INFO o.a.j.t.JMeterThread: Thread is done: Search arrivals 2-57
2026-10-07 15:56:38,193 INFO o.a.j.t.JMeterThread: Thread finished: Search arrivals 2-57
2026-10-07 15:56:38,326 INFO o.a.j.t.JMeterThread: Thread is done: Search arrivals 2-73
2026-10-07 15:56:38,326 INFO o.a.j.t.JMeterThread: Thread finished: Search arrivals 2-73
2026-10-07 15:56:38,335 INFO o.a.j.t.JMeterThread: Thread is done: POST arrivals 1-328
2026-10-07 15:56:38,335 INFO o.a.j.t.JMeterThread: Thread finished: POST arrivals 1-328
2026-10-07 15:56:40,380 INFO o.a.j.t.JMeterThread: Thread is done: POST arrivals 1-330
2026-10-07 15:56:40,381 INFO o.a.j.t.JMeterThread: Thread finished: POST arrivals 1-330
2026-10-07 15:56:40,381 INFO o.a.j.t.JMeterThread: Thread is done: POST arrivals 1-332
2026-10-07 15:56:40,381 INFO o.a.j.t.JMeterThread: Thread finished: POST arrivals 1-332
2026-10-07 15:56:40,381 INFO o.a.j.t.JMeterThread: Thread is done: POST arrivals 1-331
2026-10-07 15:56:40,381 INFO o.a.j.t.JMeterThread: Thread finished: POST arrivals 1-331
2026-10-07 15:56:42,432 INFO o.a.j.t.JMeterThread: Thread is done: POST arrivals 1-333
2026-10-07 15:56:42,432 INFO o.a.j.t.JMeterThread: Thread finished: POST arrivals 1-333
2026-10-07 15:56:42,525 INFO o.a.j.t.JMeterThread: Thread started: POST arrivals 1-419
2026-10-07 15:56:42,537 INFO o.a.j.t.JMeterThread: Thread is done: POST arrivals 1-257
2026-10-07 15:56:42,537 INFO o.a.j.t.JMeterThread: Thread finished: POST arrivals 1-257
2026-10-07 15:56:43,624 INFO o.a.j.t.JMeterThread: Thread started: POST arrivals 1-420
2026-10-07 15:56:43,917 INFO o.a.j.t.JMeterThread: Thread started: Search arrivals 2-85
2026-10-07 15:56:44,483 INFO o.a.j.t.JMeterThread: Thread is done: POST arrivals 1-336
2026-10-07 15:56:44,483 INFO o.a.j.t.JMeterThread: Thread finished: POST arrivals 1-336
2026-10-07 15:56:45,181 INFO o.a.j.t.JMeterThread: Thread started: POST arrivals 1-421
2026-10-07 15:56:45,274 INFO o.a.j.t.JMeterThread: Thread started: POST arrivals 1-422
2026-10-07 15:56:45,752 INFO o.a.j.t.JMeterThread: Thread started: Search arrivals 2-86
2026-10-07 15:56:45,755 INFO o.a.j.t.o.EvenArrivalsRamp: Generating 0 events, beginRate = 0.0 / sec, endRate = 0.0 / sec, duration = 360.0 sec
2026-10-07 15:56:45,755 INFO o.a.j.t.o.OpenModelThreadGroup: There will be no more events, so will wait for 378 sec till the end of the schedule
2026-10-07 15:56:46,141 INFO o.a.j.t.JMeterThread: Thread started: POST arrivals 1-423
2026-10-07 15:56:47,536 INFO o.a.j.t.JMeterThread: Thread is done: POST arrivals 1-258
2026-10-07 15:56:47,536 INFO o.a.j.t.JMeterThread: Thread finished: POST arrivals 1-258
2026-10-07 15:56:47,558 INFO o.a.j.t.JMeterThread: Thread is done: Stats arrivals 3-17
2026-10-07 15:56:47,558 INFO o.a.j.t.JMeterThread: Thread finished: Stats arrivals 3-17
2026-10-07 15:56:47,597 INFO o.a.j.t.JMeterThread: Thread is done: Search arrivals 2-58
2026-10-07 15:56:47,597 INFO o.a.j.t.JMeterThread: Thread finished: Search arrivals 2-58
2026-10-07 15:56:50,253 INFO o.a.j.t.JMeterThread: Thread started: POST arrivals 1-424
2026-10-07 15:56:50,796 INFO o.a.j.t.JMeterThread: Thread started: POST arrivals 1-425
2026-10-07 15:56:51,406 INFO o.a.j.t.JMeterThread: Thread is done: POST arrivals 1-259
2026-10-07 15:56:51,406 INFO o.a.j.t.JMeterThread: Thread finished: POST arrivals 1-259
2026-10-07 15:56:54,911 INFO o.a.j.t.JMeterThread: Thread started: POST arrivals 1-426
2026-10-07 15:56:55,311 INFO o.a.j.t.JMeterThread: Thread started: POST arrivals 1-427
2026-10-07 15:56:56,672 INFO o.a.j.t.JMeterThread: Thread is done: POST arrivals 1-260
2026-10-07 15:56:56,672 INFO o.a.j.t.JMeterThread: Thread finished: POST arrivals 1-260
2026-10-07 15:56:57,546 INFO o.a.j.t.JMeterThread: Thread started: POST arrivals 1-428
2026-10-07 15:56:57,653 INFO o.a.j.t.JMeterThread: Thread started: POST arrivals 1-429
2026-10-07 15:56:58,180 INFO o.a.j.t.JMeterThread: Thread started: POST arrivals 1-430
2026-10-07 15:56:59,350 INFO o.a.j.t.JMeterThread: Thread is done: POST arrivals 1-261
2026-10-07 15:56:59,350 INFO o.a.j.t.JMeterThread: Thread finished: POST arrivals 1-261
2026-10-07 15:57:02,485 INFO o.a.j.t.JMeterThread: Thread started: POST arrivals 1-431
2026-10-07 15:57:02,707 INFO o.a.j.r.Summariser: summary +     22 in 00:00:33 =    0.7/s Avg: 213100 Min: 133791 Max: 262247 Err:     7 (31.82%) Active: 179 Started: 538 Finished: 359
2026-10-07 15:57:02,708 INFO o.a.j.r.Summariser: summary =    360 in 00:11:58 =    0.5/s Avg: 121231 Min:  5082 Max: 262247 Err:    23 (6.39%)
2026-10-07 15:57:02,709 INFO o.a.j.t.JMeterThread: Thread is done: POST arrivals 1-262
2026-10-07 15:57:02,709 INFO o.a.j.t.JMeterThread: Thread finished: POST arrivals 1-262
2026-10-07 15:57:02,871 INFO o.a.j.t.o.EvenArrivalsRamp: Generating 0 events, beginRate = 0.0 / sec, endRate = 0.0 / sec, duration = 360.0 sec
2026-10-07 15:57:02,871 INFO o.a.j.t.o.OpenModelThreadGroup: There will be no more events, so will wait for 361 sec till the end of the schedule
2026-10-07 15:57:02,871 INFO o.a.j.t.JMeterThread: Thread started: POST arrivals 1-432
2026-10-07 15:57:02,903 INFO o.a.j.t.JMeterThread: Thread is done: Stats arrivals 3-18
2026-10-07 15:57:02,903 INFO o.a.j.t.JMeterThread: Thread finished: Stats arrivals 3-18
2026-10-07 15:57:03,859 INFO o.a.j.t.JMeterThread: Thread is done: POST arrivals 1-263
2026-10-07 15:57:03,859 INFO o.a.j.t.JMeterThread: Thread finished: POST arrivals 1-263
2026-10-07 15:57:03,901 INFO o.a.j.t.JMeterThread: Thread is done: Search arrivals 2-59
2026-10-07 15:57:03,901 INFO o.a.j.t.JMeterThread: Thread finished: Search arrivals 2-59
2026-10-07 15:57:03,931 INFO o.a.j.t.JMeterThread: Thread is done: Search arrivals 2-60
2026-10-07 15:57:03,932 INFO o.a.j.t.JMeterThread: Thread finished: Search arrivals 2-60
2026-10-07 15:57:05,882 INFO o.a.j.t.JMeterThread: Thread is done: POST arrivals 1-264
2026-10-07 15:57:05,882 INFO o.a.j.t.JMeterThread: Thread finished: POST arrivals 1-264
2026-10-07 15:57:07,211 INFO o.a.j.t.JMeterThread: Thread is done: POST arrivals 1-265
2026-10-07 15:57:07,211 INFO o.a.j.t.JMeterThread: Thread finished: POST arrivals 1-265
2026-10-07 15:57:09,964 INFO o.a.j.t.JMeterThread: Thread is done: POST arrivals 1-266
2026-10-07 15:57:09,964 INFO o.a.j.t.JMeterThread: Thread finished: POST arrivals 1-266
2026-10-07 15:57:09,999 INFO o.a.j.t.JMeterThread: Thread is done: Search arrivals 2-61
2026-10-07 15:57:09,999 INFO o.a.j.t.JMeterThread: Thread finished: Search arrivals 2-61
2026-10-07 15:57:10,033 INFO o.a.j.t.JMeterThread: Thread is done: Search arrivals 2-62
2026-10-07 15:57:10,033 INFO o.a.j.t.JMeterThread: Thread finished: Search arrivals 2-62
2026-10-07 15:57:12,119 INFO o.a.j.t.JMeterThread: Thread is done: POST arrivals 1-267
2026-10-07 15:57:12,119 INFO o.a.j.t.JMeterThread: Thread finished: POST arrivals 1-267
2026-10-07 15:57:12,166 INFO o.a.j.t.JMeterThread: Thread is done: Search arrivals 2-63
2026-10-07 15:57:12,166 INFO o.a.j.t.JMeterThread: Thread finished: Search arrivals 2-63
2026-10-07 15:57:12,185 INFO o.a.j.t.JMeterThread: Thread is done: Search arrivals 2-64
2026-10-07 15:57:12,185 INFO o.a.j.t.JMeterThread: Thread finished: Search arrivals 2-64
2026-10-07 15:57:13,322 INFO o.a.j.t.JMeterThread: Thread is done: POST arrivals 1-268
2026-10-07 15:57:13,322 INFO o.a.j.t.JMeterThread: Thread finished: POST arrivals 1-268
2026-10-07 15:57:15,189 INFO o.a.j.t.JMeterThread: Thread is done: POST arrivals 1-349
2026-10-07 15:57:15,189 INFO o.a.j.t.JMeterThread: Thread finished: POST arrivals 1-349
2026-10-07 15:57:15,279 INFO o.a.j.t.JMeterThread: Thread is done: POST arrivals 1-269
2026-10-07 15:57:15,279 INFO o.a.j.t.JMeterThread: Thread finished: POST arrivals 1-269
2026-10-07 15:57:17,236 INFO o.a.j.t.JMeterThread: Thread is done: POST arrivals 1-351
2026-10-07 15:57:17,236 INFO o.a.j.t.JMeterThread: Thread finished: POST arrivals 1-351
2026-10-07 15:57:17,240 INFO o.a.j.t.JMeterThread: Thread is done: POST arrivals 1-326
2026-10-07 15:57:17,241 INFO o.a.j.t.JMeterThread: Thread finished: POST arrivals 1-326
2026-10-07 15:57:17,241 INFO o.a.j.t.JMeterThread: Thread is done: POST arrivals 1-350
2026-10-07 15:57:17,241 INFO o.a.j.t.JMeterThread: Thread finished: POST arrivals 1-350
2026-10-07 15:57:17,617 INFO o.a.j.t.JMeterThread: Thread is done: POST arrivals 1-270
2026-10-07 15:57:17,617 INFO o.a.j.t.JMeterThread: Thread finished: POST arrivals 1-270
2026-10-07 15:57:19,612 INFO o.a.j.t.JMeterThread: Thread is done: POST arrivals 1-271
2026-10-07 15:57:19,612 INFO o.a.j.t.JMeterThread: Thread finished: POST arrivals 1-271
2026-10-07 15:57:19,655 INFO o.a.j.t.JMeterThread: Thread is done: Search arrivals 2-65
2026-10-07 15:57:19,655 INFO o.a.j.t.JMeterThread: Thread finished: Search arrivals 2-65
2026-10-07 15:57:20,923 INFO o.a.j.t.JMeterThread: Thread is done: POST arrivals 1-272
2026-10-07 15:57:20,923 INFO o.a.j.t.JMeterThread: Thread finished: POST arrivals 1-272
2026-10-07 15:57:22,396 INFO o.a.j.t.JMeterThread: Thread is done: POST arrivals 1-273
2026-10-07 15:57:22,396 INFO o.a.j.t.JMeterThread: Thread finished: POST arrivals 1-273
2026-10-07 15:57:23,381 INFO o.a.j.t.JMeterThread: Thread is done: POST arrivals 1-354
2026-10-07 15:57:23,382 INFO o.a.j.t.JMeterThread: Thread finished: POST arrivals 1-354
2026-10-07 15:57:23,383 INFO o.a.j.t.JMeterThread: Thread is done: POST arrivals 1-355
2026-10-07 15:57:23,383 INFO o.a.j.t.JMeterThread: Thread finished: POST arrivals 1-355
2026-10-07 15:57:23,384 INFO o.a.j.t.JMeterThread: Thread is done: Search arrivals 2-77
2026-10-07 15:57:23,384 INFO o.a.j.t.JMeterThread: Thread finished: Search arrivals 2-77
2026-10-07 15:57:26,613 INFO o.a.j.t.JMeterThread: Thread is done: POST arrivals 1-274
2026-10-07 15:57:26,613 INFO o.a.j.t.JMeterThread: Thread finished: POST arrivals 1-274
2026-10-07 15:57:29,154 INFO o.a.j.t.JMeterThread: Thread is done: POST arrivals 1-276
2026-10-07 15:57:29,154 INFO o.a.j.t.JMeterThread: Thread finished: POST arrivals 1-276
2026-10-07 15:57:30,829 INFO o.a.j.r.Summariser: summary +     29 in 00:00:28 =    1.0/s Avg: 226307 Min: 133517 Max: 265976 Err:     8 (27.59%) Active: 151 Started: 539 Finished: 388
2026-10-07 15:57:30,830 INFO o.a.j.r.Summariser: summary =    389 in 00:12:26 =    0.5/s Avg: 129065 Min:  5082 Max: 265976 Err:    31 (7.97%)
2026-10-07 15:57:30,830 INFO o.a.j.t.JMeterThread: Thread is done: POST arrivals 1-275
2026-10-07 15:57:30,830 INFO o.a.j.t.JMeterThread: Thread finished: POST arrivals 1-275
2026-10-07 15:57:30,870 INFO o.a.j.t.JMeterThread: Thread is done: Search arrivals 2-66
2026-10-07 15:57:30,870 INFO o.a.j.t.JMeterThread: Thread finished: Search arrivals 2-66
2026-10-07 15:57:33,620 INFO o.a.j.t.JMeterThread: Thread is done: POST arrivals 1-356
2026-10-07 15:57:33,620 INFO o.a.j.t.JMeterThread: Thread finished: POST arrivals 1-356
2026-10-07 15:57:34,469 INFO o.a.j.t.JMeterThread: Thread is done: POST arrivals 1-280
2026-10-07 15:57:34,469 INFO o.a.j.t.JMeterThread: Thread finished: POST arrivals 1-280
2026-10-07 15:57:36,572 INFO o.a.j.t.JMeterThread: Thread is done: POST arrivals 1-278
2026-10-07 15:57:36,572 INFO o.a.j.t.JMeterThread: Thread finished: POST arrivals 1-278
2026-10-07 15:57:39,595 INFO o.a.j.t.JMeterThread: Thread is done: POST arrivals 1-281
2026-10-07 15:57:39,595 INFO o.a.j.t.JMeterThread: Thread finished: POST arrivals 1-281
2026-10-07 15:57:41,750 INFO o.a.j.t.JMeterThread: Thread is done: POST arrivals 1-282
2026-10-07 15:57:41,751 INFO o.a.j.t.JMeterThread: Thread finished: POST arrivals 1-282
2026-10-07 15:57:41,814 INFO o.a.j.t.JMeterThread: Thread is done: POST arrivals 1-362
2026-10-07 15:57:41,814 INFO o.a.j.t.JMeterThread: Thread finished: POST arrivals 1-362
2026-10-07 15:57:44,649 INFO o.a.j.t.JMeterThread: Thread is done: POST arrivals 1-283
2026-10-07 15:57:44,649 INFO o.a.j.t.JMeterThread: Thread finished: POST arrivals 1-283
2026-10-07 15:57:47,637 INFO o.a.j.t.JMeterThread: Thread is done: POST arrivals 1-284
2026-10-07 15:57:47,638 INFO o.a.j.t.JMeterThread: Thread finished: POST arrivals 1-284
2026-10-07 15:57:49,613 INFO o.a.j.t.JMeterThread: Thread is done: POST arrivals 1-285
2026-10-07 15:57:49,613 INFO o.a.j.t.JMeterThread: Thread finished: POST arrivals 1-285
2026-10-07 15:57:50,003 INFO o.a.j.t.JMeterThread: Thread is done: Search arrivals 2-79
2026-10-07 15:57:50,003 INFO o.a.j.t.JMeterThread: Thread finished: Search arrivals 2-79
2026-10-07 15:57:52,052 INFO o.a.j.t.JMeterThread: Thread is done: POST arrivals 1-382
2026-10-07 15:57:52,053 INFO o.a.j.t.JMeterThread: Thread finished: POST arrivals 1-382
2026-10-07 15:57:52,055 INFO o.a.j.t.JMeterThread: Thread is done: POST arrivals 1-345
2026-10-07 15:57:52,055 INFO o.a.j.t.JMeterThread: Thread finished: POST arrivals 1-345
2026-10-07 15:57:52,537 INFO o.a.j.t.JMeterThread: Thread is done: POST arrivals 1-279
2026-10-07 15:57:52,537 INFO o.a.j.t.JMeterThread: Thread finished: POST arrivals 1-279
2026-10-07 15:57:52,573 INFO o.a.j.t.JMeterThread: Thread is done: Search arrivals 2-67
2026-10-07 15:57:52,573 INFO o.a.j.t.JMeterThread: Thread finished: Search arrivals 2-67
2026-10-07 15:57:55,329 INFO o.a.j.t.JMeterThread: Thread is done: POST arrivals 1-286
2026-10-07 15:57:55,329 INFO o.a.j.t.JMeterThread: Thread finished: POST arrivals 1-286
2026-10-07 15:57:56,153 INFO o.a.j.t.JMeterThread: Thread is done: POST arrivals 1-374
2026-10-07 15:57:56,153 INFO o.a.j.t.JMeterThread: Thread finished: POST arrivals 1-374
2026-10-07 15:57:57,451 INFO o.a.j.t.JMeterThread: Thread is done: POST arrivals 1-289
2026-10-07 15:57:57,451 INFO o.a.j.t.JMeterThread: Thread finished: POST arrivals 1-289
2026-10-07 15:57:58,684 INFO o.a.j.t.JMeterThread: Thread is done: POST arrivals 1-288
2026-10-07 15:57:58,684 INFO o.a.j.t.JMeterThread: Thread finished: POST arrivals 1-288
2026-10-07 15:58:00,185 INFO o.a.j.r.Summariser: summary +     20 in 00:00:29 =    0.7/s Avg: 225149 Min: 117746 Max: 280372 Err:     6 (30.00%) Active: 131 Started: 539 Finished: 408
2026-10-07 15:58:00,186 INFO o.a.j.r.Summariser: summary =    409 in 00:12:56 =    0.5/s Avg: 133763 Min:  5082 Max: 280372 Err:    37 (9.05%)
2026-10-07 15:58:00,186 INFO o.a.j.t.JMeterThread: Thread is done: POST arrivals 1-290
2026-10-07 15:58:00,186 INFO o.a.j.t.JMeterThread: Thread finished: POST arrivals 1-290
2026-10-07 15:58:00,232 INFO o.a.j.t.JMeterThread: Thread is done: Search arrivals 2-68
2026-10-07 15:58:00,233 INFO o.a.j.t.JMeterThread: Thread finished: Search arrivals 2-68
2026-10-07 15:58:00,247 INFO o.a.j.t.JMeterThread: Thread is done: Search arrivals 2-81
2026-10-07 15:58:00,247 INFO o.a.j.t.JMeterThread: Thread finished: Search arrivals 2-81
2026-10-07 15:58:00,248 INFO o.a.j.t.JMeterThread: Thread is done: POST arrivals 1-377
2026-10-07 15:58:00,248 INFO o.a.j.t.JMeterThread: Thread finished: POST arrivals 1-377
2026-10-07 15:58:00,248 INFO o.a.j.t.JMeterThread: Thread is done: POST arrivals 1-375
2026-10-07 15:58:00,248 INFO o.a.j.t.JMeterThread: Thread finished: POST arrivals 1-375
2026-10-07 15:58:00,249 INFO o.a.j.t.JMeterThread: Thread is done: POST arrivals 1-376
2026-10-07 15:58:00,249 INFO o.a.j.t.JMeterThread: Thread finished: POST arrivals 1-376
2026-10-07 15:58:04,341 INFO o.a.j.t.JMeterThread: Thread is done: POST arrivals 1-379
2026-10-07 15:58:04,341 INFO o.a.j.t.JMeterThread: Thread finished: POST arrivals 1-379
2026-10-07 15:58:05,629 INFO o.a.j.t.JMeterThread: Thread is done: POST arrivals 1-296
2026-10-07 15:58:05,630 INFO o.a.j.t.JMeterThread: Thread finished: POST arrivals 1-296
2026-10-07 15:58:06,961 INFO o.a.j.t.JMeterThread: Thread is done: POST arrivals 1-277
2026-10-07 15:58:06,961 INFO o.a.j.t.JMeterThread: Thread finished: POST arrivals 1-277
2026-10-07 15:58:09,781 INFO o.a.j.t.JMeterThread: Thread is done: POST arrivals 1-297
2026-10-07 15:58:09,781 INFO o.a.j.t.JMeterThread: Thread finished: POST arrivals 1-297
2026-10-07 15:58:11,408 INFO o.a.j.t.JMeterThread: Thread is done: POST arrivals 1-301
2026-10-07 15:58:11,408 INFO o.a.j.t.JMeterThread: Thread finished: POST arrivals 1-301
2026-10-07 15:58:12,531 INFO o.a.j.t.JMeterThread: Thread is done: POST arrivals 1-383
2026-10-07 15:58:12,531 INFO o.a.j.t.JMeterThread: Thread finished: POST arrivals 1-383
2026-10-07 15:58:14,583 INFO o.a.j.t.JMeterThread: Thread is done: POST arrivals 1-386
2026-10-07 15:58:14,583 INFO o.a.j.t.JMeterThread: Thread finished: POST arrivals 1-386
2026-10-07 15:58:15,592 INFO o.a.j.t.JMeterThread: Thread is done: POST arrivals 1-287
2026-10-07 15:58:15,592 INFO o.a.j.t.JMeterThread: Thread finished: POST arrivals 1-287
2026-10-07 15:58:18,877 INFO o.a.j.t.JMeterThread: Thread is done: POST arrivals 1-302
2026-10-07 15:58:18,877 INFO o.a.j.t.JMeterThread: Thread finished: POST arrivals 1-302
2026-10-07 15:58:21,267 INFO o.a.j.t.JMeterThread: Thread is done: POST arrivals 1-292
2026-10-07 15:58:21,267 INFO o.a.j.t.JMeterThread: Thread finished: POST arrivals 1-292
2026-10-07 15:58:23,134 INFO o.a.j.t.JMeterThread: Thread is done: POST arrivals 1-300
2026-10-07 15:58:23,134 INFO o.a.j.t.JMeterThread: Thread finished: POST arrivals 1-300
2026-10-07 15:58:24,828 INFO o.a.j.t.JMeterThread: Thread is done: POST arrivals 1-304
2026-10-07 15:58:24,828 INFO o.a.j.t.JMeterThread: Thread finished: POST arrivals 1-304
2026-10-07 15:58:27,085 INFO o.a.j.t.JMeterThread: Thread is done: POST arrivals 1-303
2026-10-07 15:58:27,085 INFO o.a.j.t.JMeterThread: Thread finished: POST arrivals 1-303
2026-10-07 15:58:32,464 INFO o.a.j.r.Summariser: summary +     19 in 00:00:32 =    0.6/s Avg: 222872 Min: 133627 Max: 300008 Err:     8 (42.11%) Active: 112 Started: 539 Finished: 427
2026-10-07 15:58:32,465 INFO o.a.j.r.Summariser: summary =    428 in 00:13:28 =    0.5/s Avg: 137719 Min:  5082 Max: 300008 Err:    45 (10.51%)
2026-10-07 15:58:32,465 INFO o.a.j.t.JMeterThread: Thread is done: POST arrivals 1-307
2026-10-07 15:58:32,465 INFO o.a.j.t.JMeterThread: Thread finished: POST arrivals 1-307
2026-10-07 15:58:36,745 INFO o.a.j.t.JMeterThread: Thread is done: POST arrivals 1-291
2026-10-07 15:58:36,745 INFO o.a.j.t.JMeterThread: Thread finished: POST arrivals 1-291
2026-10-07 15:58:36,761 INFO o.a.j.t.JMeterThread: Thread is done: POST arrivals 1-293
2026-10-07 15:58:36,761 INFO o.a.j.t.JMeterThread: Thread finished: POST arrivals 1-293
2026-10-07 15:58:37,428 INFO o.a.j.t.JMeterThread: Thread is done: POST arrivals 1-294
2026-10-07 15:58:37,428 INFO o.a.j.t.JMeterThread: Thread finished: POST arrivals 1-294
2026-10-07 15:58:38,644 INFO o.a.j.t.JMeterThread: Thread is done: POST arrivals 1-309
2026-10-07 15:58:38,644 INFO o.a.j.t.JMeterThread: Thread finished: POST arrivals 1-309
2026-10-07 15:58:40,506 INFO o.a.j.t.JMeterThread: Thread is done: POST arrivals 1-311
2026-10-07 15:58:40,506 INFO o.a.j.t.JMeterThread: Thread finished: POST arrivals 1-311
2026-10-07 15:58:51,301 INFO o.a.j.t.JMeterThread: Thread is done: POST arrivals 1-324
2026-10-07 15:58:51,301 INFO o.a.j.t.JMeterThread: Thread finished: POST arrivals 1-324
2026-10-07 15:58:52,548 INFO o.a.j.t.JMeterThread: Thread is done: POST arrivals 1-318
2026-10-07 15:58:52,548 INFO o.a.j.t.JMeterThread: Thread finished: POST arrivals 1-318
2026-10-07 15:58:54,678 INFO o.a.j.t.JMeterThread: Thread is done: POST arrivals 1-322
2026-10-07 15:58:54,678 INFO o.a.j.t.JMeterThread: Thread finished: POST arrivals 1-322
2026-10-07 15:59:01,456 INFO o.a.j.r.Summariser: summary +      9 in 00:00:29 =    0.3/s Avg: 284507 Min: 272645 Max: 300018 Err:     3 (33.33%) Active: 103 Started: 539 Finished: 436
2026-10-07 15:59:01,458 INFO o.a.j.r.Summariser: summary =    437 in 00:13:57 =    0.5/s Avg: 140742 Min:  5082 Max: 300018 Err:    48 (10.98%)
2026-10-07 15:59:01,458 INFO o.a.j.t.JMeterThread: Thread is done: POST arrivals 1-325
2026-10-07 15:59:01,458 INFO o.a.j.t.JMeterThread: Thread finished: POST arrivals 1-325
2026-10-07 15:59:03,802 INFO o.a.j.t.JMeterThread: Thread is done: POST arrivals 1-316
2026-10-07 15:59:03,802 INFO o.a.j.t.JMeterThread: Thread finished: POST arrivals 1-316
2026-10-07 15:59:04,539 INFO o.a.j.t.JMeterThread: Thread is done: POST arrivals 1-310
2026-10-07 15:59:04,539 INFO o.a.j.t.JMeterThread: Thread finished: POST arrivals 1-310
2026-10-07 15:59:05,298 INFO o.a.j.t.JMeterThread: Thread is done: POST arrivals 1-335
2026-10-07 15:59:05,298 INFO o.a.j.t.JMeterThread: Thread finished: POST arrivals 1-335
2026-10-07 15:59:09,290 INFO o.a.j.t.JMeterThread: Thread is done: POST arrivals 1-338
2026-10-07 15:59:09,290 INFO o.a.j.t.JMeterThread: Thread finished: POST arrivals 1-338
2026-10-07 15:59:10,016 INFO o.a.j.t.JMeterThread: Thread is done: Search arrivals 2-72
2026-10-07 15:59:10,016 INFO o.a.j.t.JMeterThread: Thread finished: Search arrivals 2-72
2026-10-07 15:59:10,165 INFO o.a.j.t.JMeterThread: Thread is done: POST arrivals 1-315
2026-10-07 15:59:10,165 INFO o.a.j.t.JMeterThread: Thread finished: POST arrivals 1-315
2026-10-07 15:59:12,033 INFO o.a.j.t.JMeterThread: Thread is done: POST arrivals 1-334
2026-10-07 15:59:12,033 INFO o.a.j.t.JMeterThread: Thread finished: POST arrivals 1-334
2026-10-07 15:59:17,104 INFO o.a.j.t.JMeterThread: Thread is done: POST arrivals 1-339
2026-10-07 15:59:17,104 INFO o.a.j.t.JMeterThread: Thread finished: POST arrivals 1-339
2026-10-07 15:59:18,212 INFO o.a.j.t.JMeterThread: Thread is done: POST arrivals 1-323
2026-10-07 15:59:18,212 INFO o.a.j.t.JMeterThread: Thread finished: POST arrivals 1-323
2026-10-07 15:59:18,529 INFO o.a.j.t.JMeterThread: Thread is done: POST arrivals 1-340
2026-10-07 15:59:18,529 INFO o.a.j.t.JMeterThread: Thread finished: POST arrivals 1-340
2026-10-07 15:59:23,022 INFO o.a.j.t.JMeterThread: Thread is done: POST arrivals 1-327
2026-10-07 15:59:23,022 INFO o.a.j.t.JMeterThread: Thread finished: POST arrivals 1-327
2026-10-07 15:59:23,863 INFO o.a.j.t.JMeterThread: Thread is done: POST arrivals 1-341
2026-10-07 15:59:23,863 INFO o.a.j.t.JMeterThread: Thread finished: POST arrivals 1-341
2026-10-07 15:59:25,042 INFO o.a.j.t.JMeterThread: Thread is done: POST arrivals 1-329
2026-10-07 15:59:25,042 INFO o.a.j.t.JMeterThread: Thread finished: POST arrivals 1-329
2026-10-07 15:59:29,526 INFO o.a.j.t.JMeterThread: Thread is done: POST arrivals 1-337
2026-10-07 15:59:29,526 INFO o.a.j.t.JMeterThread: Thread finished: POST arrivals 1-337
2026-10-07 15:59:32,851 INFO o.a.j.r.Summariser: summary +     15 in 00:00:31 =    0.5/s Avg: 289546 Min: 273134 Max: 300013 Err:     6 (40.00%) Active: 88 Started: 539 Finished: 451
2026-10-07 15:59:32,852 INFO o.a.j.r.Summariser: summary =    452 in 00:14:28 =    0.5/s Avg: 145680 Min:  5082 Max: 300018 Err:    54 (11.95%)
2026-10-07 15:59:32,852 INFO o.a.j.t.JMeterThread: Thread is done: POST arrivals 1-343
2026-10-07 15:59:32,852 INFO o.a.j.t.JMeterThread: Thread finished: POST arrivals 1-343
2026-10-07 15:59:38,346 INFO o.a.j.t.JMeterThread: Thread is done: POST arrivals 1-342
2026-10-07 15:59:38,347 INFO o.a.j.t.JMeterThread: Thread finished: POST arrivals 1-342
2026-10-07 15:59:38,398 INFO o.a.j.t.JMeterThread: Thread is done: Search arrivals 2-74
2026-10-07 15:59:38,398 INFO o.a.j.t.JMeterThread: Thread finished: Search arrivals 2-74
2026-10-07 15:59:41,598 INFO o.a.j.t.JMeterThread: Thread is done: POST arrivals 1-352
2026-10-07 15:59:41,598 INFO o.a.j.t.JMeterThread: Thread finished: POST arrivals 1-352
2026-10-07 15:59:45,635 INFO o.a.j.t.JMeterThread: Thread is done: POST arrivals 1-353
2026-10-07 15:59:45,635 INFO o.a.j.t.JMeterThread: Thread finished: POST arrivals 1-353
2026-10-07 15:59:45,674 INFO o.a.j.t.JMeterThread: Thread is done: Search arrivals 2-78
2026-10-07 15:59:45,674 INFO o.a.j.t.JMeterThread: Thread finished: Search arrivals 2-78
2026-10-07 15:59:50,420 INFO o.a.j.t.JMeterThread: Thread is done: Stats arrivals 3-20
2026-10-07 15:59:50,420 INFO o.a.j.t.JMeterThread: Thread finished: Stats arrivals 3-20
2026-10-07 15:59:54,667 INFO o.a.j.t.JMeterThread: Thread is done: POST arrivals 1-360
2026-10-07 15:59:54,667 INFO o.a.j.t.JMeterThread: Thread finished: POST arrivals 1-360
2026-10-07 15:59:55,038 INFO o.a.j.t.JMeterThread: Thread is done: POST arrivals 1-344
2026-10-07 15:59:55,038 INFO o.a.j.t.JMeterThread: Thread finished: POST arrivals 1-344
2026-10-07 15:59:56,576 INFO o.a.j.t.JMeterThread: Thread is done: POST arrivals 1-358
2026-10-07 15:59:56,576 INFO o.a.j.t.JMeterThread: Thread finished: POST arrivals 1-358
2026-10-07 15:59:56,610 INFO o.a.j.t.JMeterThread: Thread is done: Search arrivals 2-76
2026-10-07 15:59:56,610 INFO o.a.j.t.JMeterThread: Thread finished: Search arrivals 2-76
2026-10-07 15:59:57,122 INFO o.a.j.t.JMeterThread: Thread is done: POST arrivals 1-346
2026-10-07 15:59:57,122 INFO o.a.j.t.JMeterThread: Thread finished: POST arrivals 1-346
2026-10-07 15:59:57,758 INFO o.a.j.t.JMeterThread: Thread is done: Search arrivals 2-75
2026-10-07 15:59:57,758 INFO o.a.j.t.JMeterThread: Thread finished: Search arrivals 2-75
2026-10-07 15:59:57,866 INFO o.a.j.t.JMeterThread: Thread is done: POST arrivals 1-347
2026-10-07 15:59:57,866 INFO o.a.j.t.JMeterThread: Thread finished: POST arrivals 1-347
2026-10-07 15:59:58,098 INFO o.a.j.t.JMeterThread: Thread is done: POST arrivals 1-359
2026-10-07 15:59:58,098 INFO o.a.j.t.JMeterThread: Thread finished: POST arrivals 1-359
2026-10-07 15:59:59,760 INFO o.a.j.t.JMeterThread: Thread is done: POST arrivals 1-348
2026-10-07 15:59:59,760 INFO o.a.j.t.JMeterThread: Thread finished: POST arrivals 1-348
2026-10-07 16:00:00,759 INFO o.a.j.r.Summariser: summary +     16 in 00:00:28 =    0.6/s Avg: 285594 Min: 270979 Max: 300012 Err:     5 (31.25%) Active: 72 Started: 539 Finished: 467
2026-10-07 16:00:00,760 INFO o.a.j.r.Summariser: summary =    468 in 00:14:56 =    0.5/s Avg: 150464 Min:  5082 Max: 300018 Err:    59 (12.61%)
2026-10-07 16:00:00,760 INFO o.a.j.t.JMeterThread: Thread is done: POST arrivals 1-357
2026-10-07 16:00:00,760 INFO o.a.j.t.JMeterThread: Thread finished: POST arrivals 1-357
2026-10-07 16:00:01,862 INFO o.a.j.t.JMeterThread: Thread is done: POST arrivals 1-361
2026-10-07 16:00:01,862 INFO o.a.j.t.JMeterThread: Thread finished: POST arrivals 1-361
2026-10-07 16:00:02,831 INFO o.a.j.t.JMeterThread: Thread is done: Stats arrivals 3-19
2026-10-07 16:00:02,832 INFO o.a.j.t.JMeterThread: Thread finished: Stats arrivals 3-19
2026-10-07 16:00:10,960 INFO o.a.j.t.JMeterThread: Thread is done: POST arrivals 1-363
2026-10-07 16:00:10,960 INFO o.a.j.t.JMeterThread: Thread finished: POST arrivals 1-363
2026-10-07 16:00:12,513 INFO o.a.j.t.JMeterThread: Thread is done: POST arrivals 1-364
2026-10-07 16:00:12,513 INFO o.a.j.t.JMeterThread: Thread finished: POST arrivals 1-364
2026-10-07 16:00:17,359 INFO o.a.j.t.JMeterThread: Thread is done: POST arrivals 1-366
2026-10-07 16:00:17,359 INFO o.a.j.t.JMeterThread: Thread finished: POST arrivals 1-366
2026-10-07 16:00:18,891 INFO o.a.j.t.JMeterThread: Thread is done: POST arrivals 1-368
2026-10-07 16:00:18,891 INFO o.a.j.t.JMeterThread: Thread finished: POST arrivals 1-368
2026-10-07 16:00:21,992 INFO o.a.j.t.JMeterThread: Thread is done: POST arrivals 1-369
2026-10-07 16:00:21,992 INFO o.a.j.t.JMeterThread: Thread finished: POST arrivals 1-369
2026-10-07 16:00:26,493 INFO o.a.j.t.JMeterThread: Thread is done: POST arrivals 1-372
2026-10-07 16:00:26,493 INFO o.a.j.t.JMeterThread: Thread finished: POST arrivals 1-372
2026-10-07 16:00:30,398 INFO o.a.j.r.Summariser: summary +      9 in 00:00:30 =    0.3/s Avg: 286290 Min: 278402 Max: 300009 Err:     1 (11.11%) Active: 63 Started: 539 Finished: 476
2026-10-07 16:00:30,400 INFO o.a.j.r.Summariser: summary =    477 in 00:15:26 =    0.5/s Avg: 153026 Min:  5082 Max: 300018 Err:    60 (12.58%)
2026-10-07 16:00:30,400 INFO o.a.j.t.JMeterThread: Thread is done: POST arrivals 1-365
2026-10-07 16:00:30,401 INFO o.a.j.t.JMeterThread: Thread finished: POST arrivals 1-365
2026-10-07 16:00:30,730 INFO o.a.j.t.JMeterThread: Thread is done: POST arrivals 1-370
2026-10-07 16:00:30,730 INFO o.a.j.t.JMeterThread: Thread finished: POST arrivals 1-370
2026-10-07 16:00:30,770 INFO o.a.j.t.JMeterThread: Thread is done: Search arrivals 2-80
2026-10-07 16:00:30,770 INFO o.a.j.t.JMeterThread: Thread finished: Search arrivals 2-80
2026-10-07 16:00:32,771 INFO o.a.j.t.JMeterThread: Thread is done: POST arrivals 1-367
2026-10-07 16:00:32,771 INFO o.a.j.t.JMeterThread: Thread finished: POST arrivals 1-367
2026-10-07 16:00:32,924 INFO o.a.j.t.JMeterThread: Thread is done: POST arrivals 1-371
2026-10-07 16:00:32,924 INFO o.a.j.t.JMeterThread: Thread finished: POST arrivals 1-371
2026-10-07 16:00:34,410 INFO o.a.j.t.JMeterThread: Thread is done: POST arrivals 1-373
2026-10-07 16:00:34,411 INFO o.a.j.t.JMeterThread: Thread finished: POST arrivals 1-373
2026-10-07 16:00:42,737 INFO o.a.j.t.JMeterThread: Thread is done: POST arrivals 1-380
2026-10-07 16:00:42,737 INFO o.a.j.t.JMeterThread: Thread finished: POST arrivals 1-380
2026-10-07 16:00:42,782 INFO o.a.j.t.JMeterThread: Thread is done: Search arrivals 2-82
2026-10-07 16:00:42,782 INFO o.a.j.t.JMeterThread: Thread finished: Search arrivals 2-82
2026-10-07 16:00:45,181 INFO o.a.j.t.JMeterThread: Thread is done: POST arrivals 1-381
2026-10-07 16:00:45,181 INFO o.a.j.t.JMeterThread: Thread finished: POST arrivals 1-381
2026-10-07 16:00:46,100 INFO o.a.j.t.JMeterThread: Thread is done: POST arrivals 1-378
2026-10-07 16:00:46,100 INFO o.a.j.t.JMeterThread: Thread finished: POST arrivals 1-378
2026-10-07 16:00:47,251 INFO o.a.j.t.JMeterThread: Thread is done: POST arrivals 1-384
2026-10-07 16:00:47,252 INFO o.a.j.t.JMeterThread: Thread finished: POST arrivals 1-384
2026-10-07 16:00:50,711 INFO o.a.j.t.JMeterThread: Thread is done: POST arrivals 1-387
2026-10-07 16:00:50,711 INFO o.a.j.t.JMeterThread: Thread finished: POST arrivals 1-387
2026-10-07 16:01:00,760 INFO o.a.j.r.Summariser: summary +     12 in 00:00:30 =    0.4/s Avg: 293537 Min: 287991 Max: 300014 Err:     2 (16.67%) Active: 51 Started: 539 Finished: 488
2026-10-07 16:01:00,761 INFO o.a.j.r.Summariser: summary =    489 in 00:15:56 =    0.5/s Avg: 156475 Min:  5082 Max: 300018 Err:    62 (12.68%)
2026-10-07 16:01:00,761 INFO o.a.j.t.JMeterThread: Thread is done: POST arrivals 1-385
2026-10-07 16:01:00,761 INFO o.a.j.t.JMeterThread: Thread finished: POST arrivals 1-385
2026-10-07 16:01:02,662 INFO o.a.j.t.JMeterThread: Thread is done: POST arrivals 1-388
2026-10-07 16:01:02,663 INFO o.a.j.t.JMeterThread: Thread finished: POST arrivals 1-388
2026-10-07 16:01:04,954 INFO o.a.j.t.JMeterThread: Thread is done: POST arrivals 1-389
2026-10-07 16:01:04,955 INFO o.a.j.t.JMeterThread: Thread finished: POST arrivals 1-389
2026-10-07 16:01:05,326 INFO o.a.j.t.JMeterThread: Thread is done: POST arrivals 1-390
2026-10-07 16:01:05,326 INFO o.a.j.t.JMeterThread: Thread finished: POST arrivals 1-390
2026-10-07 16:01:05,954 INFO o.a.j.t.JMeterThread: Thread is done: POST arrivals 1-391
2026-10-07 16:01:05,954 INFO o.a.j.t.JMeterThread: Thread finished: POST arrivals 1-391
2026-10-07 16:01:06,132 INFO o.a.j.t.JMeterThread: Thread is done: POST arrivals 1-392
2026-10-07 16:01:06,132 INFO o.a.j.t.JMeterThread: Thread finished: POST arrivals 1-392
2026-10-07 16:01:06,918 INFO o.a.j.t.JMeterThread: Thread is done: POST arrivals 1-394
2026-10-07 16:01:06,918 INFO o.a.j.t.JMeterThread: Thread finished: POST arrivals 1-394
2026-10-07 16:01:07,040 INFO o.a.j.t.JMeterThread: Thread is done: POST arrivals 1-393
2026-10-07 16:01:07,040 INFO o.a.j.t.JMeterThread: Thread finished: POST arrivals 1-393
2026-10-07 16:01:09,130 INFO o.a.j.t.JMeterThread: Thread is done: POST arrivals 1-395
2026-10-07 16:01:09,130 INFO o.a.j.t.JMeterThread: Thread finished: POST arrivals 1-395
2026-10-07 16:01:12,099 INFO o.a.j.t.JMeterThread: Thread is done: POST arrivals 1-396
2026-10-07 16:01:12,099 INFO o.a.j.t.JMeterThread: Thread finished: POST arrivals 1-396
2026-10-07 16:01:13,197 INFO o.a.j.t.JMeterThread: Thread is done: POST arrivals 1-397
2026-10-07 16:01:13,197 INFO o.a.j.t.JMeterThread: Thread finished: POST arrivals 1-397
2026-10-07 16:01:14,312 INFO o.a.j.t.JMeterThread: Thread is done: POST arrivals 1-398
2026-10-07 16:01:14,313 INFO o.a.j.t.JMeterThread: Thread finished: POST arrivals 1-398
2026-10-07 16:01:15,918 INFO o.a.j.t.JMeterThread: Thread is done: POST arrivals 1-399
2026-10-07 16:01:15,918 INFO o.a.j.t.JMeterThread: Thread finished: POST arrivals 1-399
2026-10-07 16:01:17,126 INFO o.a.j.t.JMeterThread: Thread is done: Stats arrivals 3-21
2026-10-07 16:01:17,126 INFO o.a.j.t.JMeterThread: Thread finished: Stats arrivals 3-21
2026-10-07 16:01:17,743 INFO o.a.j.t.JMeterThread: Thread is done: POST arrivals 1-400
2026-10-07 16:01:17,743 INFO o.a.j.t.JMeterThread: Thread finished: POST arrivals 1-400
2026-10-07 16:01:17,832 INFO o.a.j.t.JMeterThread: Thread is done: POST arrivals 1-401
2026-10-07 16:01:17,832 INFO o.a.j.t.JMeterThread: Thread finished: POST arrivals 1-401
2026-10-07 16:01:18,295 INFO o.a.j.t.JMeterThread: Thread is done: POST arrivals 1-402
2026-10-07 16:01:18,295 INFO o.a.j.t.JMeterThread: Thread finished: POST arrivals 1-402
2026-10-07 16:01:18,343 INFO o.a.j.t.JMeterThread: Thread is done: Search arrivals 2-83
2026-10-07 16:01:18,343 INFO o.a.j.t.JMeterThread: Thread finished: Search arrivals 2-83
2026-10-07 16:01:19,770 INFO o.a.j.t.JMeterThread: Thread is done: POST arrivals 1-403
2026-10-07 16:01:19,770 INFO o.a.j.t.JMeterThread: Thread finished: POST arrivals 1-403
2026-10-07 16:01:21,924 INFO o.a.j.t.JMeterThread: Thread is done: POST arrivals 1-404
2026-10-07 16:01:21,924 INFO o.a.j.t.JMeterThread: Thread finished: POST arrivals 1-404
2026-10-07 16:01:24,573 INFO o.a.j.t.JMeterThread: Thread is done: POST arrivals 1-405
2026-10-07 16:01:24,573 INFO o.a.j.t.JMeterThread: Thread finished: POST arrivals 1-405
2026-10-07 16:01:25,812 INFO o.a.j.t.JMeterThread: Thread is done: POST arrivals 1-406
2026-10-07 16:01:25,812 INFO o.a.j.t.JMeterThread: Thread finished: POST arrivals 1-406
2026-10-07 16:01:27,621 INFO o.a.j.t.JMeterThread: Thread is done: POST arrivals 1-407
2026-10-07 16:01:27,622 INFO o.a.j.t.JMeterThread: Thread finished: POST arrivals 1-407
2026-10-07 16:01:28,741 INFO o.a.j.t.JMeterThread: Thread is done: POST arrivals 1-408
2026-10-07 16:01:28,742 INFO o.a.j.t.JMeterThread: Thread finished: POST arrivals 1-408
2026-10-07 16:01:29,616 INFO o.a.j.t.JMeterThread: Thread is done: POST arrivals 1-409
2026-10-07 16:01:29,616 INFO o.a.j.t.JMeterThread: Thread finished: POST arrivals 1-409
2026-10-07 16:01:29,657 INFO o.a.j.t.JMeterThread: Thread is done: POST arrivals 1-410
2026-10-07 16:01:29,657 INFO o.a.j.t.JMeterThread: Thread finished: POST arrivals 1-410
2026-10-07 16:01:30,216 INFO o.a.j.r.Summariser: summary +     26 in 00:00:29 =    0.9/s Avg: 299851 Min: 297888 Max: 300030 Err:    24 (92.31%) Active: 25 Started: 539 Finished: 514
2026-10-07 16:01:30,217 INFO o.a.j.r.Summariser: summary =    515 in 00:16:26 =    0.5/s Avg: 163713 Min:  5082 Max: 300030 Err:    86 (16.70%)
2026-10-07 16:01:30,217 INFO o.a.j.t.JMeterThread: Thread is done: POST arrivals 1-411
2026-10-07 16:01:30,217 INFO o.a.j.t.JMeterThread: Thread finished: POST arrivals 1-411
2026-10-07 16:01:30,463 INFO o.a.j.t.JMeterThread: Thread is done: POST arrivals 1-412
2026-10-07 16:01:30,464 INFO o.a.j.t.JMeterThread: Thread finished: POST arrivals 1-412
2026-10-07 16:01:31,327 INFO o.a.j.t.JMeterThread: Thread is done: POST arrivals 1-413
2026-10-07 16:01:31,328 INFO o.a.j.t.JMeterThread: Thread finished: POST arrivals 1-413
2026-10-07 16:01:33,832 INFO o.a.j.t.JMeterThread: Thread is done: Search arrivals 2-84
2026-10-07 16:01:33,832 INFO o.a.j.t.JMeterThread: Thread finished: Search arrivals 2-84
2026-10-07 16:01:34,516 INFO o.a.j.t.JMeterThread: Thread is done: POST arrivals 1-414
2026-10-07 16:01:34,516 INFO o.a.j.t.JMeterThread: Thread finished: POST arrivals 1-414
2026-10-07 16:01:36,005 INFO o.a.j.t.JMeterThread: Thread is done: POST arrivals 1-415
2026-10-07 16:01:36,005 INFO o.a.j.t.JMeterThread: Thread finished: POST arrivals 1-415
2026-10-07 16:01:36,776 INFO o.a.j.t.JMeterThread: Thread is done: POST arrivals 1-416
2026-10-07 16:01:36,776 INFO o.a.j.t.JMeterThread: Thread finished: POST arrivals 1-416
2026-10-07 16:01:37,314 INFO o.a.j.t.JMeterThread: Thread is done: POST arrivals 1-417
2026-10-07 16:01:37,314 INFO o.a.j.t.JMeterThread: Thread finished: POST arrivals 1-417
2026-10-07 16:01:38,112 INFO o.a.j.t.JMeterThread: Thread is done: POST arrivals 1-418
2026-10-07 16:01:38,112 INFO o.a.j.t.JMeterThread: Thread finished: POST arrivals 1-418
2026-10-07 16:01:42,534 INFO o.a.j.t.JMeterThread: Thread is done: POST arrivals 1-419
2026-10-07 16:01:42,534 INFO o.a.j.t.JMeterThread: Thread finished: POST arrivals 1-419
2026-10-07 16:01:43,638 INFO o.a.j.t.JMeterThread: Thread is done: POST arrivals 1-420
2026-10-07 16:01:43,638 INFO o.a.j.t.JMeterThread: Thread finished: POST arrivals 1-420
2026-10-07 16:01:43,929 INFO o.a.j.t.JMeterThread: Thread is done: Search arrivals 2-85
2026-10-07 16:01:43,929 INFO o.a.j.t.JMeterThread: Thread finished: Search arrivals 2-85
2026-10-07 16:01:45,191 INFO o.a.j.t.JMeterThread: Thread is done: POST arrivals 1-421
2026-10-07 16:01:45,191 INFO o.a.j.t.JMeterThread: Thread finished: POST arrivals 1-421
2026-10-07 16:01:45,283 INFO o.a.j.t.JMeterThread: Thread is done: POST arrivals 1-422
2026-10-07 16:01:45,283 INFO o.a.j.t.JMeterThread: Thread finished: POST arrivals 1-422
2026-10-07 16:01:45,765 INFO o.a.j.t.JMeterThread: Thread is done: Search arrivals 2-86
2026-10-07 16:01:45,765 INFO o.a.j.t.JMeterThread: Thread finished: Search arrivals 2-86
2026-10-07 16:01:46,158 INFO o.a.j.t.JMeterThread: Thread is done: POST arrivals 1-423
2026-10-07 16:01:46,158 INFO o.a.j.t.JMeterThread: Thread finished: POST arrivals 1-423
2026-10-07 16:01:50,265 INFO o.a.j.t.JMeterThread: Thread is done: POST arrivals 1-424
2026-10-07 16:01:50,265 INFO o.a.j.t.JMeterThread: Thread finished: POST arrivals 1-424
2026-10-07 16:01:50,806 INFO o.a.j.t.JMeterThread: Thread is done: POST arrivals 1-425
2026-10-07 16:01:50,806 INFO o.a.j.t.JMeterThread: Thread finished: POST arrivals 1-425
2026-10-07 16:01:54,919 INFO o.a.j.t.JMeterThread: Thread is done: POST arrivals 1-426
2026-10-07 16:01:54,919 INFO o.a.j.t.JMeterThread: Thread finished: POST arrivals 1-426
2026-10-07 16:01:55,320 INFO o.a.j.t.JMeterThread: Thread is done: POST arrivals 1-427
2026-10-07 16:01:55,320 INFO o.a.j.t.JMeterThread: Thread finished: POST arrivals 1-427
2026-10-07 16:01:57,558 INFO o.a.j.t.JMeterThread: Thread is done: POST arrivals 1-428
2026-10-07 16:01:57,559 INFO o.a.j.t.JMeterThread: Thread finished: POST arrivals 1-428
2026-10-07 16:01:57,668 INFO o.a.j.t.JMeterThread: Thread is done: POST arrivals 1-429
2026-10-07 16:01:57,669 INFO o.a.j.t.JMeterThread: Thread finished: POST arrivals 1-429
2026-10-07 16:01:58,197 INFO o.a.j.t.JMeterThread: Thread is done: POST arrivals 1-430
2026-10-07 16:01:58,197 INFO o.a.j.t.JMeterThread: Thread finished: POST arrivals 1-430
2026-10-07 16:02:02,496 INFO o.a.j.r.Summariser: summary +     23 in 00:00:32 =    0.7/s Avg: 300008 Min: 300005 Max: 300020 Err:    23 (100.00%) Active: 2 Started: 539 Finished: 537
2026-10-07 16:02:02,498 INFO o.a.j.r.Summariser: summary =    538 in 00:16:58 =    0.5/s Avg: 169540 Min:  5082 Max: 300030 Err:   109 (20.26%)
2026-10-07 16:02:02,498 INFO o.a.j.t.JMeterThread: Thread is done: POST arrivals 1-431
2026-10-07 16:02:02,498 INFO o.a.j.t.JMeterThread: Thread finished: POST arrivals 1-431
2026-10-07 16:02:02,885 INFO o.a.j.t.JMeterThread: Thread is done: POST arrivals 1-432
2026-10-07 16:02:02,885 INFO o.a.j.t.JMeterThread: Thread finished: POST arrivals 1-432
2026-10-07 16:03:04,479 INFO o.a.j.t.o.OpenModelThreadGroup: There will be no more events, will shutdown the thread pool
2026-10-07 16:03:04,479 INFO o.a.j.t.o.OpenModelThreadGroup: There will be no more events, will shutdown the thread pool
2026-10-07 16:03:04,480 INFO o.a.j.t.o.OpenModelThreadGroup: Thread starting done
2026-10-07 16:03:04,480 INFO o.a.j.t.o.OpenModelThreadGroup: Thread starting done
2026-10-07 16:03:04,479 INFO o.a.j.t.o.OpenModelThreadGroup: There will be no more events, will shutdown the thread pool
2026-10-07 16:03:04,480 INFO o.a.j.t.o.OpenModelThreadGroup: Thread starting done
2026-10-07 16:03:04,480 INFO o.a.j.e.StandardJMeterEngine: Notifying test listeners of end of test
2026-10-07 16:03:04,480 INFO o.a.j.s.FileServer: Close: data/tickets.csv
2026-10-07 16:03:04,487 INFO o.a.j.r.Summariser: summary +      1 in 00:01:02 =    0.0/s Avg: 300010 Min: 300010 Max: 300010 Err:     1 (100.00%) Active: 0 Started: 539 Finished: 539
2026-10-07 16:03:04,487 INFO o.a.j.r.Summariser: summary =    539 in 00:18:00 =    0.5/s Avg: 169782 Min:  5082 Max: 300030 Err:   110 (20.41%)
