2026-10-07 17:00:07,456 INFO o.a.j.u.JMeterUtils: Setting Locale to en_EN
2026-10-07 17:00:07,474 INFO o.a.j.JMeter: Loading user properties from: C:\Users\tayka\Tools\apache-jmeter-5.6.3\bin\user.properties
2026-10-07 17:00:07,474 INFO o.a.j.JMeter: Loading system properties from: C:\Users\tayka\Tools\apache-jmeter-5.6.3\bin\system.properties
2026-10-07 17:00:07,474 INFO o.a.j.JMeter: Loading additional properties from: results.properties
2026-10-07 17:00:07,474 INFO o.a.j.JMeter: Copyright (c) 1998-2024 The Apache Software Foundation
2026-10-07 17:00:07,474 INFO o.a.j.JMeter: Version 5.6.3
2026-10-07 17:00:07,474 INFO o.a.j.JMeter: java.version=21.0.5
2026-10-07 17:00:07,474 INFO o.a.j.JMeter: java.vm.name=Java HotSpot(TM) 64-Bit Server VM
2026-10-07 17:00:07,474 INFO o.a.j.JMeter: os.name=Windows 11
2026-10-07 17:00:07,474 INFO o.a.j.JMeter: os.arch=amd64
2026-10-07 17:00:07,474 INFO o.a.j.JMeter: os.version=10.0
2026-10-07 17:00:07,474 INFO o.a.j.JMeter: file.encoding=UTF-8
2026-10-07 17:00:07,474 INFO o.a.j.JMeter: java.awt.headless=true
2026-10-07 17:00:07,474 INFO o.a.j.JMeter: Max memory     =1073741824
2026-10-07 17:00:07,474 INFO o.a.j.JMeter: Available Processors =20
2026-10-07 17:00:07,485 INFO o.a.j.JMeter: Default Locale=English (EN)
2026-10-07 17:00:07,485 INFO o.a.j.JMeter: JMeter  Locale=English (EN)
2026-10-07 17:00:07,485 INFO o.a.j.JMeter: JMeterHome=C:\Users\tayka\Tools\apache-jmeter-5.6.3
2026-10-07 17:00:07,485 INFO o.a.j.JMeter: user.dir  =C:\Users\tayka\ICT3113-PTO-P1-10-Assignment-1\jmeter\runs\peak-qwen17-r3
2026-10-07 17:00:07,485 INFO o.a.j.JMeter: PWD       =C:\Users\tayka\ICT3113-PTO-P1-10-Assignment-1\jmeter\runs\peak-qwen17-r3
2026-10-07 17:00:07,493 INFO o.a.j.JMeter: IP: 192.168.1.3 Name: KaiWen FullName: host.docker.internal
2026-10-07 17:00:07,503 INFO o.a.j.s.FileServer: Default base='C:\Users\tayka\ICT3113-PTO-P1-10-Assignment-1\jmeter\runs\peak-qwen17-r3'
2026-10-07 17:00:07,504 INFO o.a.j.s.FileServer: Set new base='C:\Users\tayka\ICT3113-PTO-P1-10-Assignment-1\jmeter\runs\peak-qwen17-r3'
2026-10-07 17:00:07,632 INFO o.a.j.s.SaveService: Testplan (JMX) version: 2.2. Testlog (JTL) version: 2.2
2026-10-07 17:00:07,651 INFO o.a.j.s.SaveService: Using SaveService properties version 5.0
2026-10-07 17:00:07,651 INFO o.a.j.s.SaveService: Using SaveService properties file encoding UTF-8
2026-10-07 17:00:07,651 INFO o.a.j.s.SaveService: Loading file: plan.jmx
2026-10-07 17:00:07,696 INFO o.a.j.p.h.s.HTTPSamplerBase: Parser for text/html is org.apache.jmeter.protocol.http.parser.LagartoBasedHtmlParser
2026-10-07 17:00:07,696 INFO o.a.j.p.h.s.HTTPSamplerBase: Parser for application/xhtml+xml is org.apache.jmeter.protocol.http.parser.LagartoBasedHtmlParser
2026-10-07 17:00:07,696 INFO o.a.j.p.h.s.HTTPSamplerBase: Parser for application/xml is org.apache.jmeter.protocol.http.parser.LagartoBasedHtmlParser
2026-10-07 17:00:07,696 INFO o.a.j.p.h.s.HTTPSamplerBase: Parser for text/xml is org.apache.jmeter.protocol.http.parser.LagartoBasedHtmlParser
2026-10-07 17:00:07,696 INFO o.a.j.p.h.s.HTTPSamplerBase: Parser for text/vnd.wap.wml is org.apache.jmeter.protocol.http.parser.RegexpHTMLParser
2026-10-07 17:00:07,696 INFO o.a.j.p.h.s.HTTPSamplerBase: Parser for text/css is org.apache.jmeter.protocol.http.parser.CssParser
2026-10-07 17:00:07,718 INFO o.a.j.JMeter: Creating summariser <summary>
2026-10-07 17:00:07,740 INFO o.a.j.e.StandardJMeterEngine: Running the test!
2026-10-07 17:00:07,740 INFO o.a.j.s.SampleEvent: List of sample_variables: [request_id, row]
2026-10-07 17:00:07,740 INFO o.a.j.s.SampleEvent: List of sample_variables: [request_id, row]
2026-10-07 17:00:07,744 INFO o.a.j.e.u.CompoundVariable: Note: Function class names must contain the string: '.functions.'
2026-10-07 17:00:07,744 INFO o.a.j.e.u.CompoundVariable: Note: Function class names must not contain the string: '.gui.'
2026-10-07 17:00:07,940 INFO o.a.j.JMeter: Running test (1791363607940)
2026-10-07 17:00:07,951 INFO o.a.j.e.StandardJMeterEngine: Starting ThreadGroup: 1 : POST arrivals
2026-10-07 17:00:07,951 INFO o.a.j.e.StandardJMeterEngine: Starting 0 threads for group POST arrivals.
2026-10-07 17:00:07,951 INFO o.a.j.e.StandardJMeterEngine: Thread will continue on error
2026-10-07 17:00:07,951 INFO o.a.j.t.o.OpenModelThreadGroup: Starting OpenModelThreadGroup#1 with schedule rate(36/min) random_arrivals(720 sec) rate(36/min) pause(360 sec)
2026-10-07 17:00:07,973 INFO o.a.j.e.StandardJMeterEngine: Starting ThreadGroup: 2 : Search arrivals
2026-10-07 17:00:07,973 INFO o.a.j.e.StandardJMeterEngine: Starting 0 threads for group Search arrivals.
2026-10-07 17:00:07,973 INFO o.a.j.e.StandardJMeterEngine: Thread will continue on error
2026-10-07 17:00:07,973 INFO o.a.j.t.o.OpenModelThreadGroup: Starting OpenModelThreadGroup#2 with schedule rate(7.2/min) random_arrivals(720 sec) rate(7.2/min) pause(360 sec)
2026-10-07 17:00:07,973 INFO o.a.j.t.o.OpenModelThreadGroup: Thread starting init
2026-10-07 17:00:07,973 INFO o.a.j.e.StandardJMeterEngine: Starting ThreadGroup: 3 : Stats arrivals
2026-10-07 17:00:07,973 INFO o.a.j.e.StandardJMeterEngine: Starting 0 threads for group Stats arrivals.
2026-10-07 17:00:07,973 INFO o.a.j.e.StandardJMeterEngine: Thread will continue on error
2026-10-07 17:00:07,973 INFO o.a.j.t.o.OpenModelThreadGroup: Starting OpenModelThreadGroup#3 with schedule rate(1.8/min) random_arrivals(720 sec) rate(1.8/min) pause(360 sec)
2026-10-07 17:00:07,973 INFO o.a.j.t.o.OpenModelThreadGroup: Thread starting init
2026-10-07 17:00:07,979 INFO o.a.j.e.StandardJMeterEngine: All thread groups have been started
2026-10-07 17:00:07,979 INFO o.a.j.t.o.OpenModelThreadGroup: Thread starting init
2026-10-07 17:00:07,983 INFO o.a.j.t.o.PoissonArrivalsRamp: Generating 432 events, beginRate = 0.6 / sec, endRate = 0.6 / sec, duration = 720.0 sec
2026-10-07 17:00:07,983 INFO o.a.j.t.o.PoissonArrivalsRamp: Generating 86 events, beginRate = 0.12000000000000001 / sec, endRate = 0.12000000000000001 / sec, duration = 720.0 sec
2026-10-07 17:00:07,983 INFO o.a.j.t.o.PoissonArrivalsRamp: Generating 21 events, beginRate = 0.030000000000000002 / sec, endRate = 0.030000000000000002 / sec, duration = 720.0 sec
2026-10-07 17:00:08,098 INFO o.a.j.t.JMeterThread: Thread started: POST arrivals 1-1
2026-10-07 17:00:08,100 INFO o.a.j.s.FileServer: Stored: data/tickets.csv
2026-10-07 17:00:08,122 INFO o.a.j.p.h.s.HTTPHCAbstractImpl: Local host = KaiWen
2026-10-07 17:00:08,126 INFO o.a.j.p.h.s.HTTPHC4Impl: HTTP request retry count = 0
2026-10-07 17:00:08,127 INFO o.a.j.s.SampleResult: Note: Sample TimeStamps are START times
2026-10-07 17:00:08,127 INFO o.a.j.s.SampleResult: sampleresult.default.encoding is set to UTF-8
2026-10-07 17:00:08,127 INFO o.a.j.s.SampleResult: sampleresult.useNanoTime=true
2026-10-07 17:00:08,127 INFO o.a.j.s.SampleResult: sampleresult.nanoThreadSleep=5000
2026-10-07 17:00:08,974 INFO o.a.j.t.JMeterThread: Thread started: POST arrivals 1-2
2026-10-07 17:00:10,334 INFO o.a.j.t.JMeterThread: Thread is done: POST arrivals 1-1
2026-10-07 17:00:10,334 INFO o.a.j.t.JMeterThread: Thread finished: POST arrivals 1-1
2026-10-07 17:00:10,827 INFO o.a.j.t.JMeterThread: Thread started: POST arrivals 1-3
2026-10-07 17:00:12,073 INFO o.a.j.t.JMeterThread: Thread is done: POST arrivals 1-2
2026-10-07 17:00:12,073 INFO o.a.j.t.JMeterThread: Thread finished: POST arrivals 1-2
2026-10-07 17:00:14,240 INFO o.a.j.t.JMeterThread: Thread started: POST arrivals 1-4
2026-10-07 17:00:16,178 INFO o.a.j.t.JMeterThread: Thread is done: POST arrivals 1-3
2026-10-07 17:00:16,178 INFO o.a.j.t.JMeterThread: Thread finished: POST arrivals 1-3
2026-10-07 17:00:16,725 INFO o.a.j.t.JMeterThread: Thread started: POST arrivals 1-5
2026-10-07 17:00:16,985 INFO o.a.j.t.JMeterThread: Thread started: POST arrivals 1-6
2026-10-07 17:00:17,686 INFO o.a.j.t.JMeterThread: Thread is done: POST arrivals 1-4
2026-10-07 17:00:17,686 INFO o.a.j.t.JMeterThread: Thread finished: POST arrivals 1-4
2026-10-07 17:00:18,225 INFO o.a.j.t.JMeterThread: Thread started: POST arrivals 1-7
2026-10-07 17:00:19,872 INFO o.a.j.t.JMeterThread: Thread is done: POST arrivals 1-5
2026-10-07 17:00:19,873 INFO o.a.j.t.JMeterThread: Thread finished: POST arrivals 1-5
2026-10-07 17:00:20,861 INFO o.a.j.t.JMeterThread: Thread is done: POST arrivals 1-6
2026-10-07 17:00:20,861 INFO o.a.j.t.JMeterThread: Thread finished: POST arrivals 1-6
2026-10-07 17:00:21,081 INFO o.a.j.t.JMeterThread: Thread started: POST arrivals 1-8
2026-10-07 17:00:21,973 INFO o.a.j.t.JMeterThread: Thread started: POST arrivals 1-9
2026-10-07 17:00:22,111 INFO o.a.j.t.JMeterThread: Thread is done: POST arrivals 1-7
2026-10-07 17:00:22,111 INFO o.a.j.t.JMeterThread: Thread finished: POST arrivals 1-7
2026-10-07 17:00:23,832 INFO o.a.j.t.JMeterThread: Thread is done: POST arrivals 1-8
2026-10-07 17:00:23,833 INFO o.a.j.t.JMeterThread: Thread finished: POST arrivals 1-8
2026-10-07 17:00:25,248 INFO o.a.j.t.JMeterThread: Thread is done: POST arrivals 1-9
2026-10-07 17:00:25,248 INFO o.a.j.t.JMeterThread: Thread finished: POST arrivals 1-9
2026-10-07 17:00:27,797 INFO o.a.j.t.JMeterThread: Thread started: Stats arrivals 3-1
2026-10-07 17:00:27,831 INFO o.a.j.t.JMeterThread: Thread is done: Stats arrivals 3-1
2026-10-07 17:00:27,831 INFO o.a.j.t.JMeterThread: Thread finished: Stats arrivals 3-1
2026-10-07 17:00:29,422 INFO o.a.j.t.JMeterThread: Thread started: POST arrivals 1-11
2026-10-07 17:00:29,422 INFO o.a.j.t.JMeterThread: Thread started: POST arrivals 1-10
2026-10-07 17:00:30,297 INFO o.a.j.t.JMeterThread: Thread started: POST arrivals 1-12
2026-10-07 17:00:31,628 INFO o.a.j.t.JMeterThread: Thread started: POST arrivals 1-13
2026-10-07 17:00:33,861 INFO o.a.j.r.Summariser: summary +     11 in 00:00:26 =    0.4/s Avg:  3161 Min:    29 Max:  5346 Err:     0 (0.00%) Active: 4 Started: 14 Finished: 10
2026-10-07 17:00:33,863 INFO o.a.j.t.JMeterThread: Thread is done: POST arrivals 1-10
2026-10-07 17:00:33,863 INFO o.a.j.t.JMeterThread: Thread finished: POST arrivals 1-10
2026-10-07 17:00:35,157 INFO o.a.j.t.JMeterThread: Thread is done: POST arrivals 1-11
2026-10-07 17:00:35,157 INFO o.a.j.t.JMeterThread: Thread finished: POST arrivals 1-11
2026-10-07 17:00:37,138 INFO o.a.j.t.JMeterThread: Thread is done: POST arrivals 1-12
2026-10-07 17:00:37,138 INFO o.a.j.t.JMeterThread: Thread finished: POST arrivals 1-12
2026-10-07 17:00:38,195 INFO o.a.j.t.JMeterThread: Thread started: POST arrivals 1-14
2026-10-07 17:00:38,553 INFO o.a.j.t.JMeterThread: Thread is done: POST arrivals 1-13
2026-10-07 17:00:38,553 INFO o.a.j.t.JMeterThread: Thread finished: POST arrivals 1-13
2026-10-07 17:00:39,968 INFO o.a.j.t.JMeterThread: Thread is done: POST arrivals 1-14
2026-10-07 17:00:39,968 INFO o.a.j.t.JMeterThread: Thread finished: POST arrivals 1-14
2026-10-07 17:00:41,393 INFO o.a.j.t.JMeterThread: Thread started: POST arrivals 1-15
2026-10-07 17:00:42,550 INFO o.a.j.t.JMeterThread: Thread started: POST arrivals 1-16
2026-10-07 17:00:44,158 INFO o.a.j.t.JMeterThread: Thread is done: POST arrivals 1-15
2026-10-07 17:00:44,159 INFO o.a.j.t.JMeterThread: Thread finished: POST arrivals 1-15
2026-10-07 17:00:44,647 INFO o.a.j.t.JMeterThread: Thread started: POST arrivals 1-17
2026-10-07 17:00:45,362 INFO o.a.j.t.JMeterThread: Thread is done: POST arrivals 1-16
2026-10-07 17:00:45,363 INFO o.a.j.t.JMeterThread: Thread finished: POST arrivals 1-16
2026-10-07 17:00:45,393 INFO o.a.j.t.JMeterThread: Thread started: POST arrivals 1-18
2026-10-07 17:00:46,029 INFO o.a.j.t.JMeterThread: Thread started: POST arrivals 1-19
2026-10-07 17:00:47,402 INFO o.a.j.t.JMeterThread: Thread started: POST arrivals 1-20
2026-10-07 17:00:49,686 INFO o.a.j.t.JMeterThread: Thread is done: POST arrivals 1-17
2026-10-07 17:00:49,686 INFO o.a.j.t.JMeterThread: Thread finished: POST arrivals 1-17
2026-10-07 17:00:50,834 INFO o.a.j.t.JMeterThread: Thread started: POST arrivals 1-21
2026-10-07 17:00:52,571 INFO o.a.j.t.JMeterThread: Thread started: POST arrivals 1-22
2026-10-07 17:00:52,737 INFO o.a.j.t.JMeterThread: Thread started: POST arrivals 1-23
2026-10-07 17:00:53,394 INFO o.a.j.t.JMeterThread: Thread started: POST arrivals 1-24
2026-10-07 17:00:54,534 INFO o.a.j.t.JMeterThread: Thread is done: POST arrivals 1-18
2026-10-07 17:00:54,534 INFO o.a.j.t.JMeterThread: Thread finished: POST arrivals 1-18
2026-10-07 17:00:54,696 INFO o.a.j.t.JMeterThread: Thread started: POST arrivals 1-25
2026-10-07 17:00:54,874 INFO o.a.j.t.JMeterThread: Thread started: POST arrivals 1-26
2026-10-07 17:00:54,889 INFO o.a.j.t.JMeterThread: Thread started: POST arrivals 1-27
2026-10-07 17:00:55,992 INFO o.a.j.t.JMeterThread: Thread started: POST arrivals 1-28
2026-10-07 17:00:56,477 INFO o.a.j.t.JMeterThread: Thread started: POST arrivals 1-29
2026-10-07 17:00:56,485 INFO o.a.j.t.JMeterThread: Thread started: POST arrivals 1-30
2026-10-07 17:00:56,690 INFO o.a.j.t.JMeterThread: Thread started: POST arrivals 1-31
2026-10-07 17:00:57,544 INFO o.a.j.t.JMeterThread: Thread is done: POST arrivals 1-19
2026-10-07 17:00:57,544 INFO o.a.j.t.JMeterThread: Thread finished: POST arrivals 1-19
2026-10-07 17:01:00,181 INFO o.a.j.t.JMeterThread: Thread started: Search arrivals 2-1
2026-10-07 17:01:00,610 INFO o.a.j.r.Summariser: summary +     10 in 00:00:27 =    0.4/s Avg:  6570 Min:  1765 Max: 13202 Err:     0 (0.00%) Active: 13 Started: 33 Finished: 20
2026-10-07 17:01:00,611 INFO o.a.j.r.Summariser: summary =     21 in 00:00:53 =    0.4/s Avg:  4784 Min:    29 Max: 13202 Err:     0 (0.00%)
2026-10-07 17:01:00,611 INFO o.a.j.t.JMeterThread: Thread is done: POST arrivals 1-20
2026-10-07 17:01:00,611 INFO o.a.j.t.JMeterThread: Thread finished: POST arrivals 1-20
2026-10-07 17:01:00,856 INFO o.a.j.t.JMeterThread: Thread started: POST arrivals 1-32
2026-10-07 17:01:01,382 INFO o.a.j.t.JMeterThread: Thread started: Search arrivals 2-2
2026-10-07 17:01:03,192 INFO o.a.j.t.JMeterThread: Thread started: Search arrivals 2-3
2026-10-07 17:01:05,398 INFO o.a.j.t.JMeterThread: Thread started: POST arrivals 1-33
2026-10-07 17:01:05,832 INFO o.a.j.t.JMeterThread: Thread is done: POST arrivals 1-21
2026-10-07 17:01:05,832 INFO o.a.j.t.JMeterThread: Thread finished: POST arrivals 1-21
2026-10-07 17:01:06,459 INFO o.a.j.t.JMeterThread: Thread started: POST arrivals 1-34
2026-10-07 17:01:06,592 INFO o.a.j.t.JMeterThread: Thread started: Search arrivals 2-4
2026-10-07 17:01:08,377 INFO o.a.j.t.JMeterThread: Thread started: POST arrivals 1-35
2026-10-07 17:01:11,050 INFO o.a.j.t.JMeterThread: Thread started: POST arrivals 1-36
2026-10-07 17:01:11,463 INFO o.a.j.t.JMeterThread: Thread is done: POST arrivals 1-22
2026-10-07 17:01:11,463 INFO o.a.j.t.JMeterThread: Thread finished: POST arrivals 1-22
2026-10-07 17:01:11,967 INFO o.a.j.t.JMeterThread: Thread started: POST arrivals 1-37
2026-10-07 17:01:12,523 INFO o.a.j.t.JMeterThread: Thread started: POST arrivals 1-38
2026-10-07 17:01:12,708 INFO o.a.j.t.JMeterThread: Thread is done: POST arrivals 1-23
2026-10-07 17:01:12,709 INFO o.a.j.t.JMeterThread: Thread finished: POST arrivals 1-23
2026-10-07 17:01:12,715 INFO o.a.j.t.JMeterThread: Thread started: POST arrivals 1-39
2026-10-07 17:01:12,827 INFO o.a.j.t.JMeterThread: Thread started: POST arrivals 1-40
2026-10-07 17:01:14,423 INFO o.a.j.t.JMeterThread: Thread started: POST arrivals 1-41
2026-10-07 17:01:15,121 INFO o.a.j.t.JMeterThread: Thread is done: POST arrivals 1-24
2026-10-07 17:01:15,122 INFO o.a.j.t.JMeterThread: Thread finished: POST arrivals 1-24
2026-10-07 17:01:17,307 INFO o.a.j.t.JMeterThread: Thread started: POST arrivals 1-42
2026-10-07 17:01:17,629 INFO o.a.j.t.JMeterThread: Thread is done: POST arrivals 1-25
2026-10-07 17:01:17,629 INFO o.a.j.t.JMeterThread: Thread finished: POST arrivals 1-25
2026-10-07 17:01:19,154 INFO o.a.j.t.JMeterThread: Thread is done: POST arrivals 1-26
2026-10-07 17:01:19,155 INFO o.a.j.t.JMeterThread: Thread finished: POST arrivals 1-26
2026-10-07 17:01:19,702 INFO o.a.j.t.JMeterThread: Thread started: POST arrivals 1-43
2026-10-07 17:01:20,132 INFO o.a.j.t.JMeterThread: Thread started: POST arrivals 1-44
2026-10-07 17:01:21,490 INFO o.a.j.t.JMeterThread: Thread started: POST arrivals 1-45
2026-10-07 17:01:21,886 INFO o.a.j.t.JMeterThread: Thread is done: POST arrivals 1-27
2026-10-07 17:01:21,886 INFO o.a.j.t.JMeterThread: Thread finished: POST arrivals 1-27
2026-10-07 17:01:23,470 INFO o.a.j.t.JMeterThread: Thread is done: POST arrivals 1-28
2026-10-07 17:01:23,470 INFO o.a.j.t.JMeterThread: Thread finished: POST arrivals 1-28
2026-10-07 17:01:24,472 INFO o.a.j.t.JMeterThread: Thread started: Stats arrivals 3-2
2026-10-07 17:01:25,952 INFO o.a.j.t.JMeterThread: Thread started: Search arrivals 2-5
2026-10-07 17:01:26,577 INFO o.a.j.t.JMeterThread: Thread is done: POST arrivals 1-29
2026-10-07 17:01:26,577 INFO o.a.j.t.JMeterThread: Thread finished: POST arrivals 1-29
2026-10-07 17:01:27,093 INFO o.a.j.t.JMeterThread: Thread started: POST arrivals 1-46
2026-10-07 17:01:29,305 INFO o.a.j.t.JMeterThread: Thread started: POST arrivals 1-47
2026-10-07 17:01:29,336 INFO o.a.j.t.JMeterThread: Thread started: POST arrivals 1-48
2026-10-07 17:01:30,755 INFO o.a.j.t.JMeterThread: Thread started: POST arrivals 1-49
2026-10-07 17:01:30,763 INFO o.a.j.r.Summariser: summary +     10 in 00:00:30 =    0.3/s Avg: 24159 Min: 14993 Max: 34272 Err:     0 (0.00%) Active: 26 Started: 56 Finished: 30
2026-10-07 17:01:30,764 INFO o.a.j.r.Summariser: summary =     31 in 00:01:23 =    0.4/s Avg: 11034 Min:    29 Max: 34272 Err:     0 (0.00%)
2026-10-07 17:01:30,764 INFO o.a.j.t.JMeterThread: Thread is done: POST arrivals 1-30
2026-10-07 17:01:30,765 INFO o.a.j.t.JMeterThread: Thread finished: POST arrivals 1-30
2026-10-07 17:01:31,735 INFO o.a.j.t.JMeterThread: Thread started: POST arrivals 1-50
2026-10-07 17:01:33,027 INFO o.a.j.t.JMeterThread: Thread started: POST arrivals 1-51
2026-10-07 17:01:33,570 INFO o.a.j.t.JMeterThread: Thread is done: POST arrivals 1-31
2026-10-07 17:01:33,570 INFO o.a.j.t.JMeterThread: Thread finished: POST arrivals 1-31
2026-10-07 17:01:33,580 INFO o.a.j.t.JMeterThread: Thread is done: Search arrivals 2-1
2026-10-07 17:01:33,580 INFO o.a.j.t.JMeterThread: Thread finished: Search arrivals 2-1
2026-10-07 17:01:34,516 INFO o.a.j.t.JMeterThread: Thread started: Search arrivals 2-6
2026-10-07 17:01:36,461 INFO o.a.j.t.JMeterThread: Thread started: Search arrivals 2-7
2026-10-07 17:01:36,643 INFO o.a.j.t.JMeterThread: Thread started: POST arrivals 1-52
2026-10-07 17:01:36,764 INFO o.a.j.t.JMeterThread: Thread is done: POST arrivals 1-32
2026-10-07 17:01:36,764 INFO o.a.j.t.JMeterThread: Thread finished: POST arrivals 1-32
2026-10-07 17:01:36,787 INFO o.a.j.t.JMeterThread: Thread is done: Search arrivals 2-2
2026-10-07 17:01:36,787 INFO o.a.j.t.JMeterThread: Thread finished: Search arrivals 2-2
2026-10-07 17:01:36,815 INFO o.a.j.t.JMeterThread: Thread is done: Search arrivals 2-3
2026-10-07 17:01:36,815 INFO o.a.j.t.JMeterThread: Thread finished: Search arrivals 2-3
2026-10-07 17:01:38,161 INFO o.a.j.t.JMeterThread: Thread is done: POST arrivals 1-33
2026-10-07 17:01:38,162 INFO o.a.j.t.JMeterThread: Thread finished: POST arrivals 1-33
2026-10-07 17:01:39,383 INFO o.a.j.t.JMeterThread: Thread started: Search arrivals 2-8
2026-10-07 17:01:40,233 INFO o.a.j.t.JMeterThread: Thread is done: POST arrivals 1-34
2026-10-07 17:01:40,233 INFO o.a.j.t.JMeterThread: Thread finished: POST arrivals 1-34
2026-10-07 17:01:40,250 INFO o.a.j.t.JMeterThread: Thread is done: Search arrivals 2-4
2026-10-07 17:01:40,251 INFO o.a.j.t.JMeterThread: Thread finished: Search arrivals 2-4
2026-10-07 17:01:41,328 INFO o.a.j.t.JMeterThread: Thread started: POST arrivals 1-53
2026-10-07 17:01:42,546 INFO o.a.j.t.JMeterThread: Thread is done: POST arrivals 1-35
2026-10-07 17:01:42,546 INFO o.a.j.t.JMeterThread: Thread finished: POST arrivals 1-35
2026-10-07 17:01:43,104 INFO o.a.j.t.JMeterThread: Thread started: POST arrivals 1-54
2026-10-07 17:01:45,489 INFO o.a.j.t.JMeterThread: Thread started: POST arrivals 1-55
2026-10-07 17:01:46,533 INFO o.a.j.t.JMeterThread: Thread is done: POST arrivals 1-36
2026-10-07 17:01:46,533 INFO o.a.j.t.JMeterThread: Thread finished: POST arrivals 1-36
2026-10-07 17:01:48,271 INFO o.a.j.t.JMeterThread: Thread started: POST arrivals 1-56
2026-10-07 17:01:48,361 INFO o.a.j.t.JMeterThread: Thread is done: POST arrivals 1-37
2026-10-07 17:01:48,362 INFO o.a.j.t.JMeterThread: Thread finished: POST arrivals 1-37
2026-10-07 17:01:49,968 INFO o.a.j.t.JMeterThread: Thread is done: POST arrivals 1-38
2026-10-07 17:01:49,968 INFO o.a.j.t.JMeterThread: Thread finished: POST arrivals 1-38
2026-10-07 17:01:51,136 INFO o.a.j.t.JMeterThread: Thread started: POST arrivals 1-57
2026-10-07 17:01:51,875 INFO o.a.j.t.JMeterThread: Thread started: POST arrivals 1-58
2026-10-07 17:01:52,530 INFO o.a.j.t.JMeterThread: Thread started: POST arrivals 1-59
2026-10-07 17:01:52,583 INFO o.a.j.t.JMeterThread: Thread is done: POST arrivals 1-39
2026-10-07 17:01:52,583 INFO o.a.j.t.JMeterThread: Thread finished: POST arrivals 1-39
2026-10-07 17:01:53,705 INFO o.a.j.t.JMeterThread: Thread started: POST arrivals 1-60
2026-10-07 17:01:54,621 INFO o.a.j.t.JMeterThread: Thread started: POST arrivals 1-61
2026-10-07 17:01:54,920 INFO o.a.j.t.JMeterThread: Thread is done: POST arrivals 1-40
2026-10-07 17:01:54,920 INFO o.a.j.t.JMeterThread: Thread finished: POST arrivals 1-40
2026-10-07 17:01:55,628 INFO o.a.j.t.JMeterThread: Thread started: Search arrivals 2-9
2026-10-07 17:01:56,687 INFO o.a.j.t.JMeterThread: Thread started: POST arrivals 1-62
2026-10-07 17:01:57,149 INFO o.a.j.t.JMeterThread: Thread started: POST arrivals 1-63
2026-10-07 17:01:57,263 INFO o.a.j.t.JMeterThread: Thread is done: POST arrivals 1-41
2026-10-07 17:01:57,263 INFO o.a.j.t.JMeterThread: Thread finished: POST arrivals 1-41
2026-10-07 17:02:01,718 INFO o.a.j.t.JMeterThread: Thread started: Search arrivals 2-10
2026-10-07 17:02:02,156 INFO o.a.j.r.Summariser: summary +     16 in 00:00:31 =    0.5/s Avg: 36780 Min: 32760 Max: 44842 Err:     0 (0.00%) Active: 29 Started: 75 Finished: 46
2026-10-07 17:02:02,157 INFO o.a.j.r.Summariser: summary =     47 in 00:01:54 =    0.4/s Avg: 19798 Min:    29 Max: 44842 Err:     0 (0.00%)
2026-10-07 17:02:02,157 INFO o.a.j.t.JMeterThread: Thread is done: POST arrivals 1-42
2026-10-07 17:02:02,157 INFO o.a.j.t.JMeterThread: Thread finished: POST arrivals 1-42
2026-10-07 17:02:03,326 INFO o.a.j.t.JMeterThread: Thread started: Search arrivals 2-11
2026-10-07 17:02:03,648 INFO o.a.j.t.JMeterThread: Thread started: POST arrivals 1-64
2026-10-07 17:02:04,018 INFO o.a.j.t.JMeterThread: Thread started: POST arrivals 1-65
2026-10-07 17:02:04,352 INFO o.a.j.t.JMeterThread: Thread started: Search arrivals 2-12
2026-10-07 17:02:04,469 INFO o.a.j.t.JMeterThread: Thread started: Search arrivals 2-13
2026-10-07 17:02:04,953 INFO o.a.j.t.JMeterThread: Thread started: POST arrivals 1-66
2026-10-07 17:02:06,173 INFO o.a.j.t.JMeterThread: Thread started: Stats arrivals 3-3
2026-10-07 17:02:06,866 INFO o.a.j.t.JMeterThread: Thread started: POST arrivals 1-67
2026-10-07 17:02:07,003 INFO o.a.j.t.JMeterThread: Thread started: POST arrivals 1-68
2026-10-07 17:02:07,562 INFO o.a.j.t.JMeterThread: Thread is done: POST arrivals 1-43
2026-10-07 17:02:07,562 INFO o.a.j.t.JMeterThread: Thread finished: POST arrivals 1-43
2026-10-07 17:02:07,832 INFO o.a.j.t.JMeterThread: Thread started: POST arrivals 1-69
2026-10-07 17:02:09,034 INFO o.a.j.t.JMeterThread: Thread is done: POST arrivals 1-44
2026-10-07 17:02:09,034 INFO o.a.j.t.JMeterThread: Thread finished: POST arrivals 1-44
2026-10-07 17:02:09,739 INFO o.a.j.t.JMeterThread: Thread started: POST arrivals 1-70
2026-10-07 17:02:11,489 INFO o.a.j.t.JMeterThread: Thread started: Stats arrivals 3-4
2026-10-07 17:02:11,504 INFO o.a.j.t.JMeterThread: Thread is done: POST arrivals 1-45
2026-10-07 17:02:11,504 INFO o.a.j.t.JMeterThread: Thread finished: POST arrivals 1-45
2026-10-07 17:02:11,504 INFO o.a.j.t.JMeterThread: Thread is done: Stats arrivals 3-2
2026-10-07 17:02:11,504 INFO o.a.j.t.JMeterThread: Thread finished: Stats arrivals 3-2
2026-10-07 17:02:11,530 INFO o.a.j.t.JMeterThread: Thread is done: Search arrivals 2-5
2026-10-07 17:02:11,530 INFO o.a.j.t.JMeterThread: Thread finished: Search arrivals 2-5
2026-10-07 17:02:13,688 INFO o.a.j.t.JMeterThread: Thread is done: POST arrivals 1-46
2026-10-07 17:02:13,688 INFO o.a.j.t.JMeterThread: Thread finished: POST arrivals 1-46
2026-10-07 17:02:14,551 INFO o.a.j.t.JMeterThread: Thread started: POST arrivals 1-71
2026-10-07 17:02:15,311 INFO o.a.j.t.JMeterThread: Thread started: POST arrivals 1-72
2026-10-07 17:02:16,886 INFO o.a.j.t.JMeterThread: Thread started: POST arrivals 1-73
2026-10-07 17:02:17,112 INFO o.a.j.t.JMeterThread: Thread is done: POST arrivals 1-47
2026-10-07 17:02:17,112 INFO o.a.j.t.JMeterThread: Thread finished: POST arrivals 1-47
2026-10-07 17:02:18,325 INFO o.a.j.t.JMeterThread: Thread started: Stats arrivals 3-5
2026-10-07 17:02:18,425 INFO o.a.j.t.JMeterThread: Thread started: POST arrivals 1-74
2026-10-07 17:02:18,795 INFO o.a.j.t.JMeterThread: Thread is done: POST arrivals 1-48
2026-10-07 17:02:18,796 INFO o.a.j.t.JMeterThread: Thread finished: POST arrivals 1-48
2026-10-07 17:02:20,012 INFO o.a.j.t.JMeterThread: Thread started: POST arrivals 1-75
2026-10-07 17:02:20,381 INFO o.a.j.t.JMeterThread: Thread is done: POST arrivals 1-49
2026-10-07 17:02:20,382 INFO o.a.j.t.JMeterThread: Thread finished: POST arrivals 1-49
2026-10-07 17:02:21,720 INFO o.a.j.t.JMeterThread: Thread started: POST arrivals 1-76
2026-10-07 17:02:21,787 INFO o.a.j.t.JMeterThread: Thread is done: POST arrivals 1-50
2026-10-07 17:02:21,787 INFO o.a.j.t.JMeterThread: Thread finished: POST arrivals 1-50
2026-10-07 17:02:22,866 INFO o.a.j.t.JMeterThread: Thread started: Stats arrivals 3-6
2026-10-07 17:02:22,934 INFO o.a.j.t.JMeterThread: Thread started: POST arrivals 1-77
2026-10-07 17:02:23,503 INFO o.a.j.t.JMeterThread: Thread is done: POST arrivals 1-51
2026-10-07 17:02:23,503 INFO o.a.j.t.JMeterThread: Thread finished: POST arrivals 1-51
2026-10-07 17:02:23,519 INFO o.a.j.t.JMeterThread: Thread is done: Search arrivals 2-6
2026-10-07 17:02:23,519 INFO o.a.j.t.JMeterThread: Thread finished: Search arrivals 2-6
2026-10-07 17:02:23,532 INFO o.a.j.t.JMeterThread: Thread is done: Search arrivals 2-7
2026-10-07 17:02:23,532 INFO o.a.j.t.JMeterThread: Thread finished: Search arrivals 2-7
2026-10-07 17:02:24,109 INFO o.a.j.t.JMeterThread: Thread started: POST arrivals 1-78
2026-10-07 17:02:24,186 INFO o.a.j.t.JMeterThread: Thread started: Search arrivals 2-14
2026-10-07 17:02:25,186 INFO o.a.j.t.JMeterThread: Thread is done: POST arrivals 1-52
2026-10-07 17:02:25,186 INFO o.a.j.t.JMeterThread: Thread finished: POST arrivals 1-52
2026-10-07 17:02:25,197 INFO o.a.j.t.JMeterThread: Thread is done: Search arrivals 2-8
2026-10-07 17:02:25,198 INFO o.a.j.t.JMeterThread: Thread finished: Search arrivals 2-8
2026-10-07 17:02:27,876 INFO o.a.j.t.JMeterThread: Thread is done: POST arrivals 1-53
2026-10-07 17:02:27,877 INFO o.a.j.t.JMeterThread: Thread finished: POST arrivals 1-53
2026-10-07 17:02:28,837 INFO o.a.j.t.JMeterThread: Thread started: POST arrivals 1-79
2026-10-07 17:02:30,869 INFO o.a.j.t.JMeterThread: Thread started: POST arrivals 1-80
2026-10-07 17:02:31,615 INFO o.a.j.t.JMeterThread: Thread started: POST arrivals 1-81
2026-10-07 17:02:32,407 INFO o.a.j.t.JMeterThread: Thread started: POST arrivals 1-82
2026-10-07 17:02:32,929 INFO o.a.j.r.Summariser: summary +     17 in 00:00:31 =    0.6/s Avg: 48242 Min: 45575 Max: 50470 Err:     0 (0.00%) Active: 39 Started: 102 Finished: 63
2026-10-07 17:02:32,929 INFO o.a.j.r.Summariser: summary =     64 in 00:02:25 =    0.4/s Avg: 27354 Min:    29 Max: 50470 Err:     0 (0.00%)
2026-10-07 17:02:32,929 INFO o.a.j.t.JMeterThread: Thread is done: POST arrivals 1-54
2026-10-07 17:02:32,929 INFO o.a.j.t.JMeterThread: Thread finished: POST arrivals 1-54
2026-10-07 17:02:33,260 INFO o.a.j.t.JMeterThread: Thread started: POST arrivals 1-83
2026-10-07 17:02:35,102 INFO o.a.j.t.JMeterThread: Thread started: POST arrivals 1-84
2026-10-07 17:02:35,196 INFO o.a.j.t.JMeterThread: Thread started: POST arrivals 1-85
2026-10-07 17:02:37,755 INFO o.a.j.t.JMeterThread: Thread started: POST arrivals 1-86
2026-10-07 17:02:37,799 INFO o.a.j.t.JMeterThread: Thread is done: POST arrivals 1-55
2026-10-07 17:02:37,799 INFO o.a.j.t.JMeterThread: Thread finished: POST arrivals 1-55
2026-10-07 17:02:38,510 INFO o.a.j.t.JMeterThread: Thread started: POST arrivals 1-87
2026-10-07 17:02:38,933 INFO o.a.j.t.JMeterThread: Thread started: POST arrivals 1-88
2026-10-07 17:02:39,337 INFO o.a.j.t.JMeterThread: Thread is done: POST arrivals 1-56
2026-10-07 17:02:39,337 INFO o.a.j.t.JMeterThread: Thread finished: POST arrivals 1-56
2026-10-07 17:02:40,363 INFO o.a.j.t.JMeterThread: Thread started: Stats arrivals 3-7
2026-10-07 17:02:40,618 INFO o.a.j.t.JMeterThread: Thread started: POST arrivals 1-89
2026-10-07 17:02:41,038 INFO o.a.j.t.JMeterThread: Thread started: POST arrivals 1-90
2026-10-07 17:02:41,078 INFO o.a.j.t.JMeterThread: Thread started: POST arrivals 1-91
2026-10-07 17:02:41,986 INFO o.a.j.t.JMeterThread: Thread started: POST arrivals 1-92
2026-10-07 17:02:42,035 INFO o.a.j.t.JMeterThread: Thread started: POST arrivals 1-93
2026-10-07 17:02:42,270 INFO o.a.j.t.JMeterThread: Thread is done: POST arrivals 1-57
2026-10-07 17:02:42,270 INFO o.a.j.t.JMeterThread: Thread finished: POST arrivals 1-57
2026-10-07 17:02:45,819 INFO o.a.j.t.JMeterThread: Thread is done: POST arrivals 1-58
2026-10-07 17:02:45,820 INFO o.a.j.t.JMeterThread: Thread finished: POST arrivals 1-58
2026-10-07 17:02:47,488 INFO o.a.j.t.JMeterThread: Thread is done: POST arrivals 1-59
2026-10-07 17:02:47,488 INFO o.a.j.t.JMeterThread: Thread finished: POST arrivals 1-59
2026-10-07 17:02:48,024 INFO o.a.j.t.JMeterThread: Thread started: POST arrivals 1-94
2026-10-07 17:02:48,216 INFO o.a.j.t.JMeterThread: Thread started: POST arrivals 1-95
2026-10-07 17:02:49,471 INFO o.a.j.t.JMeterThread: Thread is done: POST arrivals 1-60
2026-10-07 17:02:49,472 INFO o.a.j.t.JMeterThread: Thread finished: POST arrivals 1-60
2026-10-07 17:02:49,706 INFO o.a.j.t.JMeterThread: Thread started: Search arrivals 2-15
2026-10-07 17:02:50,788 INFO o.a.j.t.JMeterThread: Thread started: Search arrivals 2-16
2026-10-07 17:02:52,292 INFO o.a.j.t.JMeterThread: Thread started: Stats arrivals 3-8
2026-10-07 17:02:53,714 INFO o.a.j.t.JMeterThread: Thread started: POST arrivals 1-96
2026-10-07 17:02:53,858 INFO o.a.j.t.JMeterThread: Thread is done: Search arrivals 2-9
2026-10-07 17:02:53,858 INFO o.a.j.t.JMeterThread: Thread finished: Search arrivals 2-9
2026-10-07 17:02:54,005 INFO o.a.j.t.JMeterThread: Thread is done: POST arrivals 1-61
2026-10-07 17:02:54,006 INFO o.a.j.t.JMeterThread: Thread finished: POST arrivals 1-61
2026-10-07 17:02:54,911 INFO o.a.j.t.JMeterThread: Thread is done: POST arrivals 1-62
2026-10-07 17:02:54,911 INFO o.a.j.t.JMeterThread: Thread finished: POST arrivals 1-62
2026-10-07 17:02:55,543 INFO o.a.j.t.JMeterThread: Thread started: POST arrivals 1-97
2026-10-07 17:02:57,259 INFO o.a.j.t.JMeterThread: Thread is done: POST arrivals 1-63
2026-10-07 17:02:57,260 INFO o.a.j.t.JMeterThread: Thread finished: POST arrivals 1-63
2026-10-07 17:02:57,285 INFO o.a.j.t.JMeterThread: Thread is done: Search arrivals 2-10
2026-10-07 17:02:57,286 INFO o.a.j.t.JMeterThread: Thread finished: Search arrivals 2-10
2026-10-07 17:02:57,301 INFO o.a.j.t.JMeterThread: Thread is done: Search arrivals 2-11
2026-10-07 17:02:57,301 INFO o.a.j.t.JMeterThread: Thread finished: Search arrivals 2-11
2026-10-07 17:03:00,498 INFO o.a.j.t.JMeterThread: Thread started: POST arrivals 1-98
2026-10-07 17:03:00,532 INFO o.a.j.t.JMeterThread: Thread started: POST arrivals 1-99
2026-10-07 17:03:00,660 INFO o.a.j.t.JMeterThread: Thread started: POST arrivals 1-100
2026-10-07 17:03:00,850 INFO o.a.j.r.Summariser: summary +     13 in 00:00:28 =    0.5/s Avg: 55524 Min: 51060 Max: 60106 Err:     0 (0.00%) Active: 48 Started: 124 Finished: 76
2026-10-07 17:03:00,851 INFO o.a.j.r.Summariser: summary =     77 in 00:02:53 =    0.4/s Avg: 32110 Min:    29 Max: 60106 Err:     0 (0.00%)
2026-10-07 17:03:00,852 INFO o.a.j.t.JMeterThread: Thread is done: POST arrivals 1-64
2026-10-07 17:03:00,852 INFO o.a.j.t.JMeterThread: Thread finished: POST arrivals 1-64
2026-10-07 17:03:04,185 INFO o.a.j.t.JMeterThread: Thread started: POST arrivals 1-101
2026-10-07 17:03:05,263 INFO o.a.j.t.JMeterThread: Thread started: Stats arrivals 3-9
2026-10-07 17:03:05,272 INFO o.a.j.t.JMeterThread: Thread is done: POST arrivals 1-65
2026-10-07 17:03:05,272 INFO o.a.j.t.JMeterThread: Thread finished: POST arrivals 1-65
2026-10-07 17:03:05,287 INFO o.a.j.t.JMeterThread: Thread is done: Search arrivals 2-12
2026-10-07 17:03:05,287 INFO o.a.j.t.JMeterThread: Thread finished: Search arrivals 2-12
2026-10-07 17:03:05,309 INFO o.a.j.t.JMeterThread: Thread is done: Search arrivals 2-13
2026-10-07 17:03:05,311 INFO o.a.j.t.JMeterThread: Thread finished: Search arrivals 2-13
2026-10-07 17:03:08,194 INFO o.a.j.t.JMeterThread: Thread started: POST arrivals 1-102
2026-10-07 17:03:08,403 INFO o.a.j.t.JMeterThread: Thread is done: POST arrivals 1-66
2026-10-07 17:03:08,404 INFO o.a.j.t.JMeterThread: Thread finished: POST arrivals 1-66
2026-10-07 17:03:08,419 INFO o.a.j.t.JMeterThread: Thread is done: Stats arrivals 3-3
2026-10-07 17:03:08,419 INFO o.a.j.t.JMeterThread: Thread finished: Stats arrivals 3-3
2026-10-07 17:03:10,289 INFO o.a.j.t.JMeterThread: Thread is done: POST arrivals 1-67
2026-10-07 17:03:10,289 INFO o.a.j.t.JMeterThread: Thread finished: POST arrivals 1-67
2026-10-07 17:03:10,598 INFO o.a.j.t.JMeterThread: Thread started: POST arrivals 1-103
2026-10-07 17:03:11,640 INFO o.a.j.t.JMeterThread: Thread started: Search arrivals 2-17
2026-10-07 17:03:13,734 INFO o.a.j.t.JMeterThread: Thread is done: POST arrivals 1-68
2026-10-07 17:03:13,734 INFO o.a.j.t.JMeterThread: Thread finished: POST arrivals 1-68
2026-10-07 17:03:14,124 INFO o.a.j.t.JMeterThread: Thread started: POST arrivals 1-104
2026-10-07 17:03:14,998 INFO o.a.j.t.JMeterThread: Thread is done: POST arrivals 1-69
2026-10-07 17:03:14,998 INFO o.a.j.t.JMeterThread: Thread finished: POST arrivals 1-69
2026-10-07 17:03:16,419 INFO o.a.j.t.JMeterThread: Thread is done: POST arrivals 1-70
2026-10-07 17:03:16,420 INFO o.a.j.t.JMeterThread: Thread finished: POST arrivals 1-70
2026-10-07 17:03:16,438 INFO o.a.j.t.JMeterThread: Thread is done: Stats arrivals 3-4
2026-10-07 17:03:16,438 INFO o.a.j.t.JMeterThread: Thread finished: Stats arrivals 3-4
2026-10-07 17:03:16,741 INFO o.a.j.t.JMeterThread: Thread started: Search arrivals 2-18
2026-10-07 17:03:18,569 INFO o.a.j.t.JMeterThread: Thread started: POST arrivals 1-105
2026-10-07 17:03:18,918 INFO o.a.j.t.JMeterThread: Thread started: POST arrivals 1-106
2026-10-07 17:03:19,010 INFO o.a.j.t.JMeterThread: Thread is done: POST arrivals 1-71
2026-10-07 17:03:19,011 INFO o.a.j.t.JMeterThread: Thread finished: POST arrivals 1-71
2026-10-07 17:03:19,988 INFO o.a.j.t.JMeterThread: Thread started: POST arrivals 1-107
2026-10-07 17:03:20,876 INFO o.a.j.t.JMeterThread: Thread is done: POST arrivals 1-72
2026-10-07 17:03:20,876 INFO o.a.j.t.JMeterThread: Thread finished: POST arrivals 1-72
2026-10-07 17:03:21,514 INFO o.a.j.t.JMeterThread: Thread started: Search arrivals 2-19
2026-10-07 17:03:21,999 INFO o.a.j.t.JMeterThread: Thread started: POST arrivals 1-108
2026-10-07 17:03:22,024 INFO o.a.j.t.JMeterThread: Thread started: POST arrivals 1-109
2026-10-07 17:03:22,528 INFO o.a.j.t.JMeterThread: Thread started: POST arrivals 1-110
2026-10-07 17:03:23,018 INFO o.a.j.t.JMeterThread: Thread is done: POST arrivals 1-73
2026-10-07 17:03:23,018 INFO o.a.j.t.JMeterThread: Thread finished: POST arrivals 1-73
2026-10-07 17:03:23,034 INFO o.a.j.t.JMeterThread: Thread is done: Stats arrivals 3-5
2026-10-07 17:03:23,034 INFO o.a.j.t.JMeterThread: Thread finished: Stats arrivals 3-5
2026-10-07 17:03:25,326 INFO o.a.j.t.JMeterThread: Thread is done: POST arrivals 1-74
2026-10-07 17:03:25,326 INFO o.a.j.t.JMeterThread: Thread finished: POST arrivals 1-74
2026-10-07 17:03:27,111 INFO o.a.j.t.JMeterThread: Thread started: Search arrivals 2-20
2026-10-07 17:03:28,263 INFO o.a.j.t.JMeterThread: Thread started: POST arrivals 1-111
2026-10-07 17:03:28,659 INFO o.a.j.t.JMeterThread: Thread started: POST arrivals 1-112
2026-10-07 17:03:29,391 INFO o.a.j.t.JMeterThread: Thread started: Search arrivals 2-21
2026-10-07 17:03:30,662 INFO o.a.j.r.Summariser: summary +     16 in 00:00:30 =    0.5/s Avg: 64752 Min: 60838 Max: 70646 Err:     0 (0.00%) Active: 50 Started: 142 Finished: 92
2026-10-07 17:03:30,662 INFO o.a.j.r.Summariser: summary =     93 in 00:03:23 =    0.5/s Avg: 37726 Min:    29 Max: 70646 Err:     0 (0.00%)
2026-10-07 17:03:30,663 INFO o.a.j.t.JMeterThread: Thread is done: POST arrivals 1-75
2026-10-07 17:03:30,663 INFO o.a.j.t.JMeterThread: Thread finished: POST arrivals 1-75
2026-10-07 17:03:30,814 INFO o.a.j.t.JMeterThread: Thread started: POST arrivals 1-113
2026-10-07 17:03:31,017 INFO o.a.j.t.JMeterThread: Thread started: POST arrivals 1-114
2026-10-07 17:03:31,037 INFO o.a.j.t.JMeterThread: Thread started: POST arrivals 1-115
2026-10-07 17:03:31,466 INFO o.a.j.t.JMeterThread: Thread started: Search arrivals 2-22
2026-10-07 17:03:31,566 INFO o.a.j.t.JMeterThread: Thread started: POST arrivals 1-116
2026-10-07 17:03:32,832 INFO o.a.j.t.JMeterThread: Thread is done: POST arrivals 1-76
2026-10-07 17:03:32,832 INFO o.a.j.t.JMeterThread: Thread finished: POST arrivals 1-76
2026-10-07 17:03:32,847 INFO o.a.j.t.JMeterThread: Thread is done: Stats arrivals 3-6
2026-10-07 17:03:32,847 INFO o.a.j.t.JMeterThread: Thread finished: Stats arrivals 3-6
2026-10-07 17:03:35,225 INFO o.a.j.t.JMeterThread: Thread started: POST arrivals 1-117
2026-10-07 17:03:35,577 INFO o.a.j.t.JMeterThread: Thread is done: POST arrivals 1-77
2026-10-07 17:03:35,577 INFO o.a.j.t.JMeterThread: Thread finished: POST arrivals 1-77
2026-10-07 17:03:35,841 INFO o.a.j.t.JMeterThread: Thread started: POST arrivals 1-118
2026-10-07 17:03:39,728 INFO o.a.j.t.JMeterThread: Thread started: POST arrivals 1-119
2026-10-07 17:03:39,747 INFO o.a.j.t.JMeterThread: Thread started: POST arrivals 1-120
2026-10-07 17:03:42,347 INFO o.a.j.t.JMeterThread: Thread is done: POST arrivals 1-78
2026-10-07 17:03:42,347 INFO o.a.j.t.JMeterThread: Thread finished: POST arrivals 1-78
2026-10-07 17:03:42,381 INFO o.a.j.t.JMeterThread: Thread is done: Search arrivals 2-14
2026-10-07 17:03:42,381 INFO o.a.j.t.JMeterThread: Thread finished: Search arrivals 2-14
2026-10-07 17:03:44,577 INFO o.a.j.t.JMeterThread: Thread is done: POST arrivals 1-79
2026-10-07 17:03:44,577 INFO o.a.j.t.JMeterThread: Thread finished: POST arrivals 1-79
2026-10-07 17:03:46,928 INFO o.a.j.t.JMeterThread: Thread started: POST arrivals 1-121
2026-10-07 17:03:47,013 INFO o.a.j.t.JMeterThread: Thread started: POST arrivals 1-122
2026-10-07 17:03:47,204 INFO o.a.j.t.JMeterThread: Thread started: POST arrivals 1-123
2026-10-07 17:03:49,320 INFO o.a.j.t.JMeterThread: Thread is done: POST arrivals 1-80
2026-10-07 17:03:49,320 INFO o.a.j.t.JMeterThread: Thread finished: POST arrivals 1-80
2026-10-07 17:03:50,058 INFO o.a.j.t.JMeterThread: Thread started: POST arrivals 1-124
2026-10-07 17:03:50,730 INFO o.a.j.t.JMeterThread: Thread started: POST arrivals 1-125
2026-10-07 17:03:51,006 INFO o.a.j.t.JMeterThread: Thread started: POST arrivals 1-126
2026-10-07 17:03:51,778 INFO o.a.j.t.JMeterThread: Thread is done: POST arrivals 1-81
2026-10-07 17:03:51,778 INFO o.a.j.t.JMeterThread: Thread finished: POST arrivals 1-81
2026-10-07 17:03:52,726 INFO o.a.j.t.JMeterThread: Thread started: POST arrivals 1-127
2026-10-07 17:03:53,382 INFO o.a.j.t.JMeterThread: Thread started: Stats arrivals 3-10
2026-10-07 17:03:55,023 INFO o.a.j.t.JMeterThread: Thread started: POST arrivals 1-128
2026-10-07 17:03:55,861 INFO o.a.j.t.JMeterThread: Thread is done: POST arrivals 1-82
2026-10-07 17:03:55,861 INFO o.a.j.t.JMeterThread: Thread finished: POST arrivals 1-82
2026-10-07 17:03:57,896 INFO o.a.j.t.JMeterThread: Thread started: POST arrivals 1-129
2026-10-07 17:03:57,942 INFO o.a.j.t.JMeterThread: Thread is done: POST arrivals 1-83
2026-10-07 17:03:57,942 INFO o.a.j.t.JMeterThread: Thread finished: POST arrivals 1-83
2026-10-07 17:03:59,243 INFO o.a.j.t.JMeterThread: Thread started: POST arrivals 1-130
2026-10-07 17:04:01,304 INFO o.a.j.t.JMeterThread: Thread started: POST arrivals 1-131
2026-10-07 17:04:01,519 INFO o.a.j.t.JMeterThread: Thread started: Search arrivals 2-23
2026-10-07 17:04:01,718 INFO o.a.j.t.JMeterThread: Thread started: POST arrivals 1-132
2026-10-07 17:04:03,205 INFO o.a.j.r.Summariser: summary +     11 in 00:00:33 =    0.3/s Avg: 78246 Min: 69978 Max: 88097 Err:     0 (0.00%) Active: 62 Started: 165 Finished: 103
2026-10-07 17:04:03,206 INFO o.a.j.r.Summariser: summary =    104 in 00:03:55 =    0.4/s Avg: 42011 Min:    29 Max: 88097 Err:     0 (0.00%)
2026-10-07 17:04:03,206 INFO o.a.j.t.JMeterThread: Thread is done: POST arrivals 1-84
2026-10-07 17:04:03,206 INFO o.a.j.t.JMeterThread: Thread finished: POST arrivals 1-84
2026-10-07 17:04:03,243 INFO o.a.j.t.JMeterThread: Thread started: Search arrivals 2-24
2026-10-07 17:04:03,754 INFO o.a.j.t.JMeterThread: Thread started: POST arrivals 1-133
2026-10-07 17:04:03,875 INFO o.a.j.t.JMeterThread: Thread started: Search arrivals 2-25
2026-10-07 17:04:05,766 INFO o.a.j.t.JMeterThread: Thread started: POST arrivals 1-134
2026-10-07 17:04:05,865 INFO o.a.j.t.JMeterThread: Thread started: POST arrivals 1-135
2026-10-07 17:04:06,846 INFO o.a.j.t.JMeterThread: Thread is done: POST arrivals 1-85
2026-10-07 17:04:06,846 INFO o.a.j.t.JMeterThread: Thread finished: POST arrivals 1-85
2026-10-07 17:04:07,904 INFO o.a.j.t.JMeterThread: Thread started: POST arrivals 1-136
2026-10-07 17:04:08,399 INFO o.a.j.t.JMeterThread: Thread started: Search arrivals 2-26
2026-10-07 17:04:09,916 INFO o.a.j.t.JMeterThread: Thread started: POST arrivals 1-137
2026-10-07 17:04:10,457 INFO o.a.j.t.JMeterThread: Thread started: POST arrivals 1-138
2026-10-07 17:04:11,444 INFO o.a.j.t.JMeterThread: Thread is done: POST arrivals 1-86
2026-10-07 17:04:11,444 INFO o.a.j.t.JMeterThread: Thread finished: POST arrivals 1-86
2026-10-07 17:04:13,946 INFO o.a.j.t.JMeterThread: Thread started: POST arrivals 1-139
2026-10-07 17:04:14,863 INFO o.a.j.t.JMeterThread: Thread started: POST arrivals 1-140
2026-10-07 17:04:16,440 INFO o.a.j.t.JMeterThread: Thread started: POST arrivals 1-141
2026-10-07 17:04:16,765 INFO o.a.j.t.JMeterThread: Thread is done: POST arrivals 1-87
2026-10-07 17:04:16,765 INFO o.a.j.t.JMeterThread: Thread finished: POST arrivals 1-87
2026-10-07 17:04:18,775 INFO o.a.j.t.JMeterThread: Thread is done: POST arrivals 1-88
2026-10-07 17:04:18,775 INFO o.a.j.t.JMeterThread: Thread finished: POST arrivals 1-88
2026-10-07 17:04:18,789 INFO o.a.j.t.JMeterThread: Thread is done: Stats arrivals 3-7
2026-10-07 17:04:18,789 INFO o.a.j.t.JMeterThread: Thread finished: Stats arrivals 3-7
2026-10-07 17:04:19,879 INFO o.a.j.t.JMeterThread: Thread started: POST arrivals 1-142
2026-10-07 17:04:20,635 INFO o.a.j.t.JMeterThread: Thread is done: POST arrivals 1-89
2026-10-07 17:04:20,635 INFO o.a.j.t.JMeterThread: Thread finished: POST arrivals 1-89
2026-10-07 17:04:20,753 INFO o.a.j.t.JMeterThread: Thread started: POST arrivals 1-143
2026-10-07 17:04:20,842 INFO o.a.j.t.JMeterThread: Thread started: POST arrivals 1-144
2026-10-07 17:04:21,590 INFO o.a.j.t.JMeterThread: Thread started: POST arrivals 1-145
2026-10-07 17:04:21,757 INFO o.a.j.t.JMeterThread: Thread is done: POST arrivals 1-90
2026-10-07 17:04:21,757 INFO o.a.j.t.JMeterThread: Thread finished: POST arrivals 1-90
2026-10-07 17:04:21,980 INFO o.a.j.t.JMeterThread: Thread started: POST arrivals 1-146
2026-10-07 17:04:24,171 INFO o.a.j.t.JMeterThread: Thread is done: POST arrivals 1-91
2026-10-07 17:04:24,171 INFO o.a.j.t.JMeterThread: Thread finished: POST arrivals 1-91
2026-10-07 17:04:24,518 INFO o.a.j.t.JMeterThread: Thread started: POST arrivals 1-147
2026-10-07 17:04:24,909 INFO o.a.j.t.JMeterThread: Thread started: POST arrivals 1-148
2026-10-07 17:04:25,870 INFO o.a.j.t.JMeterThread: Thread started: POST arrivals 1-149
2026-10-07 17:04:27,033 INFO o.a.j.t.JMeterThread: Thread is done: POST arrivals 1-92
2026-10-07 17:04:27,033 INFO o.a.j.t.JMeterThread: Thread finished: POST arrivals 1-92
2026-10-07 17:04:28,649 INFO o.a.j.t.JMeterThread: Thread started: POST arrivals 1-150
2026-10-07 17:04:29,199 INFO o.a.j.t.JMeterThread: Thread is done: POST arrivals 1-93
2026-10-07 17:04:29,199 INFO o.a.j.t.JMeterThread: Thread finished: POST arrivals 1-93
2026-10-07 17:04:29,714 INFO o.a.j.t.JMeterThread: Thread started: POST arrivals 1-151
2026-10-07 17:04:30,231 INFO o.a.j.t.JMeterThread: Thread started: POST arrivals 1-152
2026-10-07 17:04:31,712 INFO o.a.j.t.JMeterThread: Thread started: POST arrivals 1-153
2026-10-07 17:04:32,313 INFO o.a.j.t.JMeterThread: Thread started: POST arrivals 1-154
2026-10-07 17:04:33,224 INFO o.a.j.t.JMeterThread: Thread started: POST arrivals 1-155
2026-10-07 17:04:33,790 INFO o.a.j.t.JMeterThread: Thread started: POST arrivals 1-156
2026-10-07 17:04:34,428 INFO o.a.j.r.Summariser: summary +     11 in 00:00:31 =    0.4/s Avg: 100387 Min: 91646 Max: 107159 Err:     0 (0.00%) Active: 78 Started: 192 Finished: 114
2026-10-07 17:04:34,432 INFO o.a.j.r.Summariser: summary =    115 in 00:04:26 =    0.4/s Avg: 47595 Min:    29 Max: 107159 Err:     0 (0.00%)
2026-10-07 17:04:34,433 INFO o.a.j.t.JMeterThread: Thread is done: POST arrivals 1-94
2026-10-07 17:04:34,433 INFO o.a.j.t.JMeterThread: Thread finished: POST arrivals 1-94
2026-10-07 17:04:35,441 INFO o.a.j.t.JMeterThread: Thread started: Stats arrivals 3-11
2026-10-07 17:04:35,687 INFO o.a.j.t.JMeterThread: Thread started: POST arrivals 1-157
2026-10-07 17:04:37,897 INFO o.a.j.t.JMeterThread: Thread started: Search arrivals 2-27
2026-10-07 17:04:38,511 INFO o.a.j.t.JMeterThread: Thread started: POST arrivals 1-158
2026-10-07 17:04:39,939 INFO o.a.j.t.JMeterThread: Thread is done: POST arrivals 1-95
2026-10-07 17:04:39,939 INFO o.a.j.t.JMeterThread: Thread finished: POST arrivals 1-95
2026-10-07 17:04:39,961 INFO o.a.j.t.JMeterThread: Thread is done: Search arrivals 2-15
2026-10-07 17:04:39,961 INFO o.a.j.t.JMeterThread: Thread finished: Search arrivals 2-15
2026-10-07 17:04:39,987 INFO o.a.j.t.JMeterThread: Thread is done: Search arrivals 2-16
2026-10-07 17:04:39,988 INFO o.a.j.t.JMeterThread: Thread finished: Search arrivals 2-16
2026-10-07 17:04:40,004 INFO o.a.j.t.JMeterThread: Thread is done: Stats arrivals 3-8
2026-10-07 17:04:40,004 INFO o.a.j.t.JMeterThread: Thread finished: Stats arrivals 3-8
2026-10-07 17:04:41,639 INFO o.a.j.t.JMeterThread: Thread started: Search arrivals 2-28
2026-10-07 17:04:41,868 INFO o.a.j.t.JMeterThread: Thread started: Search arrivals 2-29
2026-10-07 17:04:42,319 INFO o.a.j.t.JMeterThread: Thread started: Search arrivals 2-30
2026-10-07 17:04:42,940 INFO o.a.j.t.JMeterThread: Thread started: POST arrivals 1-159
2026-10-07 17:04:44,210 INFO o.a.j.t.JMeterThread: Thread is done: POST arrivals 1-96
2026-10-07 17:04:44,211 INFO o.a.j.t.JMeterThread: Thread finished: POST arrivals 1-96
2026-10-07 17:04:45,483 INFO o.a.j.t.JMeterThread: Thread started: POST arrivals 1-160
2026-10-07 17:04:48,244 INFO o.a.j.t.JMeterThread: Thread started: Search arrivals 2-31
2026-10-07 17:04:48,448 INFO o.a.j.t.JMeterThread: Thread is done: POST arrivals 1-97
2026-10-07 17:04:48,449 INFO o.a.j.t.JMeterThread: Thread finished: POST arrivals 1-97
2026-10-07 17:04:48,715 INFO o.a.j.t.JMeterThread: Thread started: POST arrivals 1-161
2026-10-07 17:04:48,789 INFO o.a.j.t.JMeterThread: Thread started: Search arrivals 2-32
2026-10-07 17:04:48,945 INFO o.a.j.t.JMeterThread: Thread started: POST arrivals 1-162
2026-10-07 17:04:49,650 INFO o.a.j.t.JMeterThread: Thread started: POST arrivals 1-163
2026-10-07 17:04:50,045 INFO o.a.j.t.JMeterThread: Thread started: POST arrivals 1-164
2026-10-07 17:04:50,675 INFO o.a.j.t.JMeterThread: Thread started: POST arrivals 1-165
2026-10-07 17:04:50,742 INFO o.a.j.t.JMeterThread: Thread started: POST arrivals 1-166
2026-10-07 17:04:51,555 INFO o.a.j.t.JMeterThread: Thread is done: POST arrivals 1-98
2026-10-07 17:04:51,556 INFO o.a.j.t.JMeterThread: Thread finished: POST arrivals 1-98
2026-10-07 17:04:52,192 INFO o.a.j.t.JMeterThread: Thread started: Search arrivals 2-33
2026-10-07 17:04:53,143 INFO o.a.j.t.JMeterThread: Thread is done: POST arrivals 1-99
2026-10-07 17:04:53,143 INFO o.a.j.t.JMeterThread: Thread finished: POST arrivals 1-99
2026-10-07 17:04:53,312 INFO o.a.j.t.JMeterThread: Thread started: POST arrivals 1-167
2026-10-07 17:04:54,354 INFO o.a.j.t.JMeterThread: Thread started: POST arrivals 1-168
2026-10-07 17:04:54,616 INFO o.a.j.t.JMeterThread: Thread started: POST arrivals 1-169
2026-10-07 17:04:54,802 INFO o.a.j.t.JMeterThread: Thread started: POST arrivals 1-170
2026-10-07 17:04:56,239 INFO o.a.j.t.JMeterThread: Thread started: Search arrivals 2-34
2026-10-07 17:04:56,489 INFO o.a.j.t.JMeterThread: Thread is done: POST arrivals 1-100
2026-10-07 17:04:56,489 INFO o.a.j.t.JMeterThread: Thread finished: POST arrivals 1-100
2026-10-07 17:04:57,489 INFO o.a.j.t.JMeterThread: Thread is done: POST arrivals 1-101
2026-10-07 17:04:57,489 INFO o.a.j.t.JMeterThread: Thread finished: POST arrivals 1-101
2026-10-07 17:04:57,510 INFO o.a.j.t.JMeterThread: Thread is done: Stats arrivals 3-9
2026-10-07 17:04:57,510 INFO o.a.j.t.JMeterThread: Thread finished: Stats arrivals 3-9
2026-10-07 17:04:59,337 INFO o.a.j.t.JMeterThread: Thread started: POST arrivals 1-171
2026-10-07 17:04:59,386 INFO o.a.j.t.JMeterThread: Thread is done: POST arrivals 1-102
2026-10-07 17:04:59,386 INFO o.a.j.t.JMeterThread: Thread finished: POST arrivals 1-102
2026-10-07 17:05:00,919 INFO o.a.j.r.Summariser: summary +     13 in 00:00:26 =    0.5/s Avg: 111443 Min: 107708 Max: 115827 Err:     0 (0.00%) Active: 89 Started: 216 Finished: 127
2026-10-07 17:05:00,920 INFO o.a.j.r.Summariser: summary =    128 in 00:04:53 =    0.4/s Avg: 54080 Min:    29 Max: 115827 Err:     0 (0.00%)
2026-10-07 17:05:00,924 INFO o.a.j.t.JMeterThread: Thread is done: POST arrivals 1-103
2026-10-07 17:05:00,924 INFO o.a.j.t.JMeterThread: Thread finished: POST arrivals 1-103
2026-10-07 17:05:00,933 INFO o.a.j.t.JMeterThread: Thread is done: Search arrivals 2-17
2026-10-07 17:05:00,934 INFO o.a.j.t.JMeterThread: Thread finished: Search arrivals 2-17
2026-10-07 17:05:01,757 INFO o.a.j.t.JMeterThread: Thread started: POST arrivals 1-172
2026-10-07 17:05:01,802 INFO o.a.j.t.JMeterThread: Thread started: POST arrivals 1-173
2026-10-07 17:05:02,751 INFO o.a.j.t.JMeterThread: Thread started: POST arrivals 1-174
2026-10-07 17:05:03,218 INFO o.a.j.t.JMeterThread: Thread started: POST arrivals 1-175
2026-10-07 17:05:03,279 INFO o.a.j.t.JMeterThread: Thread is done: POST arrivals 1-104
2026-10-07 17:05:03,279 INFO o.a.j.t.JMeterThread: Thread finished: POST arrivals 1-104
2026-10-07 17:05:03,299 INFO o.a.j.t.JMeterThread: Thread is done: Search arrivals 2-18
2026-10-07 17:05:03,299 INFO o.a.j.t.JMeterThread: Thread finished: Search arrivals 2-18
2026-10-07 17:05:04,479 INFO o.a.j.t.JMeterThread: Thread started: POST arrivals 1-176
2026-10-07 17:05:05,083 INFO o.a.j.t.JMeterThread: Thread started: POST arrivals 1-177
2026-10-07 17:05:05,319 INFO o.a.j.t.JMeterThread: Thread is done: POST arrivals 1-105
2026-10-07 17:05:05,320 INFO o.a.j.t.JMeterThread: Thread finished: POST arrivals 1-105
2026-10-07 17:05:05,483 INFO o.a.j.t.JMeterThread: Thread started: POST arrivals 1-178
2026-10-07 17:05:06,409 INFO o.a.j.t.JMeterThread: Thread started: POST arrivals 1-179
2026-10-07 17:05:06,543 INFO o.a.j.t.JMeterThread: Thread started: POST arrivals 1-180
2026-10-07 17:05:07,785 INFO o.a.j.t.JMeterThread: Thread started: POST arrivals 1-181
2026-10-07 17:05:08,002 INFO o.a.j.t.JMeterThread: Thread started: POST arrivals 1-182
2026-10-07 17:05:08,158 INFO o.a.j.t.JMeterThread: Thread is done: POST arrivals 1-106
2026-10-07 17:05:08,159 INFO o.a.j.t.JMeterThread: Thread finished: POST arrivals 1-106
2026-10-07 17:05:09,270 INFO o.a.j.t.JMeterThread: Thread started: POST arrivals 1-183
2026-10-07 17:05:10,633 INFO o.a.j.t.JMeterThread: Thread is done: POST arrivals 1-107
2026-10-07 17:05:10,633 INFO o.a.j.t.JMeterThread: Thread finished: POST arrivals 1-107
2026-10-07 17:05:10,652 INFO o.a.j.t.JMeterThread: Thread is done: Search arrivals 2-19
2026-10-07 17:05:10,652 INFO o.a.j.t.JMeterThread: Thread finished: Search arrivals 2-19
2026-10-07 17:05:12,265 INFO o.a.j.t.JMeterThread: Thread is done: POST arrivals 1-108
2026-10-07 17:05:12,266 INFO o.a.j.t.JMeterThread: Thread finished: POST arrivals 1-108
2026-10-07 17:05:13,689 INFO o.a.j.t.JMeterThread: Thread started: POST arrivals 1-184
2026-10-07 17:05:14,087 INFO o.a.j.t.JMeterThread: Thread started: Search arrivals 2-35
2026-10-07 17:05:15,796 INFO o.a.j.t.JMeterThread: Thread started: Search arrivals 2-36
2026-10-07 17:05:16,389 INFO o.a.j.t.JMeterThread: Thread is done: POST arrivals 1-109
2026-10-07 17:05:16,389 INFO o.a.j.t.JMeterThread: Thread finished: POST arrivals 1-109
2026-10-07 17:05:16,702 INFO o.a.j.t.JMeterThread: Thread started: Search arrivals 2-37
2026-10-07 17:05:18,959 INFO o.a.j.t.JMeterThread: Thread started: POST arrivals 1-185
2026-10-07 17:05:19,225 INFO o.a.j.t.JMeterThread: Thread started: Search arrivals 2-38
2026-10-07 17:05:19,517 INFO o.a.j.t.JMeterThread: Thread started: Stats arrivals 3-12
2026-10-07 17:05:20,127 INFO o.a.j.t.JMeterThread: Thread is done: POST arrivals 1-110
2026-10-07 17:05:20,128 INFO o.a.j.t.JMeterThread: Thread finished: POST arrivals 1-110
2026-10-07 17:05:20,147 INFO o.a.j.t.JMeterThread: Thread is done: Search arrivals 2-20
2026-10-07 17:05:20,147 INFO o.a.j.t.JMeterThread: Thread finished: Search arrivals 2-20
2026-10-07 17:05:20,454 INFO o.a.j.t.JMeterThread: Thread started: POST arrivals 1-186
2026-10-07 17:05:21,166 INFO o.a.j.t.JMeterThread: Thread started: Search arrivals 2-39
2026-10-07 17:05:22,084 INFO o.a.j.t.JMeterThread: Thread is done: POST arrivals 1-111
2026-10-07 17:05:22,084 INFO o.a.j.t.JMeterThread: Thread finished: POST arrivals 1-111
2026-10-07 17:05:22,565 INFO o.a.j.t.JMeterThread: Thread started: POST arrivals 1-187
2026-10-07 17:05:23,709 INFO o.a.j.t.JMeterThread: Thread started: POST arrivals 1-188
2026-10-07 17:05:25,895 INFO o.a.j.t.JMeterThread: Thread started: POST arrivals 1-189
2026-10-07 17:05:27,911 INFO o.a.j.t.JMeterThread: Thread is done: POST arrivals 1-112
2026-10-07 17:05:27,911 INFO o.a.j.t.JMeterThread: Thread finished: POST arrivals 1-112
2026-10-07 17:05:27,934 INFO o.a.j.t.JMeterThread: Thread is done: Search arrivals 2-21
2026-10-07 17:05:27,934 INFO o.a.j.t.JMeterThread: Thread finished: Search arrivals 2-21
2026-10-07 17:05:28,735 INFO o.a.j.t.JMeterThread: Thread started: POST arrivals 1-190
2026-10-07 17:05:29,302 INFO o.a.j.t.JMeterThread: Thread started: POST arrivals 1-191
2026-10-07 17:05:31,909 INFO o.a.j.t.JMeterThread: Thread started: POST arrivals 1-192
2026-10-07 17:05:32,895 INFO o.a.j.r.Summariser: summary +     15 in 00:00:32 =    0.5/s Avg: 112645 Min: 106557 Max: 122075 Err:     0 (0.00%) Active: 101 Started: 243 Finished: 142
2026-10-07 17:05:32,896 INFO o.a.j.r.Summariser: summary =    143 in 00:05:25 =    0.4/s Avg: 60223 Min:    29 Max: 122075 Err:     0 (0.00%)
2026-10-07 17:05:32,896 INFO o.a.j.t.JMeterThread: Thread is done: POST arrivals 1-113
2026-10-07 17:05:32,896 INFO o.a.j.t.JMeterThread: Thread finished: POST arrivals 1-113
2026-10-07 17:05:33,062 INFO o.a.j.t.JMeterThread: Thread started: POST arrivals 1-193
2026-10-07 17:05:33,136 INFO o.a.j.t.JMeterThread: Thread started: Search arrivals 2-40
2026-10-07 17:05:34,197 INFO o.a.j.t.JMeterThread: Thread started: POST arrivals 1-194
2026-10-07 17:05:34,948 INFO o.a.j.t.JMeterThread: Thread started: POST arrivals 1-195
2026-10-07 17:05:35,298 INFO o.a.j.t.JMeterThread: Thread started: POST arrivals 1-196
2026-10-07 17:05:35,448 INFO o.a.j.t.JMeterThread: Thread is done: POST arrivals 1-114
2026-10-07 17:05:35,448 INFO o.a.j.t.JMeterThread: Thread finished: POST arrivals 1-114
2026-10-07 17:05:36,484 INFO o.a.j.t.JMeterThread: Thread started: POST arrivals 1-197
2026-10-07 17:05:37,728 INFO o.a.j.t.JMeterThread: Thread started: POST arrivals 1-198
2026-10-07 17:05:38,869 INFO o.a.j.t.JMeterThread: Thread started: POST arrivals 1-199
2026-10-07 17:05:39,173 INFO o.a.j.t.JMeterThread: Thread is done: POST arrivals 1-115
2026-10-07 17:05:39,173 INFO o.a.j.t.JMeterThread: Thread finished: POST arrivals 1-115
2026-10-07 17:05:39,195 INFO o.a.j.t.JMeterThread: Thread is done: Search arrivals 2-22
2026-10-07 17:05:39,195 INFO o.a.j.t.JMeterThread: Thread finished: Search arrivals 2-22
2026-10-07 17:05:39,823 INFO o.a.j.t.JMeterThread: Thread started: POST arrivals 1-200
2026-10-07 17:05:40,472 INFO o.a.j.t.JMeterThread: Thread is done: POST arrivals 1-116
2026-10-07 17:05:40,472 INFO o.a.j.t.JMeterThread: Thread finished: POST arrivals 1-116
2026-10-07 17:05:40,542 INFO o.a.j.t.JMeterThread: Thread started: Search arrivals 2-41
2026-10-07 17:05:41,263 INFO o.a.j.t.JMeterThread: Thread started: Search arrivals 2-42
2026-10-07 17:05:42,643 INFO o.a.j.t.JMeterThread: Thread started: POST arrivals 1-201
2026-10-07 17:05:42,824 INFO o.a.j.t.JMeterThread: Thread started: POST arrivals 1-202
2026-10-07 17:05:43,409 INFO o.a.j.t.JMeterThread: Thread started: POST arrivals 1-203
2026-10-07 17:05:46,982 INFO o.a.j.t.JMeterThread: Thread is done: POST arrivals 1-117
2026-10-07 17:05:46,982 INFO o.a.j.t.JMeterThread: Thread finished: POST arrivals 1-117
2026-10-07 17:05:50,043 INFO o.a.j.t.JMeterThread: Thread started: Stats arrivals 3-13
2026-10-07 17:05:50,597 INFO o.a.j.t.JMeterThread: Thread started: POST arrivals 1-204
2026-10-07 17:05:51,882 INFO o.a.j.t.JMeterThread: Thread is done: POST arrivals 1-118
2026-10-07 17:05:51,887 INFO o.a.j.t.JMeterThread: Thread finished: POST arrivals 1-118
2026-10-07 17:05:52,783 INFO o.a.j.t.JMeterThread: Thread started: POST arrivals 1-205
2026-10-07 17:05:53,461 INFO o.a.j.t.JMeterThread: Thread is done: POST arrivals 1-119
2026-10-07 17:05:53,462 INFO o.a.j.t.JMeterThread: Thread finished: POST arrivals 1-119
2026-10-07 17:05:53,678 INFO o.a.j.t.JMeterThread: Thread started: POST arrivals 1-206
2026-10-07 17:05:54,434 INFO o.a.j.t.JMeterThread: Thread started: POST arrivals 1-207
2026-10-07 17:05:55,022 INFO o.a.j.t.JMeterThread: Thread started: POST arrivals 1-208
2026-10-07 17:05:55,721 INFO o.a.j.t.JMeterThread: Thread is done: POST arrivals 1-120
2026-10-07 17:05:55,722 INFO o.a.j.t.JMeterThread: Thread finished: POST arrivals 1-120
2026-10-07 17:05:55,907 INFO o.a.j.t.JMeterThread: Thread started: POST arrivals 1-209
2026-10-07 17:05:56,197 INFO o.a.j.t.JMeterThread: Thread started: POST arrivals 1-210
2026-10-07 17:05:57,661 INFO o.a.j.t.JMeterThread: Thread is done: POST arrivals 1-121
2026-10-07 17:05:57,661 INFO o.a.j.t.JMeterThread: Thread finished: POST arrivals 1-121
2026-10-07 17:05:58,648 INFO o.a.j.t.JMeterThread: Thread is done: POST arrivals 1-122
2026-10-07 17:05:58,649 INFO o.a.j.t.JMeterThread: Thread finished: POST arrivals 1-122
2026-10-07 17:05:59,923 INFO o.a.j.t.JMeterThread: Thread is done: POST arrivals 1-123
2026-10-07 17:05:59,923 INFO o.a.j.t.JMeterThread: Thread finished: POST arrivals 1-123
2026-10-07 17:06:00,468 INFO o.a.j.t.JMeterThread: Thread started: POST arrivals 1-211
2026-10-07 17:06:00,769 INFO o.a.j.t.JMeterThread: Thread started: POST arrivals 1-212
2026-10-07 17:06:01,082 INFO o.a.j.t.JMeterThread: Thread started: POST arrivals 1-213
2026-10-07 17:06:02,094 INFO o.a.j.r.Summariser: summary +     12 in 00:00:29 =    0.4/s Avg: 131148 Min: 124426 Max: 136037 Err:     0 (0.00%) Active: 114 Started: 268 Finished: 154
2026-10-07 17:06:02,095 INFO o.a.j.r.Summariser: summary =    155 in 00:05:54 =    0.4/s Avg: 65714 Min:    29 Max: 136037 Err:     0 (0.00%)
2026-10-07 17:06:02,096 INFO o.a.j.t.JMeterThread: Thread is done: POST arrivals 1-124
2026-10-07 17:06:02,096 INFO o.a.j.t.JMeterThread: Thread finished: POST arrivals 1-124
2026-10-07 17:06:04,535 INFO o.a.j.t.JMeterThread: Thread started: POST arrivals 1-214
2026-10-07 17:06:04,708 INFO o.a.j.t.JMeterThread: Thread started: POST arrivals 1-215
2026-10-07 17:06:05,673 INFO o.a.j.t.JMeterThread: Thread is done: POST arrivals 1-125
2026-10-07 17:06:05,673 INFO o.a.j.t.JMeterThread: Thread finished: POST arrivals 1-125
2026-10-07 17:06:06,210 INFO o.a.j.t.JMeterThread: Thread started: POST arrivals 1-216
2026-10-07 17:06:06,227 INFO o.a.j.t.JMeterThread: Thread started: POST arrivals 1-217
2026-10-07 17:06:06,352 INFO o.a.j.t.JMeterThread: Thread started: POST arrivals 1-218
2026-10-07 17:06:09,256 INFO o.a.j.t.JMeterThread: Thread started: POST arrivals 1-219
2026-10-07 17:06:10,936 INFO o.a.j.t.JMeterThread: Thread is done: POST arrivals 1-126
2026-10-07 17:06:10,936 INFO o.a.j.t.JMeterThread: Thread finished: POST arrivals 1-126
2026-10-07 17:06:11,611 INFO o.a.j.t.JMeterThread: Thread started: POST arrivals 1-220
2026-10-07 17:06:15,355 INFO o.a.j.t.JMeterThread: Thread is done: POST arrivals 1-127
2026-10-07 17:06:15,355 INFO o.a.j.t.JMeterThread: Thread finished: POST arrivals 1-127
2026-10-07 17:06:15,371 INFO o.a.j.t.JMeterThread: Thread is done: Stats arrivals 3-10
2026-10-07 17:06:15,371 INFO o.a.j.t.JMeterThread: Thread finished: Stats arrivals 3-10
2026-10-07 17:06:15,434 INFO o.a.j.t.JMeterThread: Thread started: POST arrivals 1-221
2026-10-07 17:06:16,596 INFO o.a.j.t.JMeterThread: Thread started: POST arrivals 1-222
2026-10-07 17:06:20,289 INFO o.a.j.t.JMeterThread: Thread started: POST arrivals 1-223
2026-10-07 17:06:20,745 INFO o.a.j.t.JMeterThread: Thread is done: POST arrivals 1-128
2026-10-07 17:06:20,745 INFO o.a.j.t.JMeterThread: Thread finished: POST arrivals 1-128
2026-10-07 17:06:20,763 INFO o.a.j.t.JMeterThread: Thread started: POST arrivals 1-224
2026-10-07 17:06:24,915 INFO o.a.j.t.JMeterThread: Thread started: POST arrivals 1-225
2026-10-07 17:06:24,923 INFO o.a.j.t.JMeterThread: Thread is done: POST arrivals 1-129
2026-10-07 17:06:24,923 INFO o.a.j.t.JMeterThread: Thread finished: POST arrivals 1-129
2026-10-07 17:06:25,494 INFO o.a.j.t.JMeterThread: Thread started: POST arrivals 1-226
2026-10-07 17:06:25,791 INFO o.a.j.t.JMeterThread: Thread started: POST arrivals 1-227
2026-10-07 17:06:26,455 INFO o.a.j.t.JMeterThread: Thread is done: POST arrivals 1-130
2026-10-07 17:06:26,455 INFO o.a.j.t.JMeterThread: Thread finished: POST arrivals 1-130
2026-10-07 17:06:29,878 INFO o.a.j.t.JMeterThread: Thread started: POST arrivals 1-228
2026-10-07 17:06:29,998 INFO o.a.j.t.JMeterThread: Thread started: POST arrivals 1-229
2026-10-07 17:06:30,423 INFO o.a.j.t.JMeterThread: Thread started: Stats arrivals 3-14
2026-10-07 17:06:31,458 INFO o.a.j.r.Summariser: summary +      8 in 00:00:29 =    0.3/s Avg: 143696 Min: 134937 Max: 150151 Err:     0 (0.00%) Active: 123 Started: 285 Finished: 162
2026-10-07 17:06:31,459 INFO o.a.j.r.Summariser: summary =    163 in 00:06:24 =    0.4/s Avg: 69541 Min:    29 Max: 150151 Err:     0 (0.00%)
2026-10-07 17:06:31,460 INFO o.a.j.t.JMeterThread: Thread is done: POST arrivals 1-131
2026-10-07 17:06:31,460 INFO o.a.j.t.JMeterThread: Thread finished: POST arrivals 1-131
2026-10-07 17:06:31,486 INFO o.a.j.t.JMeterThread: Thread is done: Search arrivals 2-23
2026-10-07 17:06:31,486 INFO o.a.j.t.JMeterThread: Thread finished: Search arrivals 2-23
2026-10-07 17:06:33,353 INFO o.a.j.t.JMeterThread: Thread is done: POST arrivals 1-132
2026-10-07 17:06:33,353 INFO o.a.j.t.JMeterThread: Thread finished: POST arrivals 1-132
2026-10-07 17:06:33,378 INFO o.a.j.t.JMeterThread: Thread is done: Search arrivals 2-24
2026-10-07 17:06:33,378 INFO o.a.j.t.JMeterThread: Thread finished: Search arrivals 2-24
2026-10-07 17:06:34,941 INFO o.a.j.t.JMeterThread: Thread is done: POST arrivals 1-133
2026-10-07 17:06:34,941 INFO o.a.j.t.JMeterThread: Thread finished: POST arrivals 1-133
2026-10-07 17:06:34,965 INFO o.a.j.t.JMeterThread: Thread is done: Search arrivals 2-25
2026-10-07 17:06:34,965 INFO o.a.j.t.JMeterThread: Thread finished: Search arrivals 2-25
2026-10-07 17:06:36,251 INFO o.a.j.t.JMeterThread: Thread started: Search arrivals 2-43
2026-10-07 17:06:36,312 INFO o.a.j.t.JMeterThread: Thread started: POST arrivals 1-230
2026-10-07 17:06:37,603 INFO o.a.j.t.JMeterThread: Thread started: POST arrivals 1-231
2026-10-07 17:06:37,660 INFO o.a.j.t.JMeterThread: Thread started: POST arrivals 1-232
2026-10-07 17:06:38,317 INFO o.a.j.t.JMeterThread: Thread started: POST arrivals 1-233
2026-10-07 17:06:39,297 INFO o.a.j.t.JMeterThread: Thread started: POST arrivals 1-234
2026-10-07 17:06:39,805 INFO o.a.j.t.JMeterThread: Thread started: POST arrivals 1-235
2026-10-07 17:06:40,860 INFO o.a.j.t.JMeterThread: Thread is done: POST arrivals 1-134
2026-10-07 17:06:40,860 INFO o.a.j.t.JMeterThread: Thread finished: POST arrivals 1-134
2026-10-07 17:06:40,862 INFO o.a.j.t.JMeterThread: Thread started: POST arrivals 1-236
2026-10-07 17:06:41,296 INFO o.a.j.t.JMeterThread: Thread started: POST arrivals 1-237
2026-10-07 17:06:42,079 INFO o.a.j.t.JMeterThread: Thread started: POST arrivals 1-238
2026-10-07 17:06:43,400 INFO o.a.j.t.JMeterThread: Thread is done: POST arrivals 1-135
2026-10-07 17:06:43,400 INFO o.a.j.t.JMeterThread: Thread finished: POST arrivals 1-135
2026-10-07 17:06:43,459 INFO o.a.j.t.JMeterThread: Thread started: POST arrivals 1-239
2026-10-07 17:06:44,700 INFO o.a.j.t.JMeterThread: Thread started: Stats arrivals 3-15
2026-10-07 17:06:44,716 INFO o.a.j.t.JMeterThread: Thread started: POST arrivals 1-240
2026-10-07 17:06:45,006 INFO o.a.j.t.JMeterThread: Thread started: POST arrivals 1-241
2026-10-07 17:06:45,147 INFO o.a.j.t.JMeterThread: Thread started: POST arrivals 1-242
2026-10-07 17:06:45,629 INFO o.a.j.t.JMeterThread: Thread is done: POST arrivals 1-136
2026-10-07 17:06:45,629 INFO o.a.j.t.JMeterThread: Thread finished: POST arrivals 1-136
2026-10-07 17:06:45,668 INFO o.a.j.t.JMeterThread: Thread is done: Search arrivals 2-26
2026-10-07 17:06:45,668 INFO o.a.j.t.JMeterThread: Thread finished: Search arrivals 2-26
2026-10-07 17:06:47,294 INFO o.a.j.t.JMeterThread: Thread is done: POST arrivals 1-137
2026-10-07 17:06:47,295 INFO o.a.j.t.JMeterThread: Thread finished: POST arrivals 1-137
2026-10-07 17:06:47,733 INFO o.a.j.t.JMeterThread: Thread started: POST arrivals 1-243
2026-10-07 17:06:48,716 INFO o.a.j.t.JMeterThread: Thread started: POST arrivals 1-244
2026-10-07 17:06:50,274 INFO o.a.j.t.JMeterThread: Thread started: POST arrivals 1-245
2026-10-07 17:06:50,874 INFO o.a.j.t.JMeterThread: Thread started: POST arrivals 1-246
2026-10-07 17:06:51,379 INFO o.a.j.t.JMeterThread: Thread is done: POST arrivals 1-138
2026-10-07 17:06:51,379 INFO o.a.j.t.JMeterThread: Thread finished: POST arrivals 1-138
2026-10-07 17:06:52,759 INFO o.a.j.t.JMeterThread: Thread started: POST arrivals 1-247
2026-10-07 17:06:53,065 INFO o.a.j.t.JMeterThread: Thread started: POST arrivals 1-248
2026-10-07 17:06:53,165 INFO o.a.j.t.JMeterThread: Thread is done: POST arrivals 1-139
2026-10-07 17:06:53,165 INFO o.a.j.t.JMeterThread: Thread finished: POST arrivals 1-139
2026-10-07 17:06:53,219 INFO o.a.j.t.JMeterThread: Thread started: Search arrivals 2-44
2026-10-07 17:06:54,700 INFO o.a.j.t.JMeterThread: Thread is done: POST arrivals 1-140
2026-10-07 17:06:54,700 INFO o.a.j.t.JMeterThread: Thread finished: POST arrivals 1-140
2026-10-07 17:06:55,780 INFO o.a.j.t.JMeterThread: Thread started: POST arrivals 1-249
2026-10-07 17:06:57,065 INFO o.a.j.t.JMeterThread: Thread started: POST arrivals 1-250
2026-10-07 17:06:57,146 INFO o.a.j.t.JMeterThread: Thread is done: POST arrivals 1-141
2026-10-07 17:06:57,146 INFO o.a.j.t.JMeterThread: Thread finished: POST arrivals 1-141
2026-10-07 17:06:59,630 INFO o.a.j.t.JMeterThread: Thread started: Search arrivals 2-45
2026-10-07 17:07:00,273 INFO o.a.j.r.Summariser: summary +     15 in 00:00:29 =    0.5/s Avg: 156002 Min: 149967 Max: 160918 Err:     0 (0.00%) Active: 133 Started: 310 Finished: 177
2026-10-07 17:07:00,274 INFO o.a.j.r.Summariser: summary =    178 in 00:06:52 =    0.4/s Avg: 76827 Min:    29 Max: 160918 Err:     0 (0.00%)
2026-10-07 17:07:00,274 INFO o.a.j.t.JMeterThread: Thread is done: POST arrivals 1-142
2026-10-07 17:07:00,274 INFO o.a.j.t.JMeterThread: Thread finished: POST arrivals 1-142
2026-10-07 17:07:02,132 INFO o.a.j.t.JMeterThread: Thread started: POST arrivals 1-251
2026-10-07 17:07:03,875 INFO o.a.j.t.JMeterThread: Thread is done: POST arrivals 1-143
2026-10-07 17:07:03,875 INFO o.a.j.t.JMeterThread: Thread finished: POST arrivals 1-143
2026-10-07 17:07:05,139 INFO o.a.j.t.JMeterThread: Thread started: POST arrivals 1-252
2026-10-07 17:07:06,552 INFO o.a.j.t.JMeterThread: Thread started: POST arrivals 1-253
2026-10-07 17:07:06,575 INFO o.a.j.t.JMeterThread: Thread started: Search arrivals 2-46
2026-10-07 17:07:07,220 INFO o.a.j.t.JMeterThread: Thread is done: POST arrivals 1-144
2026-10-07 17:07:07,220 INFO o.a.j.t.JMeterThread: Thread finished: POST arrivals 1-144
2026-10-07 17:07:08,347 INFO o.a.j.t.JMeterThread: Thread is done: POST arrivals 1-145
2026-10-07 17:07:08,347 INFO o.a.j.t.JMeterThread: Thread finished: POST arrivals 1-145
2026-10-07 17:07:09,407 INFO o.a.j.t.JMeterThread: Thread started: POST arrivals 1-254
2026-10-07 17:07:09,641 INFO o.a.j.t.JMeterThread: Thread started: Search arrivals 2-47
2026-10-07 17:07:09,641 INFO o.a.j.t.JMeterThread: Thread is done: POST arrivals 1-146
2026-10-07 17:07:09,641 INFO o.a.j.t.JMeterThread: Thread finished: POST arrivals 1-146
2026-10-07 17:07:14,327 INFO o.a.j.t.JMeterThread: Thread started: POST arrivals 1-255
2026-10-07 17:07:14,986 INFO o.a.j.t.JMeterThread: Thread is done: POST arrivals 1-147
2026-10-07 17:07:14,986 INFO o.a.j.t.JMeterThread: Thread finished: POST arrivals 1-147
2026-10-07 17:07:15,080 INFO o.a.j.t.JMeterThread: Thread started: POST arrivals 1-256
2026-10-07 17:07:16,663 INFO o.a.j.t.JMeterThread: Thread started: Search arrivals 2-48
2026-10-07 17:07:17,208 INFO o.a.j.t.JMeterThread: Thread is done: POST arrivals 1-148
2026-10-07 17:07:17,209 INFO o.a.j.t.JMeterThread: Thread finished: POST arrivals 1-148
2026-10-07 17:07:19,265 INFO o.a.j.t.JMeterThread: Thread started: POST arrivals 1-257
2026-10-07 17:07:19,651 INFO o.a.j.t.JMeterThread: Thread is done: POST arrivals 1-149
2026-10-07 17:07:19,651 INFO o.a.j.t.JMeterThread: Thread finished: POST arrivals 1-149
2026-10-07 17:07:19,996 INFO o.a.j.t.JMeterThread: Thread started: POST arrivals 1-258
2026-10-07 17:07:22,635 INFO o.a.j.t.JMeterThread: Thread started: POST arrivals 1-259
2026-10-07 17:07:24,112 INFO o.a.j.t.JMeterThread: Thread started: POST arrivals 1-260
2026-10-07 17:07:24,233 INFO o.a.j.t.JMeterThread: Thread started: POST arrivals 1-261
2026-10-07 17:07:24,334 INFO o.a.j.t.JMeterThread: Thread started: POST arrivals 1-262
2026-10-07 17:07:24,535 INFO o.a.j.t.JMeterThread: Thread is done: POST arrivals 1-150
2026-10-07 17:07:24,535 INFO o.a.j.t.JMeterThread: Thread finished: POST arrivals 1-150
2026-10-07 17:07:26,000 INFO o.a.j.t.JMeterThread: Thread is done: POST arrivals 1-151
2026-10-07 17:07:26,000 INFO o.a.j.t.JMeterThread: Thread finished: POST arrivals 1-151
2026-10-07 17:07:28,117 INFO o.a.j.t.JMeterThread: Thread is done: POST arrivals 1-152
2026-10-07 17:07:28,117 INFO o.a.j.t.JMeterThread: Thread finished: POST arrivals 1-152
2026-10-07 17:07:28,856 INFO o.a.j.t.JMeterThread: Thread started: POST arrivals 1-263
2026-10-07 17:07:28,918 INFO o.a.j.t.JMeterThread: Thread started: POST arrivals 1-264
2026-10-07 17:07:31,404 INFO o.a.j.r.Summariser: summary +     11 in 00:00:31 =    0.4/s Avg: 171834 Min: 163119 Max: 179688 Err:     0 (0.00%) Active: 139 Started: 327 Finished: 188
2026-10-07 17:07:31,405 INFO o.a.j.r.Summariser: summary =    189 in 00:07:23 =    0.4/s Avg: 82357 Min:    29 Max: 179688 Err:     0 (0.00%)
2026-10-07 17:07:31,405 INFO o.a.j.t.JMeterThread: Thread is done: POST arrivals 1-153
2026-10-07 17:07:31,405 INFO o.a.j.t.JMeterThread: Thread finished: POST arrivals 1-153
2026-10-07 17:07:32,546 INFO o.a.j.t.JMeterThread: Thread started: POST arrivals 1-265
2026-10-07 17:07:33,046 INFO o.a.j.t.JMeterThread: Thread started: Search arrivals 2-49
2026-10-07 17:07:35,726 INFO o.a.j.t.JMeterThread: Thread started: POST arrivals 1-266
2026-10-07 17:07:35,759 INFO o.a.j.t.JMeterThread: Thread is done: POST arrivals 1-154
2026-10-07 17:07:35,759 INFO o.a.j.t.JMeterThread: Thread finished: POST arrivals 1-154
2026-10-07 17:07:36,073 INFO o.a.j.t.JMeterThread: Thread started: POST arrivals 1-267
2026-10-07 17:07:36,829 INFO o.a.j.t.JMeterThread: Thread is done: POST arrivals 1-155
2026-10-07 17:07:36,829 INFO o.a.j.t.JMeterThread: Thread finished: POST arrivals 1-155
2026-10-07 17:07:36,993 INFO o.a.j.t.JMeterThread: Thread started: POST arrivals 1-268
2026-10-07 17:07:37,681 INFO o.a.j.t.JMeterThread: Thread started: POST arrivals 1-269
2026-10-07 17:07:38,801 INFO o.a.j.t.JMeterThread: Thread started: POST arrivals 1-270
2026-10-07 17:07:38,843 INFO o.a.j.t.JMeterThread: Thread is done: POST arrivals 1-156
2026-10-07 17:07:38,843 INFO o.a.j.t.JMeterThread: Thread finished: POST arrivals 1-156
2026-10-07 17:07:38,864 INFO o.a.j.t.JMeterThread: Thread is done: Stats arrivals 3-11
2026-10-07 17:07:38,864 INFO o.a.j.t.JMeterThread: Thread finished: Stats arrivals 3-11
2026-10-07 17:07:39,563 INFO o.a.j.t.JMeterThread: Thread started: POST arrivals 1-271
2026-10-07 17:07:39,654 INFO o.a.j.t.JMeterThread: Thread started: POST arrivals 1-272
2026-10-07 17:07:39,874 INFO o.a.j.t.JMeterThread: Thread started: POST arrivals 1-273
2026-10-07 17:07:41,523 INFO o.a.j.t.JMeterThread: Thread started: POST arrivals 1-274
2026-10-07 17:07:41,693 INFO o.a.j.t.JMeterThread: Thread started: POST arrivals 1-275
2026-10-07 17:07:41,888 INFO o.a.j.t.JMeterThread: Thread is done: POST arrivals 1-157
2026-10-07 17:07:41,888 INFO o.a.j.t.JMeterThread: Thread finished: POST arrivals 1-157
2026-10-07 17:07:41,936 INFO o.a.j.t.JMeterThread: Thread is done: Search arrivals 2-27
2026-10-07 17:07:41,937 INFO o.a.j.t.JMeterThread: Thread finished: Search arrivals 2-27
2026-10-07 17:07:42,049 INFO o.a.j.t.JMeterThread: Thread started: Search arrivals 2-50
2026-10-07 17:07:43,651 INFO o.a.j.t.JMeterThread: Thread is done: POST arrivals 1-158
2026-10-07 17:07:43,651 INFO o.a.j.t.JMeterThread: Thread finished: POST arrivals 1-158
2026-10-07 17:07:43,681 INFO o.a.j.t.JMeterThread: Thread is done: Search arrivals 2-28
2026-10-07 17:07:43,682 INFO o.a.j.t.JMeterThread: Thread finished: Search arrivals 2-28
2026-10-07 17:07:43,720 INFO o.a.j.t.JMeterThread: Thread is done: Search arrivals 2-29
2026-10-07 17:07:43,720 INFO o.a.j.t.JMeterThread: Thread finished: Search arrivals 2-29
2026-10-07 17:07:43,744 INFO o.a.j.t.JMeterThread: Thread is done: Search arrivals 2-30
2026-10-07 17:07:43,745 INFO o.a.j.t.JMeterThread: Thread finished: Search arrivals 2-30
2026-10-07 17:07:45,072 INFO o.a.j.t.JMeterThread: Thread started: POST arrivals 1-276
2026-10-07 17:07:45,176 INFO o.a.j.t.JMeterThread: Thread started: POST arrivals 1-277
2026-10-07 17:07:46,881 INFO o.a.j.t.JMeterThread: Thread started: Search arrivals 2-51
2026-10-07 17:07:48,405 INFO o.a.j.t.JMeterThread: Thread is done: POST arrivals 1-159
2026-10-07 17:07:48,405 INFO o.a.j.t.JMeterThread: Thread finished: POST arrivals 1-159
2026-10-07 17:07:49,748 INFO o.a.j.t.JMeterThread: Thread started: Search arrivals 2-52
2026-10-07 17:07:52,523 INFO o.a.j.t.JMeterThread: Thread is done: POST arrivals 1-160
2026-10-07 17:07:52,523 INFO o.a.j.t.JMeterThread: Thread finished: POST arrivals 1-160
2026-10-07 17:07:52,546 INFO o.a.j.t.JMeterThread: Thread started: POST arrivals 1-278
2026-10-07 17:07:52,547 INFO o.a.j.t.JMeterThread: Thread is done: Search arrivals 2-31
2026-10-07 17:07:52,547 INFO o.a.j.t.JMeterThread: Thread finished: Search arrivals 2-31
2026-10-07 17:07:52,940 INFO o.a.j.t.JMeterThread: Thread started: Search arrivals 2-53
2026-10-07 17:07:55,214 INFO o.a.j.t.JMeterThread: Thread started: POST arrivals 1-279
2026-10-07 17:07:55,887 INFO o.a.j.t.JMeterThread: Thread started: POST arrivals 1-280
2026-10-07 17:07:57,981 INFO o.a.j.t.JMeterThread: Thread is done: POST arrivals 1-161
2026-10-07 17:07:57,981 INFO o.a.j.t.JMeterThread: Thread finished: POST arrivals 1-161
2026-10-07 17:07:58,007 INFO o.a.j.t.JMeterThread: Thread is done: Search arrivals 2-32
2026-10-07 17:07:58,007 INFO o.a.j.t.JMeterThread: Thread finished: Search arrivals 2-32
2026-10-07 17:07:58,173 INFO o.a.j.t.JMeterThread: Thread started: POST arrivals 1-281
2026-10-07 17:07:58,298 INFO o.a.j.t.JMeterThread: Thread started: POST arrivals 1-282
2026-10-07 17:08:00,350 INFO o.a.j.r.Summariser: summary +     16 in 00:00:29 =    0.6/s Avg: 185179 Min: 181423 Max: 191403 Err:     0 (0.00%) Active: 146 Started: 350 Finished: 204
2026-10-07 17:08:00,350 INFO o.a.j.r.Summariser: summary =    205 in 00:07:52 =    0.4/s Avg: 90382 Min:    29 Max: 191403 Err:     0 (0.00%)
2026-10-07 17:08:00,350 INFO o.a.j.t.JMeterThread: Thread is done: POST arrivals 1-162
2026-10-07 17:08:00,350 INFO o.a.j.t.JMeterThread: Thread finished: POST arrivals 1-162
2026-10-07 17:08:02,434 INFO o.a.j.t.JMeterThread: Thread started: POST arrivals 1-283
2026-10-07 17:08:02,985 INFO o.a.j.t.JMeterThread: Thread started: Search arrivals 2-54
2026-10-07 17:08:03,957 INFO o.a.j.t.JMeterThread: Thread is done: POST arrivals 1-163
2026-10-07 17:08:03,957 INFO o.a.j.t.JMeterThread: Thread finished: POST arrivals 1-163
2026-10-07 17:08:04,717 INFO o.a.j.t.JMeterThread: Thread started: POST arrivals 1-284
2026-10-07 17:08:04,778 INFO o.a.j.t.JMeterThread: Thread started: POST arrivals 1-285
2026-10-07 17:08:05,201 INFO o.a.j.t.JMeterThread: Thread started: POST arrivals 1-286
2026-10-07 17:08:05,216 INFO o.a.j.t.JMeterThread: Thread started: POST arrivals 1-287
2026-10-07 17:08:05,343 INFO o.a.j.t.JMeterThread: Thread started: Stats arrivals 3-16
2026-10-07 17:08:05,406 INFO o.a.j.t.JMeterThread: Thread started: Search arrivals 2-55
2026-10-07 17:08:05,486 INFO o.a.j.t.JMeterThread: Thread is done: POST arrivals 1-164
2026-10-07 17:08:05,486 INFO o.a.j.t.JMeterThread: Thread finished: POST arrivals 1-164
2026-10-07 17:08:07,476 INFO o.a.j.t.JMeterThread: Thread is done: POST arrivals 1-165
2026-10-07 17:08:07,476 INFO o.a.j.t.JMeterThread: Thread finished: POST arrivals 1-165
2026-10-07 17:08:07,717 INFO o.a.j.t.JMeterThread: Thread started: POST arrivals 1-288
2026-10-07 17:08:09,945 INFO o.a.j.t.JMeterThread: Thread is done: POST arrivals 1-166
2026-10-07 17:08:09,945 INFO o.a.j.t.JMeterThread: Thread finished: POST arrivals 1-166
2026-10-07 17:08:09,989 INFO o.a.j.t.JMeterThread: Thread is done: Search arrivals 2-33
2026-10-07 17:08:09,989 INFO o.a.j.t.JMeterThread: Thread finished: Search arrivals 2-33
2026-10-07 17:08:10,718 INFO o.a.j.t.JMeterThread: Thread started: Search arrivals 2-56
2026-10-07 17:08:11,312 INFO o.a.j.t.JMeterThread: Thread started: POST arrivals 1-289
2026-10-07 17:08:12,729 INFO o.a.j.t.JMeterThread: Thread is done: POST arrivals 1-167
2026-10-07 17:08:12,729 INFO o.a.j.t.JMeterThread: Thread finished: POST arrivals 1-167
2026-10-07 17:08:13,429 INFO o.a.j.t.JMeterThread: Thread started: POST arrivals 1-290
2026-10-07 17:08:13,870 INFO o.a.j.t.JMeterThread: Thread started: POST arrivals 1-291
2026-10-07 17:08:14,398 INFO o.a.j.t.JMeterThread: Thread is done: POST arrivals 1-168
2026-10-07 17:08:14,398 INFO o.a.j.t.JMeterThread: Thread finished: POST arrivals 1-168
2026-10-07 17:08:17,884 INFO o.a.j.t.JMeterThread: Thread started: Stats arrivals 3-17
2026-10-07 17:08:18,485 INFO o.a.j.t.JMeterThread: Thread started: POST arrivals 1-292
2026-10-07 17:08:18,950 INFO o.a.j.t.JMeterThread: Thread is done: POST arrivals 1-169
2026-10-07 17:08:18,950 INFO o.a.j.t.JMeterThread: Thread finished: POST arrivals 1-169
2026-10-07 17:08:20,772 INFO o.a.j.t.JMeterThread: Thread is done: POST arrivals 1-170
2026-10-07 17:08:20,773 INFO o.a.j.t.JMeterThread: Thread finished: POST arrivals 1-170
2026-10-07 17:08:20,799 INFO o.a.j.t.JMeterThread: Thread is done: Search arrivals 2-34
2026-10-07 17:08:20,799 INFO o.a.j.t.JMeterThread: Thread finished: Search arrivals 2-34
2026-10-07 17:08:22,013 INFO o.a.j.t.JMeterThread: Thread started: POST arrivals 1-293
2026-10-07 17:08:22,583 INFO o.a.j.t.JMeterThread: Thread started: POST arrivals 1-294
2026-10-07 17:08:23,718 INFO o.a.j.t.JMeterThread: Thread started: POST arrivals 1-295
2026-10-07 17:08:24,057 INFO o.a.j.t.JMeterThread: Thread is done: POST arrivals 1-171
2026-10-07 17:08:24,057 INFO o.a.j.t.JMeterThread: Thread finished: POST arrivals 1-171
2026-10-07 17:08:24,162 INFO o.a.j.t.JMeterThread: Thread started: POST arrivals 1-296
2026-10-07 17:08:25,406 INFO o.a.j.t.JMeterThread: Thread started: Search arrivals 2-57
2026-10-07 17:08:25,640 INFO o.a.j.t.JMeterThread: Thread is done: POST arrivals 1-172
2026-10-07 17:08:25,641 INFO o.a.j.t.JMeterThread: Thread finished: POST arrivals 1-172
2026-10-07 17:08:27,614 INFO o.a.j.t.JMeterThread: Thread started: POST arrivals 1-297
2026-10-07 17:08:27,669 INFO o.a.j.t.JMeterThread: Thread is done: POST arrivals 1-173
2026-10-07 17:08:27,669 INFO o.a.j.t.JMeterThread: Thread finished: POST arrivals 1-173
2026-10-07 17:08:29,130 INFO o.a.j.t.JMeterThread: Thread is done: POST arrivals 1-174
2026-10-07 17:08:29,130 INFO o.a.j.t.JMeterThread: Thread finished: POST arrivals 1-174
2026-10-07 17:08:29,650 INFO o.a.j.t.JMeterThread: Thread started: Search arrivals 2-58
2026-10-07 17:08:30,000 INFO o.a.j.t.JMeterThread: Thread started: Search arrivals 2-59
2026-10-07 17:08:30,682 INFO o.a.j.r.Summariser: summary +     15 in 00:00:30 =    0.5/s Avg: 201741 Min: 194302 Max: 207459 Err:     0 (0.00%) Active: 154 Started: 373 Finished: 219
2026-10-07 17:08:30,683 INFO o.a.j.r.Summariser: summary =    220 in 00:08:23 =    0.4/s Avg: 97975 Min:    29 Max: 207459 Err:     0 (0.00%)
2026-10-07 17:08:30,683 INFO o.a.j.t.JMeterThread: Thread is done: POST arrivals 1-175
2026-10-07 17:08:30,683 INFO o.a.j.t.JMeterThread: Thread finished: POST arrivals 1-175
2026-10-07 17:08:30,690 INFO o.a.j.t.JMeterThread: Thread started: POST arrivals 1-298
2026-10-07 17:08:30,953 INFO o.a.j.t.JMeterThread: Thread started: Search arrivals 2-60
2026-10-07 17:08:31,292 INFO o.a.j.t.JMeterThread: Thread started: POST arrivals 1-299
2026-10-07 17:08:31,609 INFO o.a.j.t.JMeterThread: Thread started: POST arrivals 1-300
2026-10-07 17:08:32,280 INFO o.a.j.t.JMeterThread: Thread is done: POST arrivals 1-176
2026-10-07 17:08:32,280 INFO o.a.j.t.JMeterThread: Thread finished: POST arrivals 1-176
2026-10-07 17:08:34,635 INFO o.a.j.t.JMeterThread: Thread started: Search arrivals 2-61
2026-10-07 17:08:35,492 INFO o.a.j.t.JMeterThread: Thread is done: POST arrivals 1-177
2026-10-07 17:08:35,492 INFO o.a.j.t.JMeterThread: Thread finished: POST arrivals 1-177
2026-10-07 17:08:36,192 INFO o.a.j.t.JMeterThread: Thread started: Search arrivals 2-62
2026-10-07 17:08:36,828 INFO o.a.j.t.JMeterThread: Thread started: POST arrivals 1-301
2026-10-07 17:08:37,109 INFO o.a.j.t.JMeterThread: Thread started: POST arrivals 1-302
2026-10-07 17:08:37,937 INFO o.a.j.t.JMeterThread: Thread started: POST arrivals 1-303
2026-10-07 17:08:38,161 INFO o.a.j.t.JMeterThread: Thread started: POST arrivals 1-304
2026-10-07 17:08:39,466 INFO o.a.j.t.JMeterThread: Thread started: POST arrivals 1-305
2026-10-07 17:08:39,780 INFO o.a.j.t.JMeterThread: Thread is done: POST arrivals 1-178
2026-10-07 17:08:39,780 INFO o.a.j.t.JMeterThread: Thread finished: POST arrivals 1-178
2026-10-07 17:08:41,375 INFO o.a.j.t.JMeterThread: Thread is done: POST arrivals 1-179
2026-10-07 17:08:41,375 INFO o.a.j.t.JMeterThread: Thread finished: POST arrivals 1-179
2026-10-07 17:08:42,052 INFO o.a.j.t.JMeterThread: Thread started: POST arrivals 1-306
2026-10-07 17:08:42,282 INFO o.a.j.t.JMeterThread: Thread started: POST arrivals 1-307
2026-10-07 17:08:43,689 INFO o.a.j.t.JMeterThread: Thread is done: POST arrivals 1-180
2026-10-07 17:08:43,689 INFO o.a.j.t.JMeterThread: Thread finished: POST arrivals 1-180
2026-10-07 17:08:44,415 INFO o.a.j.t.JMeterThread: Thread started: POST arrivals 1-308
2026-10-07 17:08:44,432 INFO o.a.j.t.JMeterThread: Thread started: Search arrivals 2-63
2026-10-07 17:08:44,470 INFO o.a.j.t.JMeterThread: Thread started: POST arrivals 1-309
2026-10-07 17:08:44,908 INFO o.a.j.t.JMeterThread: Thread is done: POST arrivals 1-181
2026-10-07 17:08:44,908 INFO o.a.j.t.JMeterThread: Thread finished: POST arrivals 1-181
2026-10-07 17:08:45,200 INFO o.a.j.t.JMeterThread: Thread started: POST arrivals 1-310
2026-10-07 17:08:45,881 INFO o.a.j.t.JMeterThread: Thread started: POST arrivals 1-311
2026-10-07 17:08:46,135 INFO o.a.j.t.JMeterThread: Thread is done: POST arrivals 1-182
2026-10-07 17:08:46,135 INFO o.a.j.t.JMeterThread: Thread finished: POST arrivals 1-182
2026-10-07 17:08:46,772 INFO o.a.j.t.JMeterThread: Thread started: POST arrivals 1-312
2026-10-07 17:08:46,874 INFO o.a.j.t.JMeterThread: Thread started: POST arrivals 1-313
2026-10-07 17:08:47,074 INFO o.a.j.t.JMeterThread: Thread started: POST arrivals 1-314
2026-10-07 17:08:47,973 INFO o.a.j.t.JMeterThread: Thread is done: POST arrivals 1-183
2026-10-07 17:08:47,973 INFO o.a.j.t.JMeterThread: Thread finished: POST arrivals 1-183
2026-10-07 17:08:49,314 INFO o.a.j.t.JMeterThread: Thread started: POST arrivals 1-315
2026-10-07 17:08:49,459 INFO o.a.j.t.JMeterThread: Thread is done: POST arrivals 1-184
2026-10-07 17:08:49,459 INFO o.a.j.t.JMeterThread: Thread finished: POST arrivals 1-184
2026-10-07 17:08:49,529 INFO o.a.j.t.JMeterThread: Thread is done: Search arrivals 2-35
2026-10-07 17:08:49,529 INFO o.a.j.t.JMeterThread: Thread finished: Search arrivals 2-35
2026-10-07 17:08:49,537 INFO o.a.j.t.JMeterThread: Thread is done: Search arrivals 2-36
2026-10-07 17:08:49,537 INFO o.a.j.t.JMeterThread: Thread finished: Search arrivals 2-36
2026-10-07 17:08:49,539 INFO o.a.j.t.JMeterThread: Thread is done: Search arrivals 2-37
2026-10-07 17:08:49,539 INFO o.a.j.t.JMeterThread: Thread finished: Search arrivals 2-37
2026-10-07 17:08:50,070 INFO o.a.j.t.JMeterThread: Thread started: Search arrivals 2-64
2026-10-07 17:08:51,030 INFO o.a.j.t.JMeterThread: Thread is done: POST arrivals 1-185
2026-10-07 17:08:51,030 INFO o.a.j.t.JMeterThread: Thread finished: POST arrivals 1-185
2026-10-07 17:08:51,039 INFO o.a.j.t.JMeterThread: Thread is done: Search arrivals 2-38
2026-10-07 17:08:51,040 INFO o.a.j.t.JMeterThread: Thread finished: Search arrivals 2-38
2026-10-07 17:08:51,098 INFO o.a.j.t.JMeterThread: Thread is done: Stats arrivals 3-12
2026-10-07 17:08:51,098 INFO o.a.j.t.JMeterThread: Thread finished: Stats arrivals 3-12
2026-10-07 17:08:52,478 INFO o.a.j.t.JMeterThread: Thread started: POST arrivals 1-316
2026-10-07 17:08:54,143 INFO o.a.j.t.JMeterThread: Thread started: Search arrivals 2-65
2026-10-07 17:08:55,556 INFO o.a.j.t.JMeterThread: Thread started: POST arrivals 1-317
2026-10-07 17:08:55,738 INFO o.a.j.t.JMeterThread: Thread is done: POST arrivals 1-186
2026-10-07 17:08:55,738 INFO o.a.j.t.JMeterThread: Thread finished: POST arrivals 1-186
2026-10-07 17:08:55,776 INFO o.a.j.t.JMeterThread: Thread is done: Search arrivals 2-39
2026-10-07 17:08:55,776 INFO o.a.j.t.JMeterThread: Thread finished: Search arrivals 2-39
2026-10-07 17:08:56,218 INFO o.a.j.t.JMeterThread: Thread started: POST arrivals 1-318
2026-10-07 17:08:57,851 INFO o.a.j.t.JMeterThread: Thread is done: POST arrivals 1-187
2026-10-07 17:08:57,851 INFO o.a.j.t.JMeterThread: Thread finished: POST arrivals 1-187
2026-10-07 17:08:57,919 INFO o.a.j.t.JMeterThread: Thread started: Search arrivals 2-66
2026-10-07 17:08:57,970 INFO o.a.j.t.JMeterThread: Thread started: POST arrivals 1-319
2026-10-07 17:08:58,263 INFO o.a.j.t.JMeterThread: Thread started: POST arrivals 1-320
2026-10-07 17:08:58,393 INFO o.a.j.t.JMeterThread: Thread started: POST arrivals 1-321
2026-10-07 17:08:58,977 INFO o.a.j.t.JMeterThread: Thread started: POST arrivals 1-322
2026-10-07 17:08:59,006 INFO o.a.j.t.JMeterThread: Thread started: POST arrivals 1-323
2026-10-07 17:08:59,072 INFO o.a.j.t.JMeterThread: Thread started: POST arrivals 1-324
2026-10-07 17:08:59,374 INFO o.a.j.t.JMeterThread: Thread is done: POST arrivals 1-188
2026-10-07 17:08:59,374 INFO o.a.j.t.JMeterThread: Thread finished: POST arrivals 1-188
2026-10-07 17:09:00,066 INFO o.a.j.t.JMeterThread: Thread started: POST arrivals 1-325
2026-10-07 17:09:00,878 INFO o.a.j.r.Summariser: summary +     20 in 00:00:30 =    0.7/s Avg: 214379 Min: 207797 Max: 218699 Err:     0 (0.00%) Active: 169 Started: 408 Finished: 239
2026-10-07 17:09:00,879 INFO o.a.j.r.Summariser: summary =    240 in 00:08:53 =    0.5/s Avg: 107675 Min:    29 Max: 218699 Err:     0 (0.00%)
2026-10-07 17:09:00,879 INFO o.a.j.t.JMeterThread: Thread is done: POST arrivals 1-189
2026-10-07 17:09:00,879 INFO o.a.j.t.JMeterThread: Thread finished: POST arrivals 1-189
2026-10-07 17:09:01,413 INFO o.a.j.t.JMeterThread: Thread started: POST arrivals 1-326
2026-10-07 17:09:01,642 INFO o.a.j.t.JMeterThread: Thread started: POST arrivals 1-327
2026-10-07 17:09:01,967 INFO o.a.j.t.JMeterThread: Thread started: Search arrivals 2-67
2026-10-07 17:09:02,252 INFO o.a.j.t.JMeterThread: Thread started: POST arrivals 1-328
2026-10-07 17:09:02,261 INFO o.a.j.t.JMeterThread: Thread started: POST arrivals 1-329
2026-10-07 17:09:03,434 INFO o.a.j.t.JMeterThread: Thread started: POST arrivals 1-330
2026-10-07 17:09:03,530 INFO o.a.j.t.JMeterThread: Thread started: Search arrivals 2-68
2026-10-07 17:09:03,853 INFO o.a.j.t.JMeterThread: Thread is done: POST arrivals 1-190
2026-10-07 17:09:03,853 INFO o.a.j.t.JMeterThread: Thread finished: POST arrivals 1-190
2026-10-07 17:09:05,187 INFO o.a.j.t.JMeterThread: Thread is done: POST arrivals 1-191
2026-10-07 17:09:05,188 INFO o.a.j.t.JMeterThread: Thread finished: POST arrivals 1-191
2026-10-07 17:09:07,133 INFO o.a.j.t.JMeterThread: Thread started: POST arrivals 1-331
2026-10-07 17:09:08,001 INFO o.a.j.t.JMeterThread: Thread started: POST arrivals 1-332
2026-10-07 17:09:09,597 INFO o.a.j.t.JMeterThread: Thread is done: POST arrivals 1-192
2026-10-07 17:09:09,597 INFO o.a.j.t.JMeterThread: Thread finished: POST arrivals 1-192
2026-10-07 17:09:10,152 INFO o.a.j.t.JMeterThread: Thread is done: POST arrivals 1-249
2026-10-07 17:09:10,152 INFO o.a.j.t.JMeterThread: Thread finished: POST arrivals 1-249
2026-10-07 17:09:12,199 INFO o.a.j.t.JMeterThread: Thread is done: POST arrivals 1-250
2026-10-07 17:09:12,200 INFO o.a.j.t.JMeterThread: Thread finished: POST arrivals 1-250
2026-10-07 17:09:13,142 INFO o.a.j.t.JMeterThread: Thread started: POST arrivals 1-333
2026-10-07 17:09:13,195 INFO o.a.j.t.JMeterThread: Thread started: POST arrivals 1-334
2026-10-07 17:09:13,382 INFO o.a.j.t.JMeterThread: Thread started: POST arrivals 1-335
2026-10-07 17:09:14,218 INFO o.a.j.t.JMeterThread: Thread is done: POST arrivals 1-193
2026-10-07 17:09:14,218 INFO o.a.j.t.JMeterThread: Thread finished: POST arrivals 1-193
2026-10-07 17:09:14,247 INFO o.a.j.t.JMeterThread: Thread is done: Search arrivals 2-40
2026-10-07 17:09:14,247 INFO o.a.j.t.JMeterThread: Thread finished: Search arrivals 2-40
2026-10-07 17:09:15,217 INFO o.a.j.t.JMeterThread: Thread started: POST arrivals 1-336
2026-10-07 17:09:16,853 INFO o.a.j.t.JMeterThread: Thread started: POST arrivals 1-337
2026-10-07 17:09:17,316 INFO o.a.j.t.JMeterThread: Thread is done: POST arrivals 1-194
2026-10-07 17:09:17,316 INFO o.a.j.t.JMeterThread: Thread finished: POST arrivals 1-194
2026-10-07 17:09:19,983 INFO o.a.j.t.JMeterThread: Thread started: POST arrivals 1-338
2026-10-07 17:09:20,322 INFO o.a.j.t.JMeterThread: Thread is done: POST arrivals 1-195
2026-10-07 17:09:20,322 INFO o.a.j.t.JMeterThread: Thread finished: POST arrivals 1-195
2026-10-07 17:09:22,378 INFO o.a.j.t.JMeterThread: Thread started: POST arrivals 1-339
2026-10-07 17:09:24,487 INFO o.a.j.t.JMeterThread: Thread is done: POST arrivals 1-254
2026-10-07 17:09:24,487 INFO o.a.j.t.JMeterThread: Thread finished: POST arrivals 1-254
2026-10-07 17:09:25,400 INFO o.a.j.t.JMeterThread: Thread is done: POST arrivals 1-196
2026-10-07 17:09:25,400 INFO o.a.j.t.JMeterThread: Thread finished: POST arrivals 1-196
2026-10-07 17:09:28,017 INFO o.a.j.t.JMeterThread: Thread started: POST arrivals 1-340
2026-10-07 17:09:30,638 INFO o.a.j.r.Summariser: summary +     12 in 00:00:30 =    0.4/s Avg: 200687 Min: 134368 Max: 234152 Err:     3 (25.00%) Active: 174 Started: 425 Finished: 251
2026-10-07 17:09:30,639 INFO o.a.j.r.Summariser: summary =    252 in 00:09:23 =    0.4/s Avg: 112104 Min:    29 Max: 234152 Err:     3 (1.19%)
2026-10-07 17:09:30,639 INFO o.a.j.t.JMeterThread: Thread is done: POST arrivals 1-197
2026-10-07 17:09:30,639 INFO o.a.j.t.JMeterThread: Thread finished: POST arrivals 1-197
2026-10-07 17:09:31,610 INFO o.a.j.t.JMeterThread: Thread is done: POST arrivals 1-198
2026-10-07 17:09:31,610 INFO o.a.j.t.JMeterThread: Thread finished: POST arrivals 1-198
2026-10-07 17:09:32,677 INFO o.a.j.t.JMeterThread: Thread is done: POST arrivals 1-257
2026-10-07 17:09:32,677 INFO o.a.j.t.JMeterThread: Thread finished: POST arrivals 1-257
2026-10-07 17:09:33,672 INFO o.a.j.t.JMeterThread: Thread is done: POST arrivals 1-199
2026-10-07 17:09:33,672 INFO o.a.j.t.JMeterThread: Thread finished: POST arrivals 1-199
2026-10-07 17:09:34,239 INFO o.a.j.t.JMeterThread: Thread started: POST arrivals 1-341
2026-10-07 17:09:35,945 INFO o.a.j.t.JMeterThread: Thread is done: POST arrivals 1-200
2026-10-07 17:09:35,945 INFO o.a.j.t.JMeterThread: Thread finished: POST arrivals 1-200
2026-10-07 17:09:35,972 INFO o.a.j.t.JMeterThread: Thread is done: Search arrivals 2-41
2026-10-07 17:09:35,972 INFO o.a.j.t.JMeterThread: Thread finished: Search arrivals 2-41
2026-10-07 17:09:36,005 INFO o.a.j.t.JMeterThread: Thread is done: Search arrivals 2-42
2026-10-07 17:09:36,005 INFO o.a.j.t.JMeterThread: Thread finished: Search arrivals 2-42
2026-10-07 17:09:36,773 INFO o.a.j.t.JMeterThread: Thread is done: POST arrivals 1-259
2026-10-07 17:09:36,773 INFO o.a.j.t.JMeterThread: Thread finished: POST arrivals 1-259
2026-10-07 17:09:37,505 INFO o.a.j.t.JMeterThread: Thread is done: POST arrivals 1-201
2026-10-07 17:09:37,505 INFO o.a.j.t.JMeterThread: Thread finished: POST arrivals 1-201
2026-10-07 17:09:37,551 INFO o.a.j.t.JMeterThread: Thread started: POST arrivals 1-342
2026-10-07 17:09:38,115 INFO o.a.j.t.JMeterThread: Thread started: POST arrivals 1-343
2026-10-07 17:09:40,195 INFO o.a.j.t.JMeterThread: Thread started: POST arrivals 1-344
2026-10-07 17:09:40,240 INFO o.a.j.t.JMeterThread: Thread started: Stats arrivals 3-18
2026-10-07 17:09:40,297 INFO o.a.j.t.JMeterThread: Thread is done: POST arrivals 1-202
2026-10-07 17:09:40,297 INFO o.a.j.t.JMeterThread: Thread finished: POST arrivals 1-202
2026-10-07 17:09:40,681 INFO o.a.j.t.JMeterThread: Thread started: POST arrivals 1-345
2026-10-07 17:09:40,696 INFO o.a.j.t.JMeterThread: Thread started: POST arrivals 1-346
2026-10-07 17:09:41,620 INFO o.a.j.t.JMeterThread: Thread is done: POST arrivals 1-203
2026-10-07 17:09:41,620 INFO o.a.j.t.JMeterThread: Thread finished: POST arrivals 1-203
2026-10-07 17:09:41,640 INFO o.a.j.t.JMeterThread: Thread is done: Stats arrivals 3-13
2026-10-07 17:09:41,640 INFO o.a.j.t.JMeterThread: Thread finished: Stats arrivals 3-13
2026-10-07 17:09:42,235 INFO o.a.j.t.JMeterThread: Thread started: POST arrivals 1-347
2026-10-07 17:09:42,271 INFO o.a.j.t.JMeterThread: Thread started: Search arrivals 2-69
2026-10-07 17:09:42,428 INFO o.a.j.t.JMeterThread: Thread started: POST arrivals 1-348
2026-10-07 17:09:43,241 INFO o.a.j.t.JMeterThread: Thread started: Search arrivals 2-70
2026-10-07 17:09:44,195 INFO o.a.j.t.JMeterThread: Thread is done: POST arrivals 1-204
2026-10-07 17:09:44,195 INFO o.a.j.t.JMeterThread: Thread finished: POST arrivals 1-204
2026-10-07 17:09:44,472 INFO o.a.j.t.JMeterThread: Thread started: POST arrivals 1-349
2026-10-07 17:09:44,635 INFO o.a.j.t.JMeterThread: Thread started: POST arrivals 1-350
2026-10-07 17:09:45,227 INFO o.a.j.t.JMeterThread: Thread started: POST arrivals 1-351
2026-10-07 17:09:45,328 INFO o.a.j.t.JMeterThread: Thread started: Stats arrivals 3-19
2026-10-07 17:09:45,965 INFO o.a.j.t.JMeterThread: Thread started: POST arrivals 1-352
2026-10-07 17:09:48,119 INFO o.a.j.t.JMeterThread: Thread is done: POST arrivals 1-205
2026-10-07 17:09:48,119 INFO o.a.j.t.JMeterThread: Thread finished: POST arrivals 1-205
2026-10-07 17:09:49,060 INFO o.a.j.t.JMeterThread: Thread is done: POST arrivals 1-266
2026-10-07 17:09:49,068 INFO o.a.j.t.JMeterThread: Thread finished: POST arrivals 1-266
2026-10-07 17:09:50,394 INFO o.a.j.t.JMeterThread: Thread started: Search arrivals 2-71
2026-10-07 17:09:50,597 INFO o.a.j.t.JMeterThread: Thread is done: POST arrivals 1-206
2026-10-07 17:09:50,597 INFO o.a.j.t.JMeterThread: Thread finished: POST arrivals 1-206
2026-10-07 17:09:50,734 INFO o.a.j.t.JMeterThread: Thread started: POST arrivals 1-353
2026-10-07 17:09:51,112 INFO o.a.j.t.JMeterThread: Thread is done: POST arrivals 1-269
2026-10-07 17:09:51,112 INFO o.a.j.t.JMeterThread: Thread finished: POST arrivals 1-269
2026-10-07 17:09:53,157 INFO o.a.j.t.JMeterThread: Thread is done: POST arrivals 1-270
2026-10-07 17:09:53,157 INFO o.a.j.t.JMeterThread: Thread finished: POST arrivals 1-270
2026-10-07 17:09:53,394 INFO o.a.j.t.JMeterThread: Thread started: Search arrivals 2-72
2026-10-07 17:09:53,422 INFO o.a.j.t.JMeterThread: Thread is done: POST arrivals 1-207
2026-10-07 17:09:53,422 INFO o.a.j.t.JMeterThread: Thread finished: POST arrivals 1-207
2026-10-07 17:09:54,536 INFO o.a.j.t.JMeterThread: Thread is done: POST arrivals 1-208
2026-10-07 17:09:54,555 INFO o.a.j.t.JMeterThread: Thread finished: POST arrivals 1-208
2026-10-07 17:09:56,353 INFO o.a.j.t.JMeterThread: Thread started: POST arrivals 1-354
2026-10-07 17:09:56,508 INFO o.a.j.t.JMeterThread: Thread started: POST arrivals 1-355
2026-10-07 17:09:56,521 INFO o.a.j.t.JMeterThread: Thread is done: POST arrivals 1-209
2026-10-07 17:09:56,521 INFO o.a.j.t.JMeterThread: Thread finished: POST arrivals 1-209
2026-10-07 17:09:56,628 INFO o.a.j.t.JMeterThread: Thread started: POST arrivals 1-356
2026-10-07 17:09:56,638 INFO o.a.j.t.JMeterThread: Thread started: Search arrivals 2-73
2026-10-07 17:09:56,879 INFO o.a.j.t.JMeterThread: Thread started: POST arrivals 1-357
2026-10-07 17:09:57,411 INFO o.a.j.t.JMeterThread: Thread started: POST arrivals 1-358
2026-10-07 17:09:57,623 INFO o.a.j.t.JMeterThread: Thread started: POST arrivals 1-359
2026-10-07 17:09:57,774 INFO o.a.j.t.JMeterThread: Thread started: POST arrivals 1-360
2026-10-07 17:09:58,541 INFO o.a.j.t.JMeterThread: Thread is done: POST arrivals 1-210
2026-10-07 17:09:58,541 INFO o.a.j.t.JMeterThread: Thread finished: POST arrivals 1-210
2026-10-07 17:09:59,302 INFO o.a.j.t.JMeterThread: Thread is done: POST arrivals 1-276
2026-10-07 17:09:59,302 INFO o.a.j.t.JMeterThread: Thread finished: POST arrivals 1-276
2026-10-07 17:09:59,303 INFO o.a.j.t.JMeterThread: Thread is done: POST arrivals 1-277
2026-10-07 17:09:59,303 INFO o.a.j.t.JMeterThread: Thread finished: POST arrivals 1-277
2026-10-07 17:10:00,229 INFO o.a.j.t.JMeterThread: Thread started: POST arrivals 1-361
2026-10-07 17:10:00,618 INFO o.a.j.t.JMeterThread: Thread started: Search arrivals 2-74
2026-10-07 17:10:00,846 INFO o.a.j.t.JMeterThread: Thread started: POST arrivals 1-362
2026-10-07 17:10:01,047 INFO o.a.j.t.JMeterThread: Thread started: POST arrivals 1-363
2026-10-07 17:10:01,795 INFO o.a.j.t.JMeterThread: Thread started: POST arrivals 1-364
2026-10-07 17:10:02,133 INFO o.a.j.r.Summariser: summary +     24 in 00:00:31 =    0.8/s Avg: 206792 Min: 133330 Max: 242339 Err:     7 (29.17%) Active: 182 Started: 457 Finished: 275
2026-10-07 17:10:02,133 INFO o.a.j.r.Summariser: summary =    276 in 00:09:54 =    0.5/s Avg: 120338 Min:    29 Max: 242339 Err:    10 (3.62%)
2026-10-07 17:10:02,134 INFO o.a.j.t.JMeterThread: Thread is done: POST arrivals 1-211
2026-10-07 17:10:02,134 INFO o.a.j.t.JMeterThread: Thread finished: POST arrivals 1-211
2026-10-07 17:10:02,556 INFO o.a.j.t.JMeterThread: Thread started: POST arrivals 1-365
2026-10-07 17:10:03,632 INFO o.a.j.t.JMeterThread: Thread is done: POST arrivals 1-212
2026-10-07 17:10:03,632 INFO o.a.j.t.JMeterThread: Thread finished: POST arrivals 1-212
2026-10-07 17:10:04,145 INFO o.a.j.t.JMeterThread: Thread started: POST arrivals 1-366
2026-10-07 17:10:04,283 INFO o.a.j.t.JMeterThread: Thread started: POST arrivals 1-367
2026-10-07 17:10:04,980 INFO o.a.j.t.JMeterThread: Thread started: POST arrivals 1-368
2026-10-07 17:10:05,411 INFO o.a.j.t.JMeterThread: Thread is done: POST arrivals 1-213
2026-10-07 17:10:05,411 INFO o.a.j.t.JMeterThread: Thread finished: POST arrivals 1-213
2026-10-07 17:10:07,692 INFO o.a.j.t.JMeterThread: Thread started: POST arrivals 1-369
2026-10-07 17:10:08,190 INFO o.a.j.t.JMeterThread: Thread is done: POST arrivals 1-214
2026-10-07 17:10:08,191 INFO o.a.j.t.JMeterThread: Thread finished: POST arrivals 1-214
2026-10-07 17:10:08,796 INFO o.a.j.t.JMeterThread: Thread started: Search arrivals 2-75
2026-10-07 17:10:09,537 INFO o.a.j.t.JMeterThread: Thread is done: POST arrivals 1-280
2026-10-07 17:10:09,537 INFO o.a.j.t.JMeterThread: Thread finished: POST arrivals 1-280
2026-10-07 17:10:09,547 INFO o.a.j.t.JMeterThread: Thread started: POST arrivals 1-370
2026-10-07 17:10:10,390 INFO o.a.j.t.JMeterThread: Thread is done: POST arrivals 1-215
2026-10-07 17:10:10,390 INFO o.a.j.t.JMeterThread: Thread finished: POST arrivals 1-215
2026-10-07 17:10:12,222 INFO o.a.j.t.JMeterThread: Thread started: POST arrivals 1-371
2026-10-07 17:10:12,323 INFO o.a.j.t.JMeterThread: Thread is done: POST arrivals 1-216
2026-10-07 17:10:12,323 INFO o.a.j.t.JMeterThread: Thread finished: POST arrivals 1-216
2026-10-07 17:10:12,606 INFO o.a.j.t.JMeterThread: Thread started: POST arrivals 1-372
2026-10-07 17:10:14,761 INFO o.a.j.t.JMeterThread: Thread started: POST arrivals 1-373
2026-10-07 17:10:14,974 INFO o.a.j.t.JMeterThread: Thread started: POST arrivals 1-374
2026-10-07 17:10:17,053 INFO o.a.j.t.JMeterThread: Thread started: POST arrivals 1-375
2026-10-07 17:10:17,576 INFO o.a.j.t.JMeterThread: Thread started: POST arrivals 1-376
2026-10-07 17:10:18,287 INFO o.a.j.t.JMeterThread: Thread is done: POST arrivals 1-217
2026-10-07 17:10:18,287 INFO o.a.j.t.JMeterThread: Thread finished: POST arrivals 1-217
2026-10-07 17:10:19,429 INFO o.a.j.t.JMeterThread: Thread started: POST arrivals 1-377
2026-10-07 17:10:20,208 INFO o.a.j.t.JMeterThread: Thread started: POST arrivals 1-378
2026-10-07 17:10:20,651 INFO o.a.j.t.JMeterThread: Thread started: POST arrivals 1-379
2026-10-07 17:10:23,692 INFO o.a.j.t.JMeterThread: Thread is done: POST arrivals 1-218
2026-10-07 17:10:23,692 INFO o.a.j.t.JMeterThread: Thread finished: POST arrivals 1-218
2026-10-07 17:10:25,364 INFO o.a.j.t.JMeterThread: Thread is done: POST arrivals 1-219
2026-10-07 17:10:25,364 INFO o.a.j.t.JMeterThread: Thread finished: POST arrivals 1-219
2026-10-07 17:10:25,922 INFO o.a.j.t.JMeterThread: Thread is done: POST arrivals 1-289
2026-10-07 17:10:25,922 INFO o.a.j.t.JMeterThread: Thread finished: POST arrivals 1-289
2026-10-07 17:10:26,469 INFO o.a.j.t.JMeterThread: Thread started: POST arrivals 1-380
2026-10-07 17:10:27,477 INFO o.a.j.t.JMeterThread: Thread started: POST arrivals 1-381
2026-10-07 17:10:27,938 INFO o.a.j.t.JMeterThread: Thread is done: POST arrivals 1-220
2026-10-07 17:10:27,938 INFO o.a.j.t.JMeterThread: Thread finished: POST arrivals 1-220
2026-10-07 17:10:30,089 INFO o.a.j.r.Summariser: summary +     12 in 00:00:28 =    0.4/s Avg: 230612 Min: 133649 Max: 257336 Err:     2 (16.67%) Active: 188 Started: 475 Finished: 287
2026-10-07 17:10:30,089 INFO o.a.j.r.Summariser: summary =    288 in 00:10:22 =    0.5/s Avg: 124933 Min:    29 Max: 257336 Err:    12 (4.17%)
2026-10-07 17:10:30,089 INFO o.a.j.t.JMeterThread: Thread is done: POST arrivals 1-221
2026-10-07 17:10:30,089 INFO o.a.j.t.JMeterThread: Thread finished: POST arrivals 1-221
2026-10-07 17:10:30,319 INFO o.a.j.t.JMeterThread: Thread started: POST arrivals 1-382
2026-10-07 17:10:30,813 INFO o.a.j.t.JMeterThread: Thread started: Search arrivals 2-76
2026-10-07 17:10:32,241 INFO o.a.j.t.JMeterThread: Thread started: POST arrivals 1-383
2026-10-07 17:10:32,495 INFO o.a.j.t.JMeterThread: Thread started: POST arrivals 1-384
2026-10-07 17:10:32,752 INFO o.a.j.t.JMeterThread: Thread started: POST arrivals 1-385
2026-10-07 17:10:33,431 INFO o.a.j.t.JMeterThread: Thread is done: POST arrivals 1-222
2026-10-07 17:10:33,432 INFO o.a.j.t.JMeterThread: Thread finished: POST arrivals 1-222
2026-10-07 17:10:33,574 INFO o.a.j.t.JMeterThread: Thread started: Search arrivals 2-77
2026-10-07 17:10:34,869 INFO o.a.j.t.JMeterThread: Thread started: POST arrivals 1-386
2026-10-07 17:10:35,268 INFO o.a.j.t.JMeterThread: Thread is done: POST arrivals 1-223
2026-10-07 17:10:35,268 INFO o.a.j.t.JMeterThread: Thread finished: POST arrivals 1-223
2026-10-07 17:10:35,540 INFO o.a.j.t.JMeterThread: Thread started: POST arrivals 1-387
2026-10-07 17:10:35,898 INFO o.a.j.t.JMeterThread: Thread started: POST arrivals 1-388
2026-10-07 17:10:36,725 INFO o.a.j.t.JMeterThread: Thread started: Stats arrivals 3-20
2026-10-07 17:10:36,926 INFO o.a.j.t.JMeterThread: Thread is done: POST arrivals 1-224
2026-10-07 17:10:36,926 INFO o.a.j.t.JMeterThread: Thread finished: POST arrivals 1-224
2026-10-07 17:10:37,436 INFO o.a.j.t.JMeterThread: Thread started: POST arrivals 1-389
2026-10-07 17:10:38,330 INFO o.a.j.t.JMeterThread: Thread is done: POST arrivals 1-225
2026-10-07 17:10:38,330 INFO o.a.j.t.JMeterThread: Thread finished: POST arrivals 1-225
2026-10-07 17:10:39,477 INFO o.a.j.t.JMeterThread: Thread started: POST arrivals 1-390
2026-10-07 17:10:39,627 INFO o.a.j.t.JMeterThread: Thread started: Search arrivals 2-78
2026-10-07 17:10:40,055 INFO o.a.j.t.JMeterThread: Thread is done: POST arrivals 1-226
2026-10-07 17:10:40,055 INFO o.a.j.t.JMeterThread: Thread finished: POST arrivals 1-226
2026-10-07 17:10:40,721 INFO o.a.j.t.JMeterThread: Thread started: POST arrivals 1-391
2026-10-07 17:10:41,653 INFO o.a.j.t.JMeterThread: Thread is done: POST arrivals 1-227
2026-10-07 17:10:41,653 INFO o.a.j.t.JMeterThread: Thread finished: POST arrivals 1-227
2026-10-07 17:10:44,253 INFO o.a.j.t.JMeterThread: Thread is done: POST arrivals 1-228
2026-10-07 17:10:44,253 INFO o.a.j.t.JMeterThread: Thread finished: POST arrivals 1-228
2026-10-07 17:10:44,354 INFO o.a.j.t.JMeterThread: Thread is done: Search arrivals 2-60
2026-10-07 17:10:44,354 INFO o.a.j.t.JMeterThread: Thread finished: Search arrivals 2-60
2026-10-07 17:10:44,355 INFO o.a.j.t.JMeterThread: Thread is done: Search arrivals 2-59
2026-10-07 17:10:44,355 INFO o.a.j.t.JMeterThread: Thread finished: Search arrivals 2-59
2026-10-07 17:10:44,357 INFO o.a.j.t.JMeterThread: Thread is done: POST arrivals 1-298
2026-10-07 17:10:44,357 INFO o.a.j.t.JMeterThread: Thread finished: POST arrivals 1-298
2026-10-07 17:10:45,047 INFO o.a.j.t.JMeterThread: Thread started: POST arrivals 1-392
2026-10-07 17:10:49,481 INFO o.a.j.t.JMeterThread: Thread is done: POST arrivals 1-229
2026-10-07 17:10:49,482 INFO o.a.j.t.JMeterThread: Thread finished: POST arrivals 1-229
2026-10-07 17:10:49,511 INFO o.a.j.t.JMeterThread: Thread is done: Stats arrivals 3-14
2026-10-07 17:10:49,511 INFO o.a.j.t.JMeterThread: Thread finished: Stats arrivals 3-14
2026-10-07 17:10:49,577 INFO o.a.j.t.JMeterThread: Thread is done: Search arrivals 2-43
2026-10-07 17:10:49,577 INFO o.a.j.t.JMeterThread: Thread finished: Search arrivals 2-43
2026-10-07 17:10:50,496 INFO o.a.j.t.JMeterThread: Thread is done: Search arrivals 2-62
2026-10-07 17:10:50,496 INFO o.a.j.t.JMeterThread: Thread finished: Search arrivals 2-62
2026-10-07 17:10:50,497 INFO o.a.j.t.JMeterThread: Thread is done: POST arrivals 1-302
2026-10-07 17:10:50,497 INFO o.a.j.t.JMeterThread: Thread finished: POST arrivals 1-302
2026-10-07 17:10:50,572 INFO o.a.j.t.JMeterThread: Thread started: Search arrivals 2-79
2026-10-07 17:10:51,627 INFO o.a.j.t.JMeterThread: Thread started: POST arrivals 1-393
2026-10-07 17:10:52,460 INFO o.a.j.t.JMeterThread: Thread started: POST arrivals 1-394
2026-10-07 17:10:52,550 INFO o.a.j.t.JMeterThread: Thread is done: POST arrivals 1-304
2026-10-07 17:10:52,550 INFO o.a.j.t.JMeterThread: Thread finished: POST arrivals 1-304
2026-10-07 17:10:54,748 INFO o.a.j.t.JMeterThread: Thread is done: POST arrivals 1-230
2026-10-07 17:10:54,748 INFO o.a.j.t.JMeterThread: Thread finished: POST arrivals 1-230
2026-10-07 17:10:56,640 INFO o.a.j.t.JMeterThread: Thread is done: POST arrivals 1-307
2026-10-07 17:10:56,641 INFO o.a.j.t.JMeterThread: Thread finished: POST arrivals 1-307
2026-10-07 17:10:56,804 INFO o.a.j.t.JMeterThread: Thread is done: POST arrivals 1-231
2026-10-07 17:10:56,804 INFO o.a.j.t.JMeterThread: Thread finished: POST arrivals 1-231
2026-10-07 17:10:58,765 INFO o.a.j.t.JMeterThread: Thread started: POST arrivals 1-395
2026-10-07 17:10:59,819 INFO o.a.j.t.JMeterThread: Thread is done: POST arrivals 1-232
2026-10-07 17:10:59,819 INFO o.a.j.t.JMeterThread: Thread finished: POST arrivals 1-232
2026-10-07 17:11:00,736 INFO o.a.j.r.Summariser: summary +     21 in 00:00:31 =    0.7/s Avg: 208723 Min: 107538 Max: 262155 Err:     8 (38.10%) Active: 186 Started: 494 Finished: 308
2026-10-07 17:11:00,736 INFO o.a.j.t.JMeterThread: Thread is done: POST arrivals 1-284
2026-10-07 17:11:00,737 INFO o.a.j.t.JMeterThread: Thread finished: POST arrivals 1-284
2026-10-07 17:11:00,737 INFO o.a.j.r.Summariser: summary =    309 in 00:10:53 =    0.5/s Avg: 130627 Min:    29 Max: 262155 Err:    20 (6.47%)
2026-10-07 17:11:00,738 INFO o.a.j.t.JMeterThread: Thread is done: POST arrivals 1-334
2026-10-07 17:11:00,738 INFO o.a.j.t.JMeterThread: Thread finished: POST arrivals 1-334
2026-10-07 17:11:01,428 INFO o.a.j.t.JMeterThread: Thread started: Search arrivals 2-80
2026-10-07 17:11:01,534 INFO o.a.j.t.JMeterThread: Thread started: POST arrivals 1-396
2026-10-07 17:11:01,691 INFO o.a.j.t.JMeterThread: Thread started: POST arrivals 1-397
2026-10-07 17:11:03,100 INFO o.a.j.t.JMeterThread: Thread is done: POST arrivals 1-233
2026-10-07 17:11:03,100 INFO o.a.j.t.JMeterThread: Thread finished: POST arrivals 1-233
2026-10-07 17:11:03,447 INFO o.a.j.t.JMeterThread: Thread started: POST arrivals 1-398
2026-10-07 17:11:04,789 INFO o.a.j.t.JMeterThread: Thread is done: POST arrivals 1-234
2026-10-07 17:11:04,789 INFO o.a.j.t.JMeterThread: Thread finished: POST arrivals 1-234
2026-10-07 17:11:06,884 INFO o.a.j.t.JMeterThread: Thread is done: POST arrivals 1-316
2026-10-07 17:11:06,884 INFO o.a.j.t.JMeterThread: Thread finished: POST arrivals 1-316
2026-10-07 17:11:07,062 INFO o.a.j.t.JMeterThread: Thread started: POST arrivals 1-399
2026-10-07 17:11:07,083 INFO o.a.j.t.JMeterThread: Thread is done: POST arrivals 1-235
2026-10-07 17:11:07,083 INFO o.a.j.t.JMeterThread: Thread finished: POST arrivals 1-235
2026-10-07 17:11:07,604 INFO o.a.j.t.JMeterThread: Thread started: POST arrivals 1-400
2026-10-07 17:11:08,935 INFO o.a.j.t.JMeterThread: Thread is done: POST arrivals 1-317
2026-10-07 17:11:08,935 INFO o.a.j.t.JMeterThread: Thread finished: POST arrivals 1-317
2026-10-07 17:11:09,772 INFO o.a.j.t.JMeterThread: Thread started: POST arrivals 1-401
2026-10-07 17:11:10,169 INFO o.a.j.t.JMeterThread: Thread started: POST arrivals 1-402
2026-10-07 17:11:10,277 INFO o.a.j.t.JMeterThread: Thread started: POST arrivals 1-403
2026-10-07 17:11:10,310 INFO o.a.j.t.JMeterThread: Thread started: POST arrivals 1-404
2026-10-07 17:11:10,877 INFO o.a.j.t.JMeterThread: Thread started: POST arrivals 1-405
2026-10-07 17:11:11,390 INFO o.a.j.t.JMeterThread: Thread is done: POST arrivals 1-236
2026-10-07 17:11:11,390 INFO o.a.j.t.JMeterThread: Thread finished: POST arrivals 1-236
2026-10-07 17:11:11,898 INFO o.a.j.t.JMeterThread: Thread started: POST arrivals 1-406
2026-10-07 17:11:12,399 INFO o.a.j.t.JMeterThread: Thread is done: POST arrivals 1-237
2026-10-07 17:11:12,399 INFO o.a.j.t.JMeterThread: Thread finished: POST arrivals 1-237
2026-10-07 17:11:13,025 INFO o.a.j.t.JMeterThread: Thread is done: Search arrivals 2-66
2026-10-07 17:11:13,025 INFO o.a.j.t.JMeterThread: Thread finished: Search arrivals 2-66
2026-10-07 17:11:13,027 INFO o.a.j.t.JMeterThread: Thread is done: POST arrivals 1-323
2026-10-07 17:11:13,027 INFO o.a.j.t.JMeterThread: Thread finished: POST arrivals 1-323
2026-10-07 17:11:13,028 INFO o.a.j.t.JMeterThread: Thread is done: POST arrivals 1-324
2026-10-07 17:11:13,028 INFO o.a.j.t.JMeterThread: Thread finished: POST arrivals 1-324
2026-10-07 17:11:13,029 INFO o.a.j.t.JMeterThread: Thread is done: POST arrivals 1-322
2026-10-07 17:11:13,030 INFO o.a.j.t.JMeterThread: Thread finished: POST arrivals 1-322
2026-10-07 17:11:15,072 INFO o.a.j.t.JMeterThread: Thread is done: POST arrivals 1-325
2026-10-07 17:11:15,072 INFO o.a.j.t.JMeterThread: Thread is done: POST arrivals 1-327
2026-10-07 17:11:15,073 INFO o.a.j.t.JMeterThread: Thread finished: POST arrivals 1-325
2026-10-07 17:11:15,073 INFO o.a.j.t.JMeterThread: Thread finished: POST arrivals 1-327
2026-10-07 17:11:15,091 INFO o.a.j.t.JMeterThread: Thread is done: POST arrivals 1-238
2026-10-07 17:11:15,091 INFO o.a.j.t.JMeterThread: Thread finished: POST arrivals 1-238
2026-10-07 17:11:17,124 INFO o.a.j.t.JMeterThread: Thread is done: Search arrivals 2-68
2026-10-07 17:11:17,124 INFO o.a.j.t.JMeterThread: Thread finished: Search arrivals 2-68
2026-10-07 17:11:17,125 INFO o.a.j.t.JMeterThread: Thread is done: POST arrivals 1-329
2026-10-07 17:11:17,125 INFO o.a.j.t.JMeterThread: Thread finished: POST arrivals 1-329
2026-10-07 17:11:17,125 INFO o.a.j.t.JMeterThread: Thread is done: POST arrivals 1-330
2026-10-07 17:11:17,125 INFO o.a.j.t.JMeterThread: Thread finished: POST arrivals 1-330
2026-10-07 17:11:17,125 INFO o.a.j.t.JMeterThread: Thread is done: POST arrivals 1-328
2026-10-07 17:11:17,125 INFO o.a.j.t.JMeterThread: Thread finished: POST arrivals 1-328
2026-10-07 17:11:17,207 INFO o.a.j.t.JMeterThread: Thread started: POST arrivals 1-407
2026-10-07 17:11:18,678 INFO o.a.j.t.JMeterThread: Thread is done: POST arrivals 1-239
2026-10-07 17:11:18,679 INFO o.a.j.t.JMeterThread: Thread finished: POST arrivals 1-239
2026-10-07 17:11:18,703 INFO o.a.j.t.JMeterThread: Thread is done: Stats arrivals 3-15
2026-10-07 17:11:18,703 INFO o.a.j.t.JMeterThread: Thread finished: Stats arrivals 3-15
2026-10-07 17:11:19,312 INFO o.a.j.t.JMeterThread: Thread started: POST arrivals 1-408
2026-10-07 17:11:19,725 INFO o.a.j.t.JMeterThread: Thread started: POST arrivals 1-409
2026-10-07 17:11:21,218 INFO o.a.j.t.JMeterThread: Thread is done: POST arrivals 1-331
2026-10-07 17:11:21,218 INFO o.a.j.t.JMeterThread: Thread finished: POST arrivals 1-331
2026-10-07 17:11:23,030 INFO o.a.j.t.JMeterThread: Thread started: POST arrivals 1-410
2026-10-07 17:11:23,112 INFO o.a.j.t.JMeterThread: Thread is done: POST arrivals 1-240
2026-10-07 17:11:23,112 INFO o.a.j.t.JMeterThread: Thread finished: POST arrivals 1-240
2026-10-07 17:11:23,264 INFO o.a.j.t.JMeterThread: Thread is done: POST arrivals 1-332
2026-10-07 17:11:23,264 INFO o.a.j.t.JMeterThread: Thread finished: POST arrivals 1-332
2026-10-07 17:11:24,999 INFO o.a.j.t.JMeterThread: Thread started: POST arrivals 1-411
2026-10-07 17:11:25,640 INFO o.a.j.t.JMeterThread: Thread started: Search arrivals 2-81
2026-10-07 17:11:26,484 INFO o.a.j.t.JMeterThread: Thread is done: POST arrivals 1-241
2026-10-07 17:11:26,484 INFO o.a.j.t.JMeterThread: Thread finished: POST arrivals 1-241
2026-10-07 17:11:27,362 INFO o.a.j.t.JMeterThread: Thread is done: POST arrivals 1-335
2026-10-07 17:11:27,362 INFO o.a.j.t.JMeterThread: Thread is done: POST arrivals 1-333
2026-10-07 17:11:27,363 INFO o.a.j.t.JMeterThread: Thread finished: POST arrivals 1-335
2026-10-07 17:11:27,363 INFO o.a.j.t.JMeterThread: Thread finished: POST arrivals 1-333
2026-10-07 17:11:28,340 INFO o.a.j.t.JMeterThread: Thread is done: POST arrivals 1-242
2026-10-07 17:11:28,340 INFO o.a.j.t.JMeterThread: Thread finished: POST arrivals 1-242
2026-10-07 17:11:30,204 INFO o.a.j.t.JMeterThread: Thread started: POST arrivals 1-412
2026-10-07 17:11:31,945 INFO o.a.j.r.Summariser: summary +     29 in 00:00:31 =    0.9/s Avg: 193535 Min: 133374 Max: 284208 Err:    17 (58.62%) Active: 176 Started: 513 Finished: 337
2026-10-07 17:11:31,946 INFO o.a.j.r.Summariser: summary =    338 in 00:11:24 =    0.5/s Avg: 136025 Min:    29 Max: 284208 Err:    37 (10.95%)
2026-10-07 17:11:31,947 INFO o.a.j.t.JMeterThread: Thread is done: POST arrivals 1-243
2026-10-07 17:11:31,947 INFO o.a.j.t.JMeterThread: Thread finished: POST arrivals 1-243
2026-10-07 17:11:32,239 INFO o.a.j.t.JMeterThread: Thread started: POST arrivals 1-413
2026-10-07 17:11:32,368 INFO o.a.j.t.JMeterThread: Thread started: Search arrivals 2-82
2026-10-07 17:11:33,109 INFO o.a.j.t.JMeterThread: Thread is done: POST arrivals 1-244
2026-10-07 17:11:33,109 INFO o.a.j.t.JMeterThread: Thread finished: POST arrivals 1-244
2026-10-07 17:11:34,420 INFO o.a.j.t.JMeterThread: Thread is done: POST arrivals 1-245
2026-10-07 17:11:34,420 INFO o.a.j.t.JMeterThread: Thread finished: POST arrivals 1-245
2026-10-07 17:11:36,825 INFO o.a.j.t.JMeterThread: Thread is done: POST arrivals 1-246
2026-10-07 17:11:36,825 INFO o.a.j.t.JMeterThread: Thread finished: POST arrivals 1-246
2026-10-07 17:11:36,868 INFO o.a.j.t.JMeterThread: Thread is done: Search arrivals 2-44
2026-10-07 17:11:36,868 INFO o.a.j.t.JMeterThread: Thread finished: Search arrivals 2-44
2026-10-07 17:11:38,055 INFO o.a.j.t.JMeterThread: Thread started: POST arrivals 1-414
2026-10-07 17:11:38,102 INFO o.a.j.t.JMeterThread: Thread started: Search arrivals 2-83
2026-10-07 17:11:38,650 INFO o.a.j.t.JMeterThread: Thread is done: POST arrivals 1-247
2026-10-07 17:11:38,650 INFO o.a.j.t.JMeterThread: Thread finished: POST arrivals 1-247
2026-10-07 17:11:40,625 INFO o.a.j.t.JMeterThread: Thread is done: POST arrivals 1-248
2026-10-07 17:11:40,626 INFO o.a.j.t.JMeterThread: Thread finished: POST arrivals 1-248
2026-10-07 17:11:40,663 INFO o.a.j.t.JMeterThread: Thread is done: Search arrivals 2-45
2026-10-07 17:11:40,663 INFO o.a.j.t.JMeterThread: Thread finished: Search arrivals 2-45
2026-10-07 17:11:40,880 INFO o.a.j.t.JMeterThread: Thread started: POST arrivals 1-415
2026-10-07 17:11:41,696 INFO o.a.j.t.JMeterThread: Thread is done: POST arrivals 1-312
2026-10-07 17:11:41,696 INFO o.a.j.t.JMeterThread: Thread finished: POST arrivals 1-312
2026-10-07 17:11:42,199 INFO o.a.j.t.JMeterThread: Thread started: POST arrivals 1-416
2026-10-07 17:11:43,131 INFO o.a.j.t.JMeterThread: Thread is done: POST arrivals 1-251
2026-10-07 17:11:43,131 INFO o.a.j.t.JMeterThread: Thread finished: POST arrivals 1-251
2026-10-07 17:11:43,165 INFO o.a.j.t.JMeterThread: Thread is done: Search arrivals 2-46
2026-10-07 17:11:43,165 INFO o.a.j.t.JMeterThread: Thread finished: Search arrivals 2-46
2026-10-07 17:11:44,267 INFO o.a.j.t.JMeterThread: Thread started: POST arrivals 1-417
2026-10-07 17:11:44,405 INFO o.a.j.t.JMeterThread: Thread started: POST arrivals 1-418
2026-10-07 17:11:44,990 INFO o.a.j.t.JMeterThread: Thread started: POST arrivals 1-419
2026-10-07 17:11:45,458 INFO o.a.j.t.JMeterThread: Thread started: Search arrivals 2-84
2026-10-07 17:11:46,438 INFO o.a.j.t.JMeterThread: Thread started: POST arrivals 1-420
2026-10-07 17:11:47,296 INFO o.a.j.t.JMeterThread: Thread started: POST arrivals 1-421
2026-10-07 17:11:49,111 INFO o.a.j.t.JMeterThread: Thread started: POST arrivals 1-422
2026-10-07 17:11:49,506 INFO o.a.j.t.JMeterThread: Thread is done: POST arrivals 1-253
2026-10-07 17:11:49,506 INFO o.a.j.t.JMeterThread: Thread finished: POST arrivals 1-253
2026-10-07 17:11:49,540 INFO o.a.j.t.JMeterThread: Thread is done: Search arrivals 2-47
2026-10-07 17:11:49,540 INFO o.a.j.t.JMeterThread: Thread finished: Search arrivals 2-47
2026-10-07 17:11:50,836 INFO o.a.j.t.JMeterThread: Thread started: Search arrivals 2-85
2026-10-07 17:11:50,840 INFO o.a.j.t.JMeterThread: Thread started: Search arrivals 2-86
2026-10-07 17:11:50,841 INFO o.a.j.t.o.EvenArrivalsRamp: Generating 0 events, beginRate = 0.0 / sec, endRate = 0.0 / sec, duration = 360.0 sec
2026-10-07 17:11:50,841 INFO o.a.j.t.o.OpenModelThreadGroup: There will be no more events, so will wait for 376 sec till the end of the schedule
2026-10-07 17:11:51,275 INFO o.a.j.t.JMeterThread: Thread started: POST arrivals 1-423
2026-10-07 17:11:51,742 INFO o.a.j.t.JMeterThread: Thread started: POST arrivals 1-424
2026-10-07 17:11:51,937 INFO o.a.j.t.JMeterThread: Thread is done: POST arrivals 1-343
2026-10-07 17:11:51,937 INFO o.a.j.t.JMeterThread: Thread finished: POST arrivals 1-343
2026-10-07 17:11:51,940 INFO o.a.j.t.JMeterThread: Thread started: POST arrivals 1-425
2026-10-07 17:11:52,179 INFO o.a.j.t.JMeterThread: Thread is done: POST arrivals 1-256
2026-10-07 17:11:52,179 INFO o.a.j.t.JMeterThread: Thread finished: POST arrivals 1-256
2026-10-07 17:11:52,996 INFO o.a.j.t.JMeterThread: Thread started: POST arrivals 1-426
2026-10-07 17:11:53,983 INFO o.a.j.t.JMeterThread: Thread is done: Stats arrivals 3-18
2026-10-07 17:11:53,983 INFO o.a.j.t.JMeterThread: Thread finished: Stats arrivals 3-18
2026-10-07 17:11:53,984 INFO o.a.j.t.JMeterThread: Thread is done: POST arrivals 1-344
2026-10-07 17:11:53,985 INFO o.a.j.t.JMeterThread: Thread finished: POST arrivals 1-344
2026-10-07 17:11:55,884 INFO o.a.j.t.JMeterThread: Thread started: POST arrivals 1-427
2026-10-07 17:11:55,886 INFO o.a.j.t.JMeterThread: Thread started: Stats arrivals 3-21
2026-10-07 17:11:55,887 INFO o.a.j.t.o.EvenArrivalsRamp: Generating 0 events, beginRate = 0.0 / sec, endRate = 0.0 / sec, duration = 360.0 sec
2026-10-07 17:11:55,887 INFO o.a.j.t.o.OpenModelThreadGroup: There will be no more events, so will wait for 371 sec till the end of the schedule
2026-10-07 17:11:56,028 INFO o.a.j.t.JMeterThread: Thread is done: Search arrivals 2-69
2026-10-07 17:11:56,028 INFO o.a.j.t.JMeterThread: Thread finished: Search arrivals 2-69
2026-10-07 17:11:56,028 INFO o.a.j.t.JMeterThread: Thread is done: POST arrivals 1-348
2026-10-07 17:11:56,028 INFO o.a.j.t.JMeterThread: Thread finished: POST arrivals 1-348
2026-10-07 17:11:56,029 INFO o.a.j.t.JMeterThread: Thread is done: POST arrivals 1-347
2026-10-07 17:11:56,029 INFO o.a.j.t.JMeterThread: Thread finished: POST arrivals 1-347
2026-10-07 17:11:56,083 INFO o.a.j.t.JMeterThread: Thread started: POST arrivals 1-428
2026-10-07 17:11:56,860 INFO o.a.j.t.JMeterThread: Thread is done: POST arrivals 1-255
2026-10-07 17:11:56,861 INFO o.a.j.t.JMeterThread: Thread finished: POST arrivals 1-255
2026-10-07 17:11:56,901 INFO o.a.j.t.JMeterThread: Thread is done: Search arrivals 2-48
2026-10-07 17:11:56,901 INFO o.a.j.t.JMeterThread: Thread finished: Search arrivals 2-48
2026-10-07 17:11:57,048 INFO o.a.j.t.JMeterThread: Thread started: POST arrivals 1-429
2026-10-07 17:11:58,079 INFO o.a.j.t.JMeterThread: Thread is done: POST arrivals 1-350
2026-10-07 17:11:58,079 INFO o.a.j.t.JMeterThread: Thread is done: POST arrivals 1-349
2026-10-07 17:11:58,079 INFO o.a.j.t.JMeterThread: Thread finished: POST arrivals 1-350
2026-10-07 17:11:58,079 INFO o.a.j.t.JMeterThread: Thread finished: POST arrivals 1-349
2026-10-07 17:11:59,144 INFO o.a.j.t.JMeterThread: Thread is done: POST arrivals 1-252
2026-10-07 17:11:59,144 INFO o.a.j.t.JMeterThread: Thread finished: POST arrivals 1-252
2026-10-07 17:12:00,127 INFO o.a.j.r.Summariser: summary +     25 in 00:00:28 =    0.9/s Avg: 225045 Min: 133441 Max: 294002 Err:    10 (40.00%) Active: 174 Started: 536 Finished: 362
2026-10-07 17:12:00,128 INFO o.a.j.r.Summariser: summary =    363 in 00:11:52 =    0.5/s Avg: 142155 Min:    29 Max: 294002 Err:    47 (12.95%)
2026-10-07 17:12:00,129 INFO o.a.j.t.JMeterThread: Thread is done: Stats arrivals 3-19
2026-10-07 17:12:00,129 INFO o.a.j.t.JMeterThread: Thread finished: Stats arrivals 3-19
2026-10-07 17:12:02,523 INFO o.a.j.t.JMeterThread: Thread started: POST arrivals 1-430
2026-10-07 17:12:02,837 INFO o.a.j.t.JMeterThread: Thread is done: POST arrivals 1-260
2026-10-07 17:12:02,837 INFO o.a.j.t.JMeterThread: Thread finished: POST arrivals 1-260
2026-10-07 17:12:03,924 INFO o.a.j.t.JMeterThread: Thread started: POST arrivals 1-431
2026-10-07 17:12:04,177 INFO o.a.j.t.JMeterThread: Thread started: POST arrivals 1-432
2026-10-07 17:12:04,177 INFO o.a.j.t.o.EvenArrivalsRamp: Generating 0 events, beginRate = 0.0 / sec, endRate = 0.0 / sec, duration = 360.0 sec
2026-10-07 17:12:04,177 INFO o.a.j.t.o.OpenModelThreadGroup: There will be no more events, so will wait for 363 sec till the end of the schedule
2026-10-07 17:12:07,522 INFO o.a.j.t.JMeterThread: Thread is done: POST arrivals 1-261
2026-10-07 17:12:07,522 INFO o.a.j.t.JMeterThread: Thread finished: POST arrivals 1-261
2026-10-07 17:12:08,319 INFO o.a.j.t.JMeterThread: Thread is done: Search arrivals 2-72
2026-10-07 17:12:08,319 INFO o.a.j.t.JMeterThread: Thread finished: Search arrivals 2-72
2026-10-07 17:12:10,367 INFO o.a.j.t.JMeterThread: Thread is done: Search arrivals 2-73
2026-10-07 17:12:10,367 INFO o.a.j.t.JMeterThread: Thread finished: Search arrivals 2-73
2026-10-07 17:12:10,368 INFO o.a.j.t.JMeterThread: Thread is done: POST arrivals 1-356
2026-10-07 17:12:10,368 INFO o.a.j.t.JMeterThread: Thread finished: POST arrivals 1-356
2026-10-07 17:12:12,414 INFO o.a.j.t.JMeterThread: Thread is done: POST arrivals 1-359
2026-10-07 17:12:12,414 INFO o.a.j.t.JMeterThread: Thread finished: POST arrivals 1-359
2026-10-07 17:12:12,414 INFO o.a.j.t.JMeterThread: Thread is done: POST arrivals 1-360
2026-10-07 17:12:12,414 INFO o.a.j.t.JMeterThread: Thread finished: POST arrivals 1-360
2026-10-07 17:12:12,415 INFO o.a.j.t.JMeterThread: Thread is done: POST arrivals 1-358
2026-10-07 17:12:12,415 INFO o.a.j.t.JMeterThread: Thread finished: POST arrivals 1-358
2026-10-07 17:12:12,703 INFO o.a.j.t.JMeterThread: Thread is done: POST arrivals 1-262
2026-10-07 17:12:12,703 INFO o.a.j.t.JMeterThread: Thread finished: POST arrivals 1-262
2026-10-07 17:12:14,461 INFO o.a.j.t.JMeterThread: Thread is done: POST arrivals 1-362
2026-10-07 17:12:14,462 INFO o.a.j.t.JMeterThread: Thread finished: POST arrivals 1-362
2026-10-07 17:12:14,759 INFO o.a.j.t.JMeterThread: Thread is done: POST arrivals 1-263
2026-10-07 17:12:14,760 INFO o.a.j.t.JMeterThread: Thread finished: POST arrivals 1-263
2026-10-07 17:12:16,510 INFO o.a.j.t.JMeterThread: Thread is done: POST arrivals 1-364
2026-10-07 17:12:16,510 INFO o.a.j.t.JMeterThread: Thread finished: POST arrivals 1-364
2026-10-07 17:12:16,510 INFO o.a.j.t.JMeterThread: Thread is done: POST arrivals 1-365
2026-10-07 17:12:16,511 INFO o.a.j.t.JMeterThread: Thread finished: POST arrivals 1-365
2026-10-07 17:12:17,061 INFO o.a.j.t.JMeterThread: Thread is done: POST arrivals 1-268
2026-10-07 17:12:17,062 INFO o.a.j.t.JMeterThread: Thread finished: POST arrivals 1-268
2026-10-07 17:12:18,559 INFO o.a.j.t.JMeterThread: Thread is done: POST arrivals 1-367
2026-10-07 17:12:18,559 INFO o.a.j.t.JMeterThread: Thread finished: POST arrivals 1-367
2026-10-07 17:12:18,559 INFO o.a.j.t.JMeterThread: Thread is done: POST arrivals 1-368
2026-10-07 17:12:18,559 INFO o.a.j.t.JMeterThread: Thread finished: POST arrivals 1-368
2026-10-07 17:12:19,741 INFO o.a.j.t.JMeterThread: Thread is done: POST arrivals 1-267
2026-10-07 17:12:19,741 INFO o.a.j.t.JMeterThread: Thread finished: POST arrivals 1-267
2026-10-07 17:12:20,006 INFO o.a.j.t.JMeterThread: Thread is done: POST arrivals 1-258
2026-10-07 17:12:20,006 INFO o.a.j.t.JMeterThread: Thread finished: POST arrivals 1-258
2026-10-07 17:12:22,654 INFO o.a.j.t.JMeterThread: Thread is done: POST arrivals 1-369
2026-10-07 17:12:22,654 INFO o.a.j.t.JMeterThread: Thread finished: POST arrivals 1-369
2026-10-07 17:12:25,012 INFO o.a.j.t.JMeterThread: Thread is done: POST arrivals 1-273
2026-10-07 17:12:25,012 INFO o.a.j.t.JMeterThread: Thread finished: POST arrivals 1-273
2026-10-07 17:12:25,057 INFO o.a.j.t.JMeterThread: Thread is done: Search arrivals 2-50
2026-10-07 17:12:25,057 INFO o.a.j.t.JMeterThread: Thread finished: Search arrivals 2-50
2026-10-07 17:12:26,751 INFO o.a.j.t.JMeterThread: Thread is done: POST arrivals 1-372
2026-10-07 17:12:26,751 INFO o.a.j.t.JMeterThread: Thread finished: POST arrivals 1-372
2026-10-07 17:12:26,751 INFO o.a.j.t.JMeterThread: Thread is done: POST arrivals 1-371
2026-10-07 17:12:26,751 INFO o.a.j.t.JMeterThread: Thread finished: POST arrivals 1-371
2026-10-07 17:12:28,936 INFO o.a.j.t.JMeterThread: Thread is done: POST arrivals 1-264
2026-10-07 17:12:28,936 INFO o.a.j.t.JMeterThread: Thread finished: POST arrivals 1-264
2026-10-07 17:12:29,826 INFO o.a.j.t.JMeterThread: Thread is done: POST arrivals 1-271
2026-10-07 17:12:29,827 INFO o.a.j.t.JMeterThread: Thread finished: POST arrivals 1-271
2026-10-07 17:12:30,847 INFO o.a.j.r.Summariser: summary +     26 in 00:00:31 =    0.8/s Avg: 198952 Min: 133575 Max: 300013 Err:    17 (65.38%) Active: 151 Started: 539 Finished: 388
2026-10-07 17:12:30,848 INFO o.a.j.r.Summariser: summary =    389 in 00:12:23 =    0.5/s Avg: 145952 Min:    29 Max: 300013 Err:    64 (16.45%)
2026-10-07 17:12:30,848 INFO o.a.j.t.JMeterThread: Thread is done: POST arrivals 1-375
2026-10-07 17:12:30,848 INFO o.a.j.t.JMeterThread: Thread finished: POST arrivals 1-375
2026-10-07 17:12:32,560 INFO o.a.j.t.JMeterThread: Thread is done: POST arrivals 1-265
2026-10-07 17:12:32,560 INFO o.a.j.t.JMeterThread: Thread finished: POST arrivals 1-265
2026-10-07 17:12:33,056 INFO o.a.j.t.JMeterThread: Thread is done: Search arrivals 2-49
2026-10-07 17:12:33,056 INFO o.a.j.t.JMeterThread: Thread finished: Search arrivals 2-49
2026-10-07 17:12:34,086 INFO o.a.j.t.JMeterThread: Thread is done: POST arrivals 1-272
2026-10-07 17:12:34,086 INFO o.a.j.t.JMeterThread: Thread finished: POST arrivals 1-272
2026-10-07 17:12:34,940 INFO o.a.j.t.JMeterThread: Thread is done: POST arrivals 1-378
2026-10-07 17:12:34,940 INFO o.a.j.t.JMeterThread: Thread finished: POST arrivals 1-378
2026-10-07 17:12:37,442 INFO o.a.j.t.JMeterThread: Thread is done: POST arrivals 1-275
2026-10-07 17:12:37,442 INFO o.a.j.t.JMeterThread: Thread finished: POST arrivals 1-275
2026-10-07 17:12:41,087 INFO o.a.j.t.JMeterThread: Thread is done: POST arrivals 1-380
2026-10-07 17:12:41,087 INFO o.a.j.t.JMeterThread: Thread finished: POST arrivals 1-380
2026-10-07 17:12:41,087 INFO o.a.j.t.JMeterThread: Thread is done: POST arrivals 1-381
2026-10-07 17:12:41,087 INFO o.a.j.t.JMeterThread: Thread finished: POST arrivals 1-381
2026-10-07 17:12:41,531 INFO o.a.j.t.JMeterThread: Thread is done: POST arrivals 1-274
2026-10-07 17:12:41,531 INFO o.a.j.t.JMeterThread: Thread finished: POST arrivals 1-274
2026-10-07 17:12:42,161 INFO o.a.j.t.JMeterThread: Thread is done: POST arrivals 1-278
2026-10-07 17:12:42,161 INFO o.a.j.t.JMeterThread: Thread finished: POST arrivals 1-278
2026-10-07 17:12:42,220 INFO o.a.j.t.JMeterThread: Thread is done: Search arrivals 2-53
2026-10-07 17:12:42,230 INFO o.a.j.t.JMeterThread: Thread finished: Search arrivals 2-53
2026-10-07 17:12:45,186 INFO o.a.j.t.JMeterThread: Thread is done: POST arrivals 1-281
2026-10-07 17:12:45,186 INFO o.a.j.t.JMeterThread: Thread finished: POST arrivals 1-281
2026-10-07 17:12:46,892 INFO o.a.j.t.JMeterThread: Thread is done: Search arrivals 2-51
2026-10-07 17:12:46,892 INFO o.a.j.t.JMeterThread: Thread finished: Search arrivals 2-51
2026-10-07 17:12:47,230 INFO o.a.j.t.JMeterThread: Thread is done: POST arrivals 1-385
2026-10-07 17:12:47,230 INFO o.a.j.t.JMeterThread: Thread finished: POST arrivals 1-385
2026-10-07 17:12:47,231 INFO o.a.j.t.JMeterThread: Thread is done: Search arrivals 2-77
2026-10-07 17:12:47,231 INFO o.a.j.t.JMeterThread: Thread finished: Search arrivals 2-77
2026-10-07 17:12:47,755 INFO o.a.j.t.JMeterThread: Thread is done: POST arrivals 1-282
2026-10-07 17:12:47,755 INFO o.a.j.t.JMeterThread: Thread finished: POST arrivals 1-282
2026-10-07 17:12:47,788 INFO o.a.j.t.JMeterThread: Thread is done: Search arrivals 2-54
2026-10-07 17:12:47,788 INFO o.a.j.t.JMeterThread: Thread finished: Search arrivals 2-54
2026-10-07 17:12:49,490 INFO o.a.j.t.JMeterThread: Thread is done: POST arrivals 1-283
2026-10-07 17:12:49,490 INFO o.a.j.t.JMeterThread: Thread finished: POST arrivals 1-283
2026-10-07 17:12:49,758 INFO o.a.j.t.JMeterThread: Thread is done: Search arrivals 2-52
2026-10-07 17:12:49,758 INFO o.a.j.t.JMeterThread: Thread finished: Search arrivals 2-52
2026-10-07 17:12:51,329 INFO o.a.j.t.JMeterThread: Thread is done: Stats arrivals 3-20
2026-10-07 17:12:51,329 INFO o.a.j.t.JMeterThread: Thread finished: Stats arrivals 3-20
2026-10-07 17:12:53,375 INFO o.a.j.t.JMeterThread: Thread is done: POST arrivals 1-390
2026-10-07 17:12:53,375 INFO o.a.j.t.JMeterThread: Thread finished: POST arrivals 1-390
2026-10-07 17:12:54,564 INFO o.a.j.t.JMeterThread: Thread is done: POST arrivals 1-288
2026-10-07 17:12:54,564 INFO o.a.j.t.JMeterThread: Thread finished: POST arrivals 1-288
2026-10-07 17:12:55,223 INFO o.a.j.t.JMeterThread: Thread is done: POST arrivals 1-279
2026-10-07 17:12:55,223 INFO o.a.j.t.JMeterThread: Thread finished: POST arrivals 1-279
2026-10-07 17:13:00,405 INFO o.a.j.r.Summariser: summary +     23 in 00:00:30 =    0.8/s Avg: 245174 Min: 133606 Max: 300011 Err:    13 (56.52%) Active: 128 Started: 539 Finished: 411
2026-10-07 17:13:00,406 INFO o.a.j.r.Summariser: summary =    412 in 00:12:52 =    0.5/s Avg: 151491 Min:    29 Max: 300013 Err:    77 (18.69%)
2026-10-07 17:13:00,407 INFO o.a.j.t.JMeterThread: Thread is done: POST arrivals 1-287
2026-10-07 17:13:00,407 INFO o.a.j.t.JMeterThread: Thread finished: POST arrivals 1-287
2026-10-07 17:13:02,423 INFO o.a.j.t.JMeterThread: Thread is done: POST arrivals 1-286
2026-10-07 17:13:02,423 INFO o.a.j.t.JMeterThread: Thread finished: POST arrivals 1-286
2026-10-07 17:13:02,474 INFO o.a.j.t.JMeterThread: Thread is done: Search arrivals 2-56
2026-10-07 17:13:02,474 INFO o.a.j.t.JMeterThread: Thread finished: Search arrivals 2-56
2026-10-07 17:13:04,790 INFO o.a.j.t.JMeterThread: Thread is done: POST arrivals 1-285
2026-10-07 17:13:04,790 INFO o.a.j.t.JMeterThread: Thread finished: POST arrivals 1-285
2026-10-07 17:13:05,352 INFO o.a.j.t.JMeterThread: Thread is done: Stats arrivals 3-16
2026-10-07 17:13:05,352 INFO o.a.j.t.JMeterThread: Thread finished: Stats arrivals 3-16
2026-10-07 17:13:05,415 INFO o.a.j.t.JMeterThread: Thread is done: Search arrivals 2-55
2026-10-07 17:13:05,416 INFO o.a.j.t.JMeterThread: Thread finished: Search arrivals 2-55
2026-10-07 17:13:05,661 INFO o.a.j.t.JMeterThread: Thread is done: Search arrivals 2-79
2026-10-07 17:13:05,661 INFO o.a.j.t.JMeterThread: Thread finished: Search arrivals 2-79
2026-10-07 17:13:05,662 INFO o.a.j.t.JMeterThread: Thread is done: POST arrivals 1-393
2026-10-07 17:13:05,662 INFO o.a.j.t.JMeterThread: Thread finished: POST arrivals 1-393
2026-10-07 17:13:06,399 INFO o.a.j.t.JMeterThread: Thread is done: POST arrivals 1-290
2026-10-07 17:13:06,400 INFO o.a.j.t.JMeterThread: Thread finished: POST arrivals 1-290
2026-10-07 17:13:07,713 INFO o.a.j.t.JMeterThread: Thread is done: Stats arrivals 3-17
2026-10-07 17:13:07,713 INFO o.a.j.t.JMeterThread: Thread finished: Stats arrivals 3-17
2026-10-07 17:13:07,714 INFO o.a.j.t.JMeterThread: Thread is done: POST arrivals 1-394
2026-10-07 17:13:07,714 INFO o.a.j.t.JMeterThread: Thread finished: POST arrivals 1-394
2026-10-07 17:13:07,714 INFO o.a.j.t.JMeterThread: Thread is done: POST arrivals 1-291
2026-10-07 17:13:07,714 INFO o.a.j.t.JMeterThread: Thread finished: POST arrivals 1-291
2026-10-07 17:13:13,400 INFO o.a.j.t.JMeterThread: Thread is done: POST arrivals 1-292
2026-10-07 17:13:13,400 INFO o.a.j.t.JMeterThread: Thread finished: POST arrivals 1-292
2026-10-07 17:13:13,853 INFO o.a.j.t.JMeterThread: Thread is done: POST arrivals 1-395
2026-10-07 17:13:13,853 INFO o.a.j.t.JMeterThread: Thread finished: POST arrivals 1-395
2026-10-07 17:13:15,901 INFO o.a.j.t.JMeterThread: Thread is done: POST arrivals 1-397
2026-10-07 17:13:15,901 INFO o.a.j.t.JMeterThread: Thread finished: POST arrivals 1-397
2026-10-07 17:13:19,032 INFO o.a.j.t.JMeterThread: Thread is done: POST arrivals 1-293
2026-10-07 17:13:19,032 INFO o.a.j.t.JMeterThread: Thread finished: POST arrivals 1-293
2026-10-07 17:13:19,997 INFO o.a.j.t.JMeterThread: Thread is done: POST arrivals 1-412
2026-10-07 17:13:19,997 INFO o.a.j.t.JMeterThread: Thread finished: POST arrivals 1-412
2026-10-07 17:13:20,742 INFO o.a.j.t.JMeterThread: Thread is done: POST arrivals 1-294
2026-10-07 17:13:20,742 INFO o.a.j.t.JMeterThread: Thread finished: POST arrivals 1-294
2026-10-07 17:13:23,048 INFO o.a.j.t.JMeterThread: Thread is done: POST arrivals 1-295
2026-10-07 17:13:23,048 INFO o.a.j.t.JMeterThread: Thread finished: POST arrivals 1-295
2026-10-07 17:13:24,091 INFO o.a.j.t.JMeterThread: Thread is done: POST arrivals 1-404
2026-10-07 17:13:24,091 INFO o.a.j.t.JMeterThread: Thread finished: POST arrivals 1-404
2026-10-07 17:13:24,092 INFO o.a.j.t.JMeterThread: Thread is done: POST arrivals 1-403
2026-10-07 17:13:24,092 INFO o.a.j.t.JMeterThread: Thread finished: POST arrivals 1-403
2026-10-07 17:13:24,174 INFO o.a.j.t.JMeterThread: Thread is done: POST arrivals 1-296
2026-10-07 17:13:24,174 INFO o.a.j.t.JMeterThread: Thread finished: POST arrivals 1-296
2026-10-07 17:13:25,420 INFO o.a.j.t.JMeterThread: Thread is done: Search arrivals 2-57
2026-10-07 17:13:25,420 INFO o.a.j.t.JMeterThread: Thread finished: Search arrivals 2-57
2026-10-07 17:13:26,334 INFO o.a.j.t.JMeterThread: Thread is done: POST arrivals 1-297
2026-10-07 17:13:26,334 INFO o.a.j.t.JMeterThread: Thread finished: POST arrivals 1-297
2026-10-07 17:13:28,744 INFO o.a.j.t.JMeterThread: Thread is done: POST arrivals 1-299
2026-10-07 17:13:28,744 INFO o.a.j.t.JMeterThread: Thread finished: POST arrivals 1-299
2026-10-07 17:13:28,785 INFO o.a.j.t.JMeterThread: Thread is done: Search arrivals 2-61
2026-10-07 17:13:28,785 INFO o.a.j.t.JMeterThread: Thread finished: Search arrivals 2-61
2026-10-07 17:13:29,658 INFO o.a.j.t.JMeterThread: Thread is done: Search arrivals 2-58
2026-10-07 17:13:29,658 INFO o.a.j.t.JMeterThread: Thread finished: Search arrivals 2-58
2026-10-07 17:13:31,619 INFO o.a.j.r.Summariser: summary +     27 in 00:00:31 =    0.9/s Avg: 248015 Min: 109787 Max: 300010 Err:    15 (55.56%) Active: 101 Started: 539 Finished: 438
2026-10-07 17:13:31,620 INFO o.a.j.r.Summariser: summary =    439 in 00:13:24 =    0.5/s Avg: 157427 Min:    29 Max: 300013 Err:    92 (20.96%)
2026-10-07 17:13:31,620 INFO o.a.j.t.JMeterThread: Thread is done: POST arrivals 1-300
2026-10-07 17:13:31,620 INFO o.a.j.t.JMeterThread: Thread finished: POST arrivals 1-300
2026-10-07 17:13:34,332 INFO o.a.j.t.JMeterThread: Thread is done: POST arrivals 1-409
2026-10-07 17:13:34,332 INFO o.a.j.t.JMeterThread: Thread finished: POST arrivals 1-409
2026-10-07 17:13:34,621 INFO o.a.j.t.JMeterThread: Thread is done: POST arrivals 1-301
2026-10-07 17:13:34,621 INFO o.a.j.t.JMeterThread: Thread finished: POST arrivals 1-301
2026-10-07 17:13:36,241 INFO o.a.j.t.JMeterThread: Thread is done: POST arrivals 1-305
2026-10-07 17:13:36,242 INFO o.a.j.t.JMeterThread: Thread finished: POST arrivals 1-305
2026-10-07 17:13:37,946 INFO o.a.j.t.JMeterThread: Thread is done: POST arrivals 1-303
2026-10-07 17:13:37,946 INFO o.a.j.t.JMeterThread: Thread finished: POST arrivals 1-303
2026-10-07 17:13:41,934 INFO o.a.j.t.JMeterThread: Thread is done: POST arrivals 1-306
2026-10-07 17:13:41,934 INFO o.a.j.t.JMeterThread: Thread finished: POST arrivals 1-306
2026-10-07 17:13:44,428 INFO o.a.j.t.JMeterThread: Thread is done: POST arrivals 1-308
2026-10-07 17:13:44,428 INFO o.a.j.t.JMeterThread: Thread finished: POST arrivals 1-308
2026-10-07 17:13:44,440 INFO o.a.j.t.JMeterThread: Thread is done: Search arrivals 2-63
2026-10-07 17:13:44,440 INFO o.a.j.t.JMeterThread: Thread finished: Search arrivals 2-63
2026-10-07 17:13:44,485 INFO o.a.j.t.JMeterThread: Thread is done: POST arrivals 1-309
2026-10-07 17:13:44,485 INFO o.a.j.t.JMeterThread: Thread finished: POST arrivals 1-309
2026-10-07 17:13:45,210 INFO o.a.j.t.JMeterThread: Thread is done: POST arrivals 1-310
2026-10-07 17:13:45,210 INFO o.a.j.t.JMeterThread: Thread finished: POST arrivals 1-310
2026-10-07 17:13:45,892 INFO o.a.j.t.JMeterThread: Thread is done: POST arrivals 1-311
2026-10-07 17:13:45,892 INFO o.a.j.t.JMeterThread: Thread finished: POST arrivals 1-311
2026-10-07 17:13:46,885 INFO o.a.j.t.JMeterThread: Thread is done: POST arrivals 1-313
2026-10-07 17:13:46,885 INFO o.a.j.t.JMeterThread: Thread finished: POST arrivals 1-313
2026-10-07 17:13:47,082 INFO o.a.j.t.JMeterThread: Thread is done: POST arrivals 1-314
2026-10-07 17:13:47,083 INFO o.a.j.t.JMeterThread: Thread finished: POST arrivals 1-314
2026-10-07 17:13:49,324 INFO o.a.j.t.JMeterThread: Thread is done: POST arrivals 1-315
2026-10-07 17:13:49,324 INFO o.a.j.t.JMeterThread: Thread finished: POST arrivals 1-315
2026-10-07 17:13:50,081 INFO o.a.j.t.JMeterThread: Thread is done: Search arrivals 2-64
2026-10-07 17:13:50,081 INFO o.a.j.t.JMeterThread: Thread finished: Search arrivals 2-64
2026-10-07 17:13:54,156 INFO o.a.j.t.JMeterThread: Thread is done: Search arrivals 2-65
2026-10-07 17:13:54,156 INFO o.a.j.t.JMeterThread: Thread finished: Search arrivals 2-65
2026-10-07 17:13:56,230 INFO o.a.j.t.JMeterThread: Thread is done: POST arrivals 1-318
2026-10-07 17:13:56,231 INFO o.a.j.t.JMeterThread: Thread finished: POST arrivals 1-318
2026-10-07 17:13:57,982 INFO o.a.j.t.JMeterThread: Thread is done: POST arrivals 1-319
2026-10-07 17:13:57,982 INFO o.a.j.t.JMeterThread: Thread finished: POST arrivals 1-319
2026-10-07 17:13:58,275 INFO o.a.j.t.JMeterThread: Thread is done: POST arrivals 1-320
2026-10-07 17:13:58,275 INFO o.a.j.t.JMeterThread: Thread finished: POST arrivals 1-320
2026-10-07 17:13:58,403 INFO o.a.j.t.JMeterThread: Thread is done: POST arrivals 1-321
2026-10-07 17:13:58,403 INFO o.a.j.t.JMeterThread: Thread finished: POST arrivals 1-321
2026-10-07 17:14:01,427 INFO o.a.j.r.Summariser: summary +     20 in 00:00:30 =    0.7/s Avg: 291457 Min: 134604 Max: 300012 Err:    17 (85.00%) Active: 81 Started: 539 Finished: 458
2026-10-07 17:14:01,427 INFO o.a.j.r.Summariser: summary =    459 in 00:13:53 =    0.6/s Avg: 163267 Min:    29 Max: 300013 Err:   109 (23.75%)
2026-10-07 17:14:01,428 INFO o.a.j.t.JMeterThread: Thread is done: POST arrivals 1-326
2026-10-07 17:14:01,428 INFO o.a.j.t.JMeterThread: Thread finished: POST arrivals 1-326
2026-10-07 17:14:01,976 INFO o.a.j.t.JMeterThread: Thread is done: Search arrivals 2-67
2026-10-07 17:14:01,976 INFO o.a.j.t.JMeterThread: Thread finished: Search arrivals 2-67
2026-10-07 17:14:15,231 INFO o.a.j.t.JMeterThread: Thread is done: POST arrivals 1-336
2026-10-07 17:14:15,232 INFO o.a.j.t.JMeterThread: Thread finished: POST arrivals 1-336
2026-10-07 17:14:16,870 INFO o.a.j.t.JMeterThread: Thread is done: POST arrivals 1-337
2026-10-07 17:14:16,871 INFO o.a.j.t.JMeterThread: Thread finished: POST arrivals 1-337
2026-10-07 17:14:19,992 INFO o.a.j.t.JMeterThread: Thread is done: POST arrivals 1-338
2026-10-07 17:14:19,992 INFO o.a.j.t.JMeterThread: Thread finished: POST arrivals 1-338
2026-10-07 17:14:22,385 INFO o.a.j.t.JMeterThread: Thread is done: POST arrivals 1-339
2026-10-07 17:14:22,386 INFO o.a.j.t.JMeterThread: Thread finished: POST arrivals 1-339
2026-10-07 17:14:25,765 INFO o.a.j.t.JMeterThread: Thread is done: POST arrivals 1-340
2026-10-07 17:14:25,765 INFO o.a.j.t.JMeterThread: Thread finished: POST arrivals 1-340
2026-10-07 17:14:34,244 INFO o.a.j.r.Summariser: summary +      7 in 00:00:33 =    0.2/s Avg: 299684 Min: 297745 Max: 300013 Err:     6 (85.71%) Active: 74 Started: 539 Finished: 465
2026-10-07 17:14:34,244 INFO o.a.j.r.Summariser: summary =    466 in 00:14:26 =    0.5/s Avg: 165317 Min:    29 Max: 300013 Err:   115 (24.68%)
2026-10-07 17:14:34,245 INFO o.a.j.t.JMeterThread: Thread is done: POST arrivals 1-341
2026-10-07 17:14:34,245 INFO o.a.j.t.JMeterThread: Thread finished: POST arrivals 1-341
2026-10-07 17:14:37,566 INFO o.a.j.t.JMeterThread: Thread is done: POST arrivals 1-342
2026-10-07 17:14:37,566 INFO o.a.j.t.JMeterThread: Thread finished: POST arrivals 1-342
2026-10-07 17:14:40,695 INFO o.a.j.t.JMeterThread: Thread is done: POST arrivals 1-345
2026-10-07 17:14:40,695 INFO o.a.j.t.JMeterThread: Thread finished: POST arrivals 1-345
2026-10-07 17:14:40,711 INFO o.a.j.t.JMeterThread: Thread is done: POST arrivals 1-346
2026-10-07 17:14:40,711 INFO o.a.j.t.JMeterThread: Thread finished: POST arrivals 1-346
2026-10-07 17:14:43,251 INFO o.a.j.t.JMeterThread: Thread is done: Search arrivals 2-70
2026-10-07 17:14:43,251 INFO o.a.j.t.JMeterThread: Thread finished: Search arrivals 2-70
2026-10-07 17:14:45,241 INFO o.a.j.t.JMeterThread: Thread is done: POST arrivals 1-351
2026-10-07 17:14:45,241 INFO o.a.j.t.JMeterThread: Thread finished: POST arrivals 1-351
2026-10-07 17:14:45,982 INFO o.a.j.t.JMeterThread: Thread is done: POST arrivals 1-352
2026-10-07 17:14:45,982 INFO o.a.j.t.JMeterThread: Thread finished: POST arrivals 1-352
2026-10-07 17:14:50,404 INFO o.a.j.t.JMeterThread: Thread is done: Search arrivals 2-71
2026-10-07 17:14:50,405 INFO o.a.j.t.JMeterThread: Thread finished: Search arrivals 2-71
2026-10-07 17:14:50,744 INFO o.a.j.t.JMeterThread: Thread is done: POST arrivals 1-353
2026-10-07 17:14:50,744 INFO o.a.j.t.JMeterThread: Thread finished: POST arrivals 1-353
2026-10-07 17:14:56,364 INFO o.a.j.t.JMeterThread: Thread is done: POST arrivals 1-354
2026-10-07 17:14:56,364 INFO o.a.j.t.JMeterThread: Thread finished: POST arrivals 1-354
2026-10-07 17:14:56,518 INFO o.a.j.t.JMeterThread: Thread is done: POST arrivals 1-355
2026-10-07 17:14:56,519 INFO o.a.j.t.JMeterThread: Thread finished: POST arrivals 1-355
2026-10-07 17:14:56,890 INFO o.a.j.t.JMeterThread: Thread is done: POST arrivals 1-357
2026-10-07 17:14:56,890 INFO o.a.j.t.JMeterThread: Thread finished: POST arrivals 1-357
2026-10-07 17:15:00,241 INFO o.a.j.r.Summariser: summary +     12 in 00:00:26 =    0.5/s Avg: 300008 Min: 300005 Max: 300014 Err:    12 (100.00%) Active: 62 Started: 539 Finished: 477
2026-10-07 17:15:00,242 INFO o.a.j.r.Summariser: summary =    478 in 00:14:52 =    0.5/s Avg: 168698 Min:    29 Max: 300014 Err:   127 (26.57%)
2026-10-07 17:15:00,245 INFO o.a.j.t.JMeterThread: Thread is done: POST arrivals 1-361
2026-10-07 17:15:00,245 INFO o.a.j.t.JMeterThread: Thread finished: POST arrivals 1-361
2026-10-07 17:15:00,634 INFO o.a.j.t.JMeterThread: Thread is done: Search arrivals 2-74
2026-10-07 17:15:00,634 INFO o.a.j.t.JMeterThread: Thread finished: Search arrivals 2-74
2026-10-07 17:15:01,062 INFO o.a.j.t.JMeterThread: Thread is done: POST arrivals 1-363
2026-10-07 17:15:01,062 INFO o.a.j.t.JMeterThread: Thread finished: POST arrivals 1-363
2026-10-07 17:15:04,159 INFO o.a.j.t.JMeterThread: Thread is done: POST arrivals 1-366
2026-10-07 17:15:04,159 INFO o.a.j.t.JMeterThread: Thread finished: POST arrivals 1-366
2026-10-07 17:15:08,804 INFO o.a.j.t.JMeterThread: Thread is done: Search arrivals 2-75
2026-10-07 17:15:08,805 INFO o.a.j.t.JMeterThread: Thread finished: Search arrivals 2-75
2026-10-07 17:15:09,561 INFO o.a.j.t.JMeterThread: Thread is done: POST arrivals 1-370
2026-10-07 17:15:09,561 INFO o.a.j.t.JMeterThread: Thread finished: POST arrivals 1-370
2026-10-07 17:15:14,496 INFO o.a.j.t.JMeterThread: Thread is done: POST arrivals 1-376
2026-10-07 17:15:14,496 INFO o.a.j.t.JMeterThread: Thread finished: POST arrivals 1-376
2026-10-07 17:15:14,771 INFO o.a.j.t.JMeterThread: Thread is done: POST arrivals 1-373
2026-10-07 17:15:14,771 INFO o.a.j.t.JMeterThread: Thread finished: POST arrivals 1-373
2026-10-07 17:15:14,984 INFO o.a.j.t.JMeterThread: Thread is done: POST arrivals 1-374
2026-10-07 17:15:14,984 INFO o.a.j.t.JMeterThread: Thread finished: POST arrivals 1-374
2026-10-07 17:15:17,860 INFO o.a.j.t.JMeterThread: Thread is done: POST arrivals 1-379
2026-10-07 17:15:17,860 INFO o.a.j.t.JMeterThread: Thread finished: POST arrivals 1-379
2026-10-07 17:15:19,446 INFO o.a.j.t.JMeterThread: Thread is done: POST arrivals 1-377
2026-10-07 17:15:19,446 INFO o.a.j.t.JMeterThread: Thread finished: POST arrivals 1-377
2026-10-07 17:15:25,656 INFO o.a.j.t.JMeterThread: Thread is done: POST arrivals 1-382
2026-10-07 17:15:25,657 INFO o.a.j.t.JMeterThread: Thread finished: POST arrivals 1-382
2026-10-07 17:15:27,599 INFO o.a.j.t.JMeterThread: Thread is done: POST arrivals 1-384
2026-10-07 17:15:27,599 INFO o.a.j.t.JMeterThread: Thread finished: POST arrivals 1-384
2026-10-07 17:15:28,702 INFO o.a.j.t.JMeterThread: Thread is done: POST arrivals 1-383
2026-10-07 17:15:28,702 INFO o.a.j.t.JMeterThread: Thread finished: POST arrivals 1-383
2026-10-07 17:15:30,826 INFO o.a.j.r.Summariser: summary +     14 in 00:00:31 =    0.5/s Avg: 298650 Min: 295102 Max: 300014 Err:     9 (64.29%) Active: 48 Started: 539 Finished: 491
2026-10-07 17:15:30,827 INFO o.a.j.r.Summariser: summary =    492 in 00:15:23 =    0.5/s Avg: 172396 Min:    29 Max: 300014 Err:   136 (27.64%)
2026-10-07 17:15:30,828 INFO o.a.j.t.JMeterThread: Thread is done: Search arrivals 2-76
2026-10-07 17:15:30,828 INFO o.a.j.t.JMeterThread: Thread finished: Search arrivals 2-76
2026-10-07 17:15:32,309 INFO o.a.j.t.JMeterThread: Thread is done: POST arrivals 1-386
2026-10-07 17:15:32,309 INFO o.a.j.t.JMeterThread: Thread finished: POST arrivals 1-386
2026-10-07 17:15:34,970 INFO o.a.j.t.JMeterThread: Thread is done: POST arrivals 1-389
2026-10-07 17:15:34,970 INFO o.a.j.t.JMeterThread: Thread finished: POST arrivals 1-389
2026-10-07 17:15:35,548 INFO o.a.j.t.JMeterThread: Thread is done: POST arrivals 1-387
2026-10-07 17:15:35,548 INFO o.a.j.t.JMeterThread: Thread finished: POST arrivals 1-387
2026-10-07 17:15:35,912 INFO o.a.j.t.JMeterThread: Thread is done: POST arrivals 1-388
2026-10-07 17:15:35,912 INFO o.a.j.t.JMeterThread: Thread finished: POST arrivals 1-388
2026-10-07 17:15:36,762 INFO o.a.j.t.JMeterThread: Thread is done: Search arrivals 2-78
2026-10-07 17:15:36,763 INFO o.a.j.t.JMeterThread: Thread finished: Search arrivals 2-78
2026-10-07 17:15:40,730 INFO o.a.j.t.JMeterThread: Thread is done: POST arrivals 1-391
2026-10-07 17:15:40,730 INFO o.a.j.t.JMeterThread: Thread finished: POST arrivals 1-391
2026-10-07 17:15:41,430 INFO o.a.j.t.JMeterThread: Thread is done: POST arrivals 1-392
2026-10-07 17:15:41,430 INFO o.a.j.t.JMeterThread: Thread finished: POST arrivals 1-392
2026-10-07 17:15:51,516 INFO o.a.j.t.JMeterThread: Thread is done: POST arrivals 1-398
2026-10-07 17:15:51,517 INFO o.a.j.t.JMeterThread: Thread finished: POST arrivals 1-398
2026-10-07 17:15:54,590 INFO o.a.j.t.JMeterThread: Thread is done: POST arrivals 1-399
2026-10-07 17:15:54,590 INFO o.a.j.t.JMeterThread: Thread finished: POST arrivals 1-399
2026-10-07 17:15:56,353 INFO o.a.j.t.JMeterThread: Thread is done: POST arrivals 1-401
2026-10-07 17:15:56,353 INFO o.a.j.t.JMeterThread: Thread finished: POST arrivals 1-401
2026-10-07 17:15:57,738 INFO o.a.j.t.JMeterThread: Thread is done: POST arrivals 1-400
2026-10-07 17:15:57,739 INFO o.a.j.t.JMeterThread: Thread finished: POST arrivals 1-400
2026-10-07 17:15:59,236 INFO o.a.j.t.JMeterThread: Thread is done: POST arrivals 1-402
2026-10-07 17:15:59,236 INFO o.a.j.t.JMeterThread: Thread finished: POST arrivals 1-402
2026-10-07 17:16:00,770 INFO o.a.j.r.Summariser: summary +     13 in 00:00:30 =    0.4/s Avg: 293749 Min: 286580 Max: 300011 Err:     3 (23.08%) Active: 35 Started: 539 Finished: 504
2026-10-07 17:16:00,771 INFO o.a.j.r.Summariser: summary =    505 in 00:15:53 =    0.5/s Avg: 175520 Min:    29 Max: 300014 Err:   139 (27.52%)
2026-10-07 17:16:00,772 INFO o.a.j.t.JMeterThread: Thread is done: POST arrivals 1-406
2026-10-07 17:16:00,772 INFO o.a.j.t.JMeterThread: Thread finished: POST arrivals 1-406
2026-10-07 17:16:01,437 INFO o.a.j.t.JMeterThread: Thread is done: Search arrivals 2-80
2026-10-07 17:16:01,437 INFO o.a.j.t.JMeterThread: Thread finished: Search arrivals 2-80
2026-10-07 17:16:01,565 INFO o.a.j.t.JMeterThread: Thread is done: POST arrivals 1-396
2026-10-07 17:16:01,565 INFO o.a.j.t.JMeterThread: Thread finished: POST arrivals 1-396
2026-10-07 17:16:06,958 INFO o.a.j.t.JMeterThread: Thread is done: POST arrivals 1-408
2026-10-07 17:16:06,958 INFO o.a.j.t.JMeterThread: Thread finished: POST arrivals 1-408
2026-10-07 17:16:07,006 INFO o.a.j.t.JMeterThread: Thread is done: Search arrivals 2-81
2026-10-07 17:16:07,007 INFO o.a.j.t.JMeterThread: Thread finished: Search arrivals 2-81
2026-10-07 17:16:09,846 INFO o.a.j.t.JMeterThread: Thread is done: POST arrivals 1-407
2026-10-07 17:16:09,846 INFO o.a.j.t.JMeterThread: Thread finished: POST arrivals 1-407
2026-10-07 17:16:10,893 INFO o.a.j.t.JMeterThread: Thread is done: POST arrivals 1-405
2026-10-07 17:16:10,894 INFO o.a.j.t.JMeterThread: Thread finished: POST arrivals 1-405
2026-10-07 17:16:13,800 INFO o.a.j.t.JMeterThread: Thread is done: POST arrivals 1-411
2026-10-07 17:16:13,801 INFO o.a.j.t.JMeterThread: Thread finished: POST arrivals 1-411
2026-10-07 17:16:16,767 INFO o.a.j.t.JMeterThread: Thread is done: POST arrivals 1-413
2026-10-07 17:16:16,767 INFO o.a.j.t.JMeterThread: Thread finished: POST arrivals 1-413
2026-10-07 17:16:16,802 INFO o.a.j.t.JMeterThread: Thread is done: Search arrivals 2-82
2026-10-07 17:16:16,802 INFO o.a.j.t.JMeterThread: Thread finished: Search arrivals 2-82
2026-10-07 17:16:22,832 INFO o.a.j.t.JMeterThread: Thread is done: POST arrivals 1-414
2026-10-07 17:16:22,832 INFO o.a.j.t.JMeterThread: Thread finished: POST arrivals 1-414
2026-10-07 17:16:23,045 INFO o.a.j.t.JMeterThread: Thread is done: POST arrivals 1-410
2026-10-07 17:16:23,045 INFO o.a.j.t.JMeterThread: Thread finished: POST arrivals 1-410
2026-10-07 17:16:27,548 INFO o.a.j.t.JMeterThread: Thread is done: POST arrivals 1-415
2026-10-07 17:16:27,548 INFO o.a.j.t.JMeterThread: Thread finished: POST arrivals 1-415
2026-10-07 17:16:27,588 INFO o.a.j.t.JMeterThread: Thread is done: Search arrivals 2-83
2026-10-07 17:16:27,588 INFO o.a.j.t.JMeterThread: Thread finished: Search arrivals 2-83
2026-10-07 17:16:30,708 INFO o.a.j.r.Summariser: summary +     14 in 00:00:30 =    0.5/s Avg: 290631 Min: 281364 Max: 300013 Err:     4 (28.57%) Active: 21 Started: 539 Finished: 518
2026-10-07 17:16:30,708 INFO o.a.j.r.Summariser: summary =    519 in 00:16:23 =    0.5/s Avg: 178625 Min:    29 Max: 300014 Err:   143 (27.55%)
2026-10-07 17:16:30,708 INFO o.a.j.t.JMeterThread: Thread is done: POST arrivals 1-416
2026-10-07 17:16:30,708 INFO o.a.j.t.JMeterThread: Thread finished: POST arrivals 1-416
2026-10-07 17:16:32,535 INFO o.a.j.t.JMeterThread: Thread is done: POST arrivals 1-417
2026-10-07 17:16:32,535 INFO o.a.j.t.JMeterThread: Thread finished: POST arrivals 1-417
2026-10-07 17:16:36,023 INFO o.a.j.t.JMeterThread: Thread is done: POST arrivals 1-418
2026-10-07 17:16:36,023 INFO o.a.j.t.JMeterThread: Thread finished: POST arrivals 1-418
2026-10-07 17:16:36,083 INFO o.a.j.t.JMeterThread: Thread is done: Search arrivals 2-84
2026-10-07 17:16:36,083 INFO o.a.j.t.JMeterThread: Thread finished: Search arrivals 2-84
2026-10-07 17:16:38,146 INFO o.a.j.t.JMeterThread: Thread is done: POST arrivals 1-422
2026-10-07 17:16:38,146 INFO o.a.j.t.JMeterThread: Thread finished: POST arrivals 1-422
2026-10-07 17:16:40,686 INFO o.a.j.t.JMeterThread: Thread is done: POST arrivals 1-424
2026-10-07 17:16:40,687 INFO o.a.j.t.JMeterThread: Thread finished: POST arrivals 1-424
2026-10-07 17:16:40,716 INFO o.a.j.t.JMeterThread: Thread is done: Stats arrivals 3-21
2026-10-07 17:16:40,717 INFO o.a.j.t.JMeterThread: Thread finished: Stats arrivals 3-21
2026-10-07 17:16:43,281 INFO o.a.j.t.JMeterThread: Thread is done: POST arrivals 1-427
2026-10-07 17:16:43,281 INFO o.a.j.t.JMeterThread: Thread finished: POST arrivals 1-427
2026-10-07 17:16:45,010 INFO o.a.j.t.JMeterThread: Thread is done: POST arrivals 1-419
2026-10-07 17:16:45,010 INFO o.a.j.t.JMeterThread: Thread finished: POST arrivals 1-419
2026-10-07 17:16:46,446 INFO o.a.j.t.JMeterThread: Thread is done: POST arrivals 1-420
2026-10-07 17:16:46,446 INFO o.a.j.t.JMeterThread: Thread finished: POST arrivals 1-420
2026-10-07 17:16:47,311 INFO o.a.j.t.JMeterThread: Thread is done: POST arrivals 1-421
2026-10-07 17:16:47,311 INFO o.a.j.t.JMeterThread: Thread finished: POST arrivals 1-421
2026-10-07 17:16:48,570 INFO o.a.j.t.JMeterThread: Thread is done: POST arrivals 1-425
2026-10-07 17:16:48,570 INFO o.a.j.t.JMeterThread: Thread finished: POST arrivals 1-425
2026-10-07 17:16:50,844 INFO o.a.j.t.JMeterThread: Thread is done: Search arrivals 2-85
2026-10-07 17:16:50,844 INFO o.a.j.t.JMeterThread: Thread finished: Search arrivals 2-85
2026-10-07 17:16:50,847 INFO o.a.j.t.JMeterThread: Thread is done: Search arrivals 2-86
2026-10-07 17:16:50,848 INFO o.a.j.t.JMeterThread: Thread finished: Search arrivals 2-86
2026-10-07 17:16:51,298 INFO o.a.j.t.JMeterThread: Thread is done: POST arrivals 1-423
2026-10-07 17:16:51,299 INFO o.a.j.t.JMeterThread: Thread finished: POST arrivals 1-423
2026-10-07 17:16:53,010 INFO o.a.j.t.JMeterThread: Thread is done: POST arrivals 1-426
2026-10-07 17:16:53,010 INFO o.a.j.t.JMeterThread: Thread finished: POST arrivals 1-426
2026-10-07 17:16:53,044 INFO o.a.j.t.JMeterThread: Thread is done: POST arrivals 1-430
2026-10-07 17:16:53,044 INFO o.a.j.t.JMeterThread: Thread finished: POST arrivals 1-430
2026-10-07 17:16:55,800 INFO o.a.j.t.JMeterThread: Thread is done: POST arrivals 1-431
2026-10-07 17:16:55,801 INFO o.a.j.t.JMeterThread: Thread finished: POST arrivals 1-431
2026-10-07 17:16:56,092 INFO o.a.j.t.JMeterThread: Thread is done: POST arrivals 1-428
2026-10-07 17:16:56,092 INFO o.a.j.t.JMeterThread: Thread finished: POST arrivals 1-428
2026-10-07 17:16:57,059 INFO o.a.j.t.JMeterThread: Thread is done: POST arrivals 1-429
2026-10-07 17:16:57,060 INFO o.a.j.t.JMeterThread: Thread finished: POST arrivals 1-429
2026-10-07 17:17:04,191 INFO o.a.j.r.Summariser: summary +     20 in 00:00:33 =    0.6/s Avg: 294991 Min: 284830 Max: 300021 Err:    10 (50.00%) Active: 1 Started: 539 Finished: 538
2026-10-07 17:17:04,193 INFO o.a.j.r.Summariser: summary =    539 in 00:16:56 =    0.5/s Avg: 182943 Min:    29 Max: 300021 Err:   153 (28.39%)
2026-10-07 17:17:04,193 INFO o.a.j.t.JMeterThread: Thread is done: POST arrivals 1-432
2026-10-07 17:17:04,194 INFO o.a.j.t.JMeterThread: Thread finished: POST arrivals 1-432
2026-10-07 17:18:07,742 INFO o.a.j.t.o.OpenModelThreadGroup: There will be no more events, will shutdown the thread pool
2026-10-07 17:18:07,742 INFO o.a.j.t.o.OpenModelThreadGroup: There will be no more events, will shutdown the thread pool
2026-10-07 17:18:07,743 INFO o.a.j.t.o.OpenModelThreadGroup: Thread starting done
2026-10-07 17:18:07,743 INFO o.a.j.t.o.OpenModelThreadGroup: Thread starting done
2026-10-07 17:18:07,742 INFO o.a.j.t.o.OpenModelThreadGroup: There will be no more events, will shutdown the thread pool
2026-10-07 17:18:07,744 INFO o.a.j.t.o.OpenModelThreadGroup: Thread starting done
2026-10-07 17:18:07,744 INFO o.a.j.e.StandardJMeterEngine: Notifying test listeners of end of test
2026-10-07 17:18:07,744 INFO o.a.j.s.FileServer: Close: data/tickets.csv
2026-10-07 17:18:07,750 INFO o.a.j.r.Summariser: summary =    539 in 00:18:00 =    0.5/s Avg: 182943 Min:    29 Max: 300021 Err:   153 (28.39%)
