2026-10-07 03:33:24,294 INFO o.a.j.u.JMeterUtils: Setting Locale to en_EN
2026-10-07 03:33:24,308 INFO o.a.j.JMeter: Loading user properties from: C:\Users\tayka\Tools\apache-jmeter-5.6.3\bin\user.properties
2026-10-07 03:33:24,308 INFO o.a.j.JMeter: Loading system properties from: C:\Users\tayka\Tools\apache-jmeter-5.6.3\bin\system.properties
2026-10-07 03:33:24,308 INFO o.a.j.JMeter: Loading additional properties from: results.properties
2026-10-07 03:33:24,315 INFO o.a.j.JMeter: Copyright (c) 1998-2024 The Apache Software Foundation
2026-10-07 03:33:24,315 INFO o.a.j.JMeter: Version 5.6.3
2026-10-07 03:33:24,315 INFO o.a.j.JMeter: java.version=21.0.5
2026-10-07 03:33:24,315 INFO o.a.j.JMeter: java.vm.name=Java HotSpot(TM) 64-Bit Server VM
2026-10-07 03:33:24,326 INFO o.a.j.JMeter: os.name=Windows 11
2026-10-07 03:33:24,326 INFO o.a.j.JMeter: os.arch=amd64
2026-10-07 03:33:24,326 INFO o.a.j.JMeter: os.version=10.0
2026-10-07 03:33:24,326 INFO o.a.j.JMeter: file.encoding=UTF-8
2026-10-07 03:33:24,326 INFO o.a.j.JMeter: java.awt.headless=true
2026-10-07 03:33:24,326 INFO o.a.j.JMeter: Max memory     =1073741824
2026-10-07 03:33:24,326 INFO o.a.j.JMeter: Available Processors =20
2026-10-07 03:33:24,332 INFO o.a.j.JMeter: Default Locale=English (EN)
2026-10-07 03:33:24,334 INFO o.a.j.JMeter: JMeter  Locale=English (EN)
2026-10-07 03:33:24,334 INFO o.a.j.JMeter: JMeterHome=C:\Users\tayka\Tools\apache-jmeter-5.6.3
2026-10-07 03:33:24,334 INFO o.a.j.JMeter: user.dir  =C:\Users\tayka\ICT3113-PTO-P1-10-Assignment-1\jmeter\runs\peak-llama1-r3
2026-10-07 03:33:24,334 INFO o.a.j.JMeter: PWD       =C:\Users\tayka\ICT3113-PTO-P1-10-Assignment-1\jmeter\runs\peak-llama1-r3
2026-10-07 03:33:24,337 INFO o.a.j.JMeter: IP: 192.168.1.3 Name: KaiWen FullName: host.docker.internal
2026-10-07 03:33:24,338 INFO o.a.j.s.FileServer: Default base='C:\Users\tayka\ICT3113-PTO-P1-10-Assignment-1\jmeter\runs\peak-llama1-r3'
2026-10-07 03:33:24,338 INFO o.a.j.s.FileServer: Set new base='C:\Users\tayka\ICT3113-PTO-P1-10-Assignment-1\jmeter\runs\peak-llama1-r3'
2026-10-07 03:33:24,471 INFO o.a.j.s.SaveService: Testplan (JMX) version: 2.2. Testlog (JTL) version: 2.2
2026-10-07 03:33:24,493 INFO o.a.j.s.SaveService: Using SaveService properties version 5.0
2026-10-07 03:33:24,493 INFO o.a.j.s.SaveService: Using SaveService properties file encoding UTF-8
2026-10-07 03:33:24,497 INFO o.a.j.s.SaveService: Loading file: plan.jmx
2026-10-07 03:33:24,536 INFO o.a.j.p.h.s.HTTPSamplerBase: Parser for text/html is org.apache.jmeter.protocol.http.parser.LagartoBasedHtmlParser
2026-10-07 03:33:24,536 INFO o.a.j.p.h.s.HTTPSamplerBase: Parser for application/xhtml+xml is org.apache.jmeter.protocol.http.parser.LagartoBasedHtmlParser
2026-10-07 03:33:24,536 INFO o.a.j.p.h.s.HTTPSamplerBase: Parser for application/xml is org.apache.jmeter.protocol.http.parser.LagartoBasedHtmlParser
2026-10-07 03:33:24,536 INFO o.a.j.p.h.s.HTTPSamplerBase: Parser for text/xml is org.apache.jmeter.protocol.http.parser.LagartoBasedHtmlParser
2026-10-07 03:33:24,536 INFO o.a.j.p.h.s.HTTPSamplerBase: Parser for text/vnd.wap.wml is org.apache.jmeter.protocol.http.parser.RegexpHTMLParser
2026-10-07 03:33:24,536 INFO o.a.j.p.h.s.HTTPSamplerBase: Parser for text/css is org.apache.jmeter.protocol.http.parser.CssParser
2026-10-07 03:33:24,559 INFO o.a.j.JMeter: Creating summariser <summary>
2026-10-07 03:33:24,575 INFO o.a.j.e.StandardJMeterEngine: Running the test!
2026-10-07 03:33:24,575 INFO o.a.j.s.SampleEvent: List of sample_variables: [request_id, row]
2026-10-07 03:33:24,576 INFO o.a.j.s.SampleEvent: List of sample_variables: [request_id, row]
2026-10-07 03:33:24,577 INFO o.a.j.e.u.CompoundVariable: Note: Function class names must contain the string: '.functions.'
2026-10-07 03:33:24,577 INFO o.a.j.e.u.CompoundVariable: Note: Function class names must not contain the string: '.gui.'
2026-10-07 03:33:24,795 INFO o.a.j.JMeter: Running test (1791315204795)
2026-10-07 03:33:24,809 INFO o.a.j.e.StandardJMeterEngine: Starting ThreadGroup: 1 : POST arrivals
2026-10-07 03:33:24,809 INFO o.a.j.e.StandardJMeterEngine: Starting 0 threads for group POST arrivals.
2026-10-07 03:33:24,809 INFO o.a.j.e.StandardJMeterEngine: Thread will continue on error
2026-10-07 03:33:24,809 INFO o.a.j.t.o.OpenModelThreadGroup: Starting OpenModelThreadGroup#1 with schedule rate(36/min) random_arrivals(720 sec) rate(36/min) pause(360 sec)
2026-10-07 03:33:24,838 INFO o.a.j.e.StandardJMeterEngine: Starting ThreadGroup: 2 : Search arrivals
2026-10-07 03:33:24,838 INFO o.a.j.e.StandardJMeterEngine: Starting 0 threads for group Search arrivals.
2026-10-07 03:33:24,838 INFO o.a.j.e.StandardJMeterEngine: Thread will continue on error
2026-10-07 03:33:24,838 INFO o.a.j.t.o.OpenModelThreadGroup: Starting OpenModelThreadGroup#2 with schedule rate(7.2/min) random_arrivals(720 sec) rate(7.2/min) pause(360 sec)
2026-10-07 03:33:24,838 INFO o.a.j.e.StandardJMeterEngine: Starting ThreadGroup: 3 : Stats arrivals
2026-10-07 03:33:24,838 INFO o.a.j.t.o.OpenModelThreadGroup: Thread starting init
2026-10-07 03:33:24,838 INFO o.a.j.e.StandardJMeterEngine: Starting 0 threads for group Stats arrivals.
2026-10-07 03:33:24,848 INFO o.a.j.e.StandardJMeterEngine: Thread will continue on error
2026-10-07 03:33:24,838 INFO o.a.j.t.o.OpenModelThreadGroup: Thread starting init
2026-10-07 03:33:24,848 INFO o.a.j.t.o.OpenModelThreadGroup: Starting OpenModelThreadGroup#3 with schedule rate(1.8/min) random_arrivals(720 sec) rate(1.8/min) pause(360 sec)
2026-10-07 03:33:24,848 INFO o.a.j.e.StandardJMeterEngine: All thread groups have been started
2026-10-07 03:33:24,848 INFO o.a.j.t.o.OpenModelThreadGroup: Thread starting init
2026-10-07 03:33:24,854 INFO o.a.j.t.o.PoissonArrivalsRamp: Generating 86 events, beginRate = 0.12000000000000001 / sec, endRate = 0.12000000000000001 / sec, duration = 720.0 sec
2026-10-07 03:33:24,854 INFO o.a.j.t.o.PoissonArrivalsRamp: Generating 432 events, beginRate = 0.6 / sec, endRate = 0.6 / sec, duration = 720.0 sec
2026-10-07 03:33:24,854 INFO o.a.j.t.o.PoissonArrivalsRamp: Generating 21 events, beginRate = 0.030000000000000002 / sec, endRate = 0.030000000000000002 / sec, duration = 720.0 sec
2026-10-07 03:33:24,924 INFO o.a.j.t.JMeterThread: Thread started: POST arrivals 1-1
2026-10-07 03:33:24,925 INFO o.a.j.s.FileServer: Stored: data/tickets.csv
2026-10-07 03:33:24,943 INFO o.a.j.p.h.s.HTTPHCAbstractImpl: Local host = KaiWen
2026-10-07 03:33:24,946 INFO o.a.j.p.h.s.HTTPHC4Impl: HTTP request retry count = 0
2026-10-07 03:33:24,947 INFO o.a.j.s.SampleResult: Note: Sample TimeStamps are START times
2026-10-07 03:33:24,947 INFO o.a.j.s.SampleResult: sampleresult.default.encoding is set to UTF-8
2026-10-07 03:33:24,947 INFO o.a.j.s.SampleResult: sampleresult.useNanoTime=true
2026-10-07 03:33:24,947 INFO o.a.j.s.SampleResult: sampleresult.nanoThreadSleep=5000
2026-10-07 03:33:25,806 INFO o.a.j.t.JMeterThread: Thread started: POST arrivals 1-2
2026-10-07 03:33:27,661 INFO o.a.j.t.JMeterThread: Thread started: POST arrivals 1-3
2026-10-07 03:33:29,690 INFO o.a.j.t.JMeterThread: Thread is done: POST arrivals 1-1
2026-10-07 03:33:29,690 INFO o.a.j.t.JMeterThread: Thread finished: POST arrivals 1-1
2026-10-07 03:33:30,984 INFO o.a.j.r.Summariser: summary +      2 in 00:00:06 =    0.3/s Avg:  4638 Min:  4110 Max:  5166 Err:     0 (0.00%) Active: 2 Started: 3 Finished: 1
2026-10-07 03:33:30,985 INFO o.a.j.t.JMeterThread: Thread is done: POST arrivals 1-2
2026-10-07 03:33:30,985 INFO o.a.j.t.JMeterThread: Thread finished: POST arrivals 1-2
2026-10-07 03:33:31,077 INFO o.a.j.t.JMeterThread: Thread started: POST arrivals 1-4
2026-10-07 03:33:33,562 INFO o.a.j.t.JMeterThread: Thread started: POST arrivals 1-5
2026-10-07 03:33:33,578 INFO o.a.j.t.JMeterThread: Thread is done: POST arrivals 1-3
2026-10-07 03:33:33,578 INFO o.a.j.t.JMeterThread: Thread finished: POST arrivals 1-3
2026-10-07 03:33:33,817 INFO o.a.j.t.JMeterThread: Thread started: POST arrivals 1-6
2026-10-07 03:33:34,576 INFO o.a.j.t.JMeterThread: Thread is done: POST arrivals 1-4
2026-10-07 03:33:34,577 INFO o.a.j.t.JMeterThread: Thread finished: POST arrivals 1-4
2026-10-07 03:33:35,060 INFO o.a.j.t.JMeterThread: Thread started: POST arrivals 1-7
2026-10-07 03:33:36,379 INFO o.a.j.t.JMeterThread: Thread is done: POST arrivals 1-5
2026-10-07 03:33:36,380 INFO o.a.j.t.JMeterThread: Thread finished: POST arrivals 1-5
2026-10-07 03:33:37,213 INFO o.a.j.t.JMeterThread: Thread is done: POST arrivals 1-6
2026-10-07 03:33:37,213 INFO o.a.j.t.JMeterThread: Thread finished: POST arrivals 1-6
2026-10-07 03:33:37,918 INFO o.a.j.t.JMeterThread: Thread started: POST arrivals 1-8
2026-10-07 03:33:38,154 INFO o.a.j.t.JMeterThread: Thread is done: POST arrivals 1-7
2026-10-07 03:33:38,154 INFO o.a.j.t.JMeterThread: Thread finished: POST arrivals 1-7
2026-10-07 03:33:38,806 INFO o.a.j.t.JMeterThread: Thread started: POST arrivals 1-9
2026-10-07 03:33:39,361 INFO o.a.j.t.JMeterThread: Thread is done: POST arrivals 1-8
2026-10-07 03:33:39,361 INFO o.a.j.t.JMeterThread: Thread finished: POST arrivals 1-8
2026-10-07 03:33:40,383 INFO o.a.j.t.JMeterThread: Thread is done: POST arrivals 1-9
2026-10-07 03:33:40,383 INFO o.a.j.t.JMeterThread: Thread finished: POST arrivals 1-9
2026-10-07 03:33:44,635 INFO o.a.j.t.JMeterThread: Thread started: Stats arrivals 3-1
2026-10-07 03:33:44,664 INFO o.a.j.t.JMeterThread: Thread is done: Stats arrivals 3-1
2026-10-07 03:33:44,665 INFO o.a.j.t.JMeterThread: Thread finished: Stats arrivals 3-1
2026-10-07 03:33:46,257 INFO o.a.j.t.JMeterThread: Thread started: POST arrivals 1-10
2026-10-07 03:33:46,261 INFO o.a.j.t.JMeterThread: Thread started: POST arrivals 1-11
2026-10-07 03:33:47,135 INFO o.a.j.t.JMeterThread: Thread started: POST arrivals 1-12
2026-10-07 03:33:47,336 INFO o.a.j.t.JMeterThread: Thread is done: POST arrivals 1-10
2026-10-07 03:33:47,336 INFO o.a.j.t.JMeterThread: Thread finished: POST arrivals 1-10
2026-10-07 03:33:48,462 INFO o.a.j.t.JMeterThread: Thread started: POST arrivals 1-13
2026-10-07 03:33:50,492 INFO o.a.j.t.JMeterThread: Thread is done: POST arrivals 1-11
2026-10-07 03:33:50,492 INFO o.a.j.t.JMeterThread: Thread finished: POST arrivals 1-11
2026-10-07 03:33:51,878 INFO o.a.j.t.JMeterThread: Thread is done: POST arrivals 1-12
2026-10-07 03:33:51,878 INFO o.a.j.t.JMeterThread: Thread finished: POST arrivals 1-12
2026-10-07 03:33:53,036 INFO o.a.j.t.JMeterThread: Thread is done: POST arrivals 1-13
2026-10-07 03:33:53,036 INFO o.a.j.t.JMeterThread: Thread finished: POST arrivals 1-13
2026-10-07 03:33:55,032 INFO o.a.j.t.JMeterThread: Thread started: POST arrivals 1-14
2026-10-07 03:33:56,208 INFO o.a.j.t.JMeterThread: Thread is done: POST arrivals 1-14
2026-10-07 03:33:56,209 INFO o.a.j.t.JMeterThread: Thread finished: POST arrivals 1-14
2026-10-07 03:33:58,232 INFO o.a.j.t.JMeterThread: Thread started: POST arrivals 1-15
2026-10-07 03:33:59,389 INFO o.a.j.t.JMeterThread: Thread started: POST arrivals 1-16
2026-10-07 03:34:00,001 INFO o.a.j.r.Summariser: summary +     14 in 00:00:29 =    0.5/s Avg:  2805 Min:    26 Max:  5912 Err:     0 (0.00%) Active: 2 Started: 17 Finished: 15
2026-10-07 03:34:00,002 INFO o.a.j.r.Summariser: summary =     16 in 00:00:35 =    0.5/s Avg:  3034 Min:    26 Max:  5912 Err:     0 (0.00%)
2026-10-07 03:34:00,002 INFO o.a.j.t.JMeterThread: Thread is done: POST arrivals 1-15
2026-10-07 03:34:00,002 INFO o.a.j.t.JMeterThread: Thread finished: POST arrivals 1-15
2026-10-07 03:34:00,898 INFO o.a.j.t.JMeterThread: Thread is done: POST arrivals 1-16
2026-10-07 03:34:00,898 INFO o.a.j.t.JMeterThread: Thread finished: POST arrivals 1-16
2026-10-07 03:34:01,486 INFO o.a.j.t.JMeterThread: Thread started: POST arrivals 1-17
2026-10-07 03:34:02,232 INFO o.a.j.t.JMeterThread: Thread started: POST arrivals 1-18
2026-10-07 03:34:02,865 INFO o.a.j.t.JMeterThread: Thread started: POST arrivals 1-19
2026-10-07 03:34:04,249 INFO o.a.j.t.JMeterThread: Thread started: POST arrivals 1-20
2026-10-07 03:34:04,429 INFO o.a.j.t.JMeterThread: Thread is done: POST arrivals 1-17
2026-10-07 03:34:04,430 INFO o.a.j.t.JMeterThread: Thread finished: POST arrivals 1-17
2026-10-07 03:34:07,535 INFO o.a.j.t.JMeterThread: Thread is done: POST arrivals 1-18
2026-10-07 03:34:07,536 INFO o.a.j.t.JMeterThread: Thread finished: POST arrivals 1-18
2026-10-07 03:34:07,672 INFO o.a.j.t.JMeterThread: Thread started: POST arrivals 1-21
2026-10-07 03:34:09,407 INFO o.a.j.t.JMeterThread: Thread started: POST arrivals 1-22
2026-10-07 03:34:09,571 INFO o.a.j.t.JMeterThread: Thread started: POST arrivals 1-23
2026-10-07 03:34:10,048 INFO o.a.j.t.JMeterThread: Thread is done: POST arrivals 1-19
2026-10-07 03:34:10,048 INFO o.a.j.t.JMeterThread: Thread finished: POST arrivals 1-19
2026-10-07 03:34:10,228 INFO o.a.j.t.JMeterThread: Thread started: POST arrivals 1-24
2026-10-07 03:34:11,534 INFO o.a.j.t.JMeterThread: Thread started: POST arrivals 1-25
2026-10-07 03:34:11,713 INFO o.a.j.t.JMeterThread: Thread started: POST arrivals 1-26
2026-10-07 03:34:11,734 INFO o.a.j.t.JMeterThread: Thread started: POST arrivals 1-27
2026-10-07 03:34:12,187 INFO o.a.j.t.JMeterThread: Thread is done: POST arrivals 1-20
2026-10-07 03:34:12,187 INFO o.a.j.t.JMeterThread: Thread finished: POST arrivals 1-20
2026-10-07 03:34:12,831 INFO o.a.j.t.JMeterThread: Thread started: POST arrivals 1-28
2026-10-07 03:34:13,317 INFO o.a.j.t.JMeterThread: Thread started: POST arrivals 1-29
2026-10-07 03:34:13,322 INFO o.a.j.t.JMeterThread: Thread started: POST arrivals 1-30
2026-10-07 03:34:13,536 INFO o.a.j.t.JMeterThread: Thread started: POST arrivals 1-31
2026-10-07 03:34:15,507 INFO o.a.j.t.JMeterThread: Thread is done: POST arrivals 1-21
2026-10-07 03:34:15,507 INFO o.a.j.t.JMeterThread: Thread finished: POST arrivals 1-21
2026-10-07 03:34:17,020 INFO o.a.j.t.JMeterThread: Thread started: Search arrivals 2-1
2026-10-07 03:34:17,692 INFO o.a.j.t.JMeterThread: Thread started: POST arrivals 1-32
2026-10-07 03:34:18,215 INFO o.a.j.t.JMeterThread: Thread started: Search arrivals 2-2
2026-10-07 03:34:18,943 INFO o.a.j.t.JMeterThread: Thread is done: POST arrivals 1-22
2026-10-07 03:34:18,943 INFO o.a.j.t.JMeterThread: Thread finished: POST arrivals 1-22
2026-10-07 03:34:19,693 INFO o.a.j.t.JMeterThread: Thread is done: POST arrivals 1-23
2026-10-07 03:34:19,694 INFO o.a.j.t.JMeterThread: Thread finished: POST arrivals 1-23
2026-10-07 03:34:20,026 INFO o.a.j.t.JMeterThread: Thread started: Search arrivals 2-3
2026-10-07 03:34:21,125 INFO o.a.j.t.JMeterThread: Thread is done: POST arrivals 1-24
2026-10-07 03:34:21,125 INFO o.a.j.t.JMeterThread: Thread finished: POST arrivals 1-24
2026-10-07 03:34:22,242 INFO o.a.j.t.JMeterThread: Thread started: POST arrivals 1-33
2026-10-07 03:34:22,567 INFO o.a.j.t.JMeterThread: Thread is done: POST arrivals 1-25
2026-10-07 03:34:22,567 INFO o.a.j.t.JMeterThread: Thread finished: POST arrivals 1-25
2026-10-07 03:34:23,305 INFO o.a.j.t.JMeterThread: Thread started: POST arrivals 1-34
2026-10-07 03:34:23,431 INFO o.a.j.t.JMeterThread: Thread started: Search arrivals 2-4
2026-10-07 03:34:23,578 INFO o.a.j.t.JMeterThread: Thread is done: POST arrivals 1-26
2026-10-07 03:34:23,578 INFO o.a.j.t.JMeterThread: Thread finished: POST arrivals 1-26
2026-10-07 03:34:25,212 INFO o.a.j.t.JMeterThread: Thread started: POST arrivals 1-35
2026-10-07 03:34:25,596 INFO o.a.j.t.JMeterThread: Thread is done: POST arrivals 1-27
2026-10-07 03:34:25,596 INFO o.a.j.t.JMeterThread: Thread finished: POST arrivals 1-27
2026-10-07 03:34:26,528 INFO o.a.j.t.JMeterThread: Thread is done: POST arrivals 1-28
2026-10-07 03:34:26,529 INFO o.a.j.t.JMeterThread: Thread finished: POST arrivals 1-28
2026-10-07 03:34:27,885 INFO o.a.j.t.JMeterThread: Thread started: POST arrivals 1-36
2026-10-07 03:34:28,391 INFO o.a.j.t.JMeterThread: Thread is done: POST arrivals 1-29
2026-10-07 03:34:28,391 INFO o.a.j.t.JMeterThread: Thread finished: POST arrivals 1-29
2026-10-07 03:34:28,802 INFO o.a.j.t.JMeterThread: Thread started: POST arrivals 1-37
2026-10-07 03:34:29,356 INFO o.a.j.t.JMeterThread: Thread started: POST arrivals 1-38
2026-10-07 03:34:29,553 INFO o.a.j.t.JMeterThread: Thread started: POST arrivals 1-39
2026-10-07 03:34:29,661 INFO o.a.j.t.JMeterThread: Thread started: POST arrivals 1-40
2026-10-07 03:34:30,760 INFO o.a.j.r.Summariser: summary +     15 in 00:00:31 =    0.5/s Avg:  9745 Min:  1504 Max: 17431 Err:     0 (0.00%) Active: 15 Started: 45 Finished: 30
2026-10-07 03:34:30,761 INFO o.a.j.r.Summariser: summary =     31 in 00:01:06 =    0.5/s Avg:  6281 Min:    26 Max: 17431 Err:     0 (0.00%)
2026-10-07 03:34:30,761 INFO o.a.j.t.JMeterThread: Thread is done: POST arrivals 1-30
2026-10-07 03:34:30,761 INFO o.a.j.t.JMeterThread: Thread finished: POST arrivals 1-30
2026-10-07 03:34:31,259 INFO o.a.j.t.JMeterThread: Thread started: POST arrivals 1-41
2026-10-07 03:34:32,486 INFO o.a.j.t.JMeterThread: Thread is done: POST arrivals 1-31
2026-10-07 03:34:32,486 INFO o.a.j.t.JMeterThread: Thread finished: POST arrivals 1-31
2026-10-07 03:34:32,500 INFO o.a.j.t.JMeterThread: Thread is done: Search arrivals 2-1
2026-10-07 03:34:32,509 INFO o.a.j.t.JMeterThread: Thread finished: Search arrivals 2-1
2026-10-07 03:34:34,144 INFO o.a.j.t.JMeterThread: Thread started: POST arrivals 1-42
2026-10-07 03:34:34,484 INFO o.a.j.t.JMeterThread: Thread is done: POST arrivals 1-32
2026-10-07 03:34:34,484 INFO o.a.j.t.JMeterThread: Thread finished: POST arrivals 1-32
2026-10-07 03:34:34,497 INFO o.a.j.t.JMeterThread: Thread is done: Search arrivals 2-2
2026-10-07 03:34:34,497 INFO o.a.j.t.JMeterThread: Thread finished: Search arrivals 2-2
2026-10-07 03:34:34,515 INFO o.a.j.t.JMeterThread: Thread is done: Search arrivals 2-3
2026-10-07 03:34:34,515 INFO o.a.j.t.JMeterThread: Thread finished: Search arrivals 2-3
2026-10-07 03:34:35,360 INFO o.a.j.t.JMeterThread: Thread is done: POST arrivals 1-33
2026-10-07 03:34:35,361 INFO o.a.j.t.JMeterThread: Thread finished: POST arrivals 1-33
2026-10-07 03:34:36,539 INFO o.a.j.t.JMeterThread: Thread started: POST arrivals 1-43
2026-10-07 03:34:36,968 INFO o.a.j.t.JMeterThread: Thread started: POST arrivals 1-44
2026-10-07 03:34:36,969 INFO o.a.j.t.JMeterThread: Thread is done: POST arrivals 1-34
2026-10-07 03:34:36,969 INFO o.a.j.t.JMeterThread: Thread finished: POST arrivals 1-34
2026-10-07 03:34:36,986 INFO o.a.j.t.JMeterThread: Thread is done: Search arrivals 2-4
2026-10-07 03:34:36,986 INFO o.a.j.t.JMeterThread: Thread finished: Search arrivals 2-4
2026-10-07 03:34:38,326 INFO o.a.j.t.JMeterThread: Thread started: POST arrivals 1-45
2026-10-07 03:34:38,546 INFO o.a.j.t.JMeterThread: Thread is done: POST arrivals 1-35
2026-10-07 03:34:38,546 INFO o.a.j.t.JMeterThread: Thread finished: POST arrivals 1-35
2026-10-07 03:34:41,155 INFO o.a.j.t.JMeterThread: Thread is done: POST arrivals 1-36
2026-10-07 03:34:41,155 INFO o.a.j.t.JMeterThread: Thread finished: POST arrivals 1-36
2026-10-07 03:34:41,306 INFO o.a.j.t.JMeterThread: Thread started: Stats arrivals 3-2
2026-10-07 03:34:42,312 INFO o.a.j.t.JMeterThread: Thread is done: POST arrivals 1-37
2026-10-07 03:34:42,313 INFO o.a.j.t.JMeterThread: Thread finished: POST arrivals 1-37
2026-10-07 03:34:42,789 INFO o.a.j.t.JMeterThread: Thread started: Search arrivals 2-5
2026-10-07 03:34:43,404 INFO o.a.j.t.JMeterThread: Thread is done: POST arrivals 1-38
2026-10-07 03:34:43,404 INFO o.a.j.t.JMeterThread: Thread finished: POST arrivals 1-38
2026-10-07 03:34:43,929 INFO o.a.j.t.JMeterThread: Thread started: POST arrivals 1-46
2026-10-07 03:34:45,249 INFO o.a.j.t.JMeterThread: Thread is done: POST arrivals 1-39
2026-10-07 03:34:45,249 INFO o.a.j.t.JMeterThread: Thread finished: POST arrivals 1-39
2026-10-07 03:34:46,141 INFO o.a.j.t.JMeterThread: Thread started: POST arrivals 1-47
2026-10-07 03:34:46,173 INFO o.a.j.t.JMeterThread: Thread started: POST arrivals 1-48
2026-10-07 03:34:47,123 INFO o.a.j.t.JMeterThread: Thread is done: POST arrivals 1-40
2026-10-07 03:34:47,123 INFO o.a.j.t.JMeterThread: Thread finished: POST arrivals 1-40
2026-10-07 03:34:47,588 INFO o.a.j.t.JMeterThread: Thread started: POST arrivals 1-49
2026-10-07 03:34:48,504 INFO o.a.j.t.JMeterThread: Thread is done: POST arrivals 1-41
2026-10-07 03:34:48,504 INFO o.a.j.t.JMeterThread: Thread finished: POST arrivals 1-41
2026-10-07 03:34:48,572 INFO o.a.j.t.JMeterThread: Thread started: POST arrivals 1-50
2026-10-07 03:34:49,862 INFO o.a.j.t.JMeterThread: Thread started: POST arrivals 1-51
2026-10-07 03:34:51,355 INFO o.a.j.t.JMeterThread: Thread started: Search arrivals 2-6
2026-10-07 03:34:51,877 INFO o.a.j.t.JMeterThread: Thread is done: POST arrivals 1-42
2026-10-07 03:34:51,877 INFO o.a.j.t.JMeterThread: Thread finished: POST arrivals 1-42
2026-10-07 03:34:53,294 INFO o.a.j.t.JMeterThread: Thread started: Search arrivals 2-7
2026-10-07 03:34:53,478 INFO o.a.j.t.JMeterThread: Thread started: POST arrivals 1-52
2026-10-07 03:34:55,534 INFO o.a.j.t.JMeterThread: Thread is done: POST arrivals 1-43
2026-10-07 03:34:55,535 INFO o.a.j.t.JMeterThread: Thread finished: POST arrivals 1-43
2026-10-07 03:34:56,218 INFO o.a.j.t.JMeterThread: Thread started: Search arrivals 2-8
2026-10-07 03:34:56,876 INFO o.a.j.t.JMeterThread: Thread is done: POST arrivals 1-44
2026-10-07 03:34:56,877 INFO o.a.j.t.JMeterThread: Thread finished: POST arrivals 1-44
2026-10-07 03:34:58,164 INFO o.a.j.t.JMeterThread: Thread started: POST arrivals 1-53
2026-10-07 03:34:58,440 INFO o.a.j.t.JMeterThread: Thread is done: POST arrivals 1-45
2026-10-07 03:34:58,441 INFO o.a.j.t.JMeterThread: Thread finished: POST arrivals 1-45
2026-10-07 03:34:58,455 INFO o.a.j.t.JMeterThread: Thread is done: Stats arrivals 3-2
2026-10-07 03:34:58,455 INFO o.a.j.t.JMeterThread: Thread finished: Stats arrivals 3-2
2026-10-07 03:34:58,474 INFO o.a.j.t.JMeterThread: Thread is done: Search arrivals 2-5
2026-10-07 03:34:58,474 INFO o.a.j.t.JMeterThread: Thread finished: Search arrivals 2-5
2026-10-07 03:34:59,941 INFO o.a.j.t.JMeterThread: Thread started: POST arrivals 1-54
2026-10-07 03:34:59,974 INFO o.a.j.t.JMeterThread: Thread is done: POST arrivals 1-46
2026-10-07 03:34:59,975 INFO o.a.j.t.JMeterThread: Thread finished: POST arrivals 1-46
2026-10-07 03:35:02,327 INFO o.a.j.t.JMeterThread: Thread started: POST arrivals 1-55
2026-10-07 03:35:02,331 INFO o.a.j.r.Summariser: summary +     23 in 00:00:32 =    0.7/s Avg: 16026 Min: 13112 Max: 20110 Err:     0 (0.00%) Active: 12 Started: 65 Finished: 53
2026-10-07 03:35:02,332 INFO o.a.j.r.Summariser: summary =     54 in 00:01:38 =    0.6/s Avg: 10432 Min:    26 Max: 20110 Err:     0 (0.00%)
2026-10-07 03:35:02,333 INFO o.a.j.t.JMeterThread: Thread is done: POST arrivals 1-47
2026-10-07 03:35:02,333 INFO o.a.j.t.JMeterThread: Thread finished: POST arrivals 1-47
2026-10-07 03:35:03,581 INFO o.a.j.t.JMeterThread: Thread is done: POST arrivals 1-48
2026-10-07 03:35:03,582 INFO o.a.j.t.JMeterThread: Thread finished: POST arrivals 1-48
2026-10-07 03:35:04,878 INFO o.a.j.t.JMeterThread: Thread is done: POST arrivals 1-49
2026-10-07 03:35:04,878 INFO o.a.j.t.JMeterThread: Thread finished: POST arrivals 1-49
2026-10-07 03:35:05,106 INFO o.a.j.t.JMeterThread: Thread started: POST arrivals 1-56
2026-10-07 03:35:05,851 INFO o.a.j.t.JMeterThread: Thread is done: POST arrivals 1-50
2026-10-07 03:35:05,851 INFO o.a.j.t.JMeterThread: Thread finished: POST arrivals 1-50
2026-10-07 03:35:07,243 INFO o.a.j.t.JMeterThread: Thread is done: POST arrivals 1-51
2026-10-07 03:35:07,243 INFO o.a.j.t.JMeterThread: Thread finished: POST arrivals 1-51
2026-10-07 03:35:07,264 INFO o.a.j.t.JMeterThread: Thread is done: Search arrivals 2-6
2026-10-07 03:35:07,264 INFO o.a.j.t.JMeterThread: Thread finished: Search arrivals 2-6
2026-10-07 03:35:07,279 INFO o.a.j.t.JMeterThread: Thread is done: Search arrivals 2-7
2026-10-07 03:35:07,280 INFO o.a.j.t.JMeterThread: Thread finished: Search arrivals 2-7
2026-10-07 03:35:07,971 INFO o.a.j.t.JMeterThread: Thread started: POST arrivals 1-57
2026-10-07 03:35:08,445 INFO o.a.j.t.JMeterThread: Thread is done: POST arrivals 1-52
2026-10-07 03:35:08,445 INFO o.a.j.t.JMeterThread: Thread finished: POST arrivals 1-52
2026-10-07 03:35:08,460 INFO o.a.j.t.JMeterThread: Thread is done: Search arrivals 2-8
2026-10-07 03:35:08,460 INFO o.a.j.t.JMeterThread: Thread finished: Search arrivals 2-8
2026-10-07 03:35:08,710 INFO o.a.j.t.JMeterThread: Thread started: POST arrivals 1-58
2026-10-07 03:35:09,367 INFO o.a.j.t.JMeterThread: Thread started: POST arrivals 1-59
2026-10-07 03:35:10,272 INFO o.a.j.t.JMeterThread: Thread is done: POST arrivals 1-53
2026-10-07 03:35:10,272 INFO o.a.j.t.JMeterThread: Thread finished: POST arrivals 1-53
2026-10-07 03:35:10,538 INFO o.a.j.t.JMeterThread: Thread started: POST arrivals 1-60
2026-10-07 03:35:11,455 INFO o.a.j.t.JMeterThread: Thread started: POST arrivals 1-61
2026-10-07 03:35:12,464 INFO o.a.j.t.JMeterThread: Thread started: Search arrivals 2-9
2026-10-07 03:35:13,523 INFO o.a.j.t.JMeterThread: Thread started: POST arrivals 1-62
2026-10-07 03:35:13,798 INFO o.a.j.t.JMeterThread: Thread is done: POST arrivals 1-54
2026-10-07 03:35:13,798 INFO o.a.j.t.JMeterThread: Thread finished: POST arrivals 1-54
2026-10-07 03:35:13,984 INFO o.a.j.t.JMeterThread: Thread started: POST arrivals 1-63
2026-10-07 03:35:17,709 INFO o.a.j.t.JMeterThread: Thread is done: POST arrivals 1-55
2026-10-07 03:35:17,709 INFO o.a.j.t.JMeterThread: Thread finished: POST arrivals 1-55
2026-10-07 03:35:18,553 INFO o.a.j.t.JMeterThread: Thread started: Search arrivals 2-10
2026-10-07 03:35:18,869 INFO o.a.j.t.JMeterThread: Thread is done: POST arrivals 1-56
2026-10-07 03:35:18,870 INFO o.a.j.t.JMeterThread: Thread finished: POST arrivals 1-56
2026-10-07 03:35:20,158 INFO o.a.j.t.JMeterThread: Thread started: Search arrivals 2-11
2026-10-07 03:35:20,484 INFO o.a.j.t.JMeterThread: Thread started: POST arrivals 1-64
2026-10-07 03:35:20,854 INFO o.a.j.t.JMeterThread: Thread started: POST arrivals 1-65
2026-10-07 03:35:20,863 INFO o.a.j.t.JMeterThread: Thread is done: POST arrivals 1-57
2026-10-07 03:35:20,863 INFO o.a.j.t.JMeterThread: Thread finished: POST arrivals 1-57
2026-10-07 03:35:21,188 INFO o.a.j.t.JMeterThread: Thread started: Search arrivals 2-12
2026-10-07 03:35:21,307 INFO o.a.j.t.JMeterThread: Thread started: Search arrivals 2-13
2026-10-07 03:35:21,788 INFO o.a.j.t.JMeterThread: Thread started: POST arrivals 1-66
2026-10-07 03:35:23,008 INFO o.a.j.t.JMeterThread: Thread started: Stats arrivals 3-3
2026-10-07 03:35:23,225 INFO o.a.j.t.JMeterThread: Thread is done: POST arrivals 1-58
2026-10-07 03:35:23,226 INFO o.a.j.t.JMeterThread: Thread finished: POST arrivals 1-58
2026-10-07 03:35:23,702 INFO o.a.j.t.JMeterThread: Thread started: POST arrivals 1-67
2026-10-07 03:35:23,838 INFO o.a.j.t.JMeterThread: Thread started: POST arrivals 1-68
2026-10-07 03:35:24,426 INFO o.a.j.t.JMeterThread: Thread is done: POST arrivals 1-59
2026-10-07 03:35:24,426 INFO o.a.j.t.JMeterThread: Thread finished: POST arrivals 1-59
2026-10-07 03:35:24,666 INFO o.a.j.t.JMeterThread: Thread started: POST arrivals 1-69
2026-10-07 03:35:26,161 INFO o.a.j.t.JMeterThread: Thread is done: POST arrivals 1-60
2026-10-07 03:35:26,161 INFO o.a.j.t.JMeterThread: Thread finished: POST arrivals 1-60
2026-10-07 03:35:26,574 INFO o.a.j.t.JMeterThread: Thread started: POST arrivals 1-70
2026-10-07 03:35:28,324 INFO o.a.j.t.JMeterThread: Thread started: Stats arrivals 3-4
2026-10-07 03:35:29,146 INFO o.a.j.t.JMeterThread: Thread is done: POST arrivals 1-61
2026-10-07 03:35:29,146 INFO o.a.j.t.JMeterThread: Thread finished: POST arrivals 1-61
2026-10-07 03:35:29,163 INFO o.a.j.t.JMeterThread: Thread is done: Search arrivals 2-9
2026-10-07 03:35:29,163 INFO o.a.j.t.JMeterThread: Thread finished: Search arrivals 2-9
2026-10-07 03:35:29,959 INFO o.a.j.t.JMeterThread: Thread is done: POST arrivals 1-62
2026-10-07 03:35:29,959 INFO o.a.j.t.JMeterThread: Thread finished: POST arrivals 1-62
2026-10-07 03:35:31,387 INFO o.a.j.t.JMeterThread: Thread started: POST arrivals 1-71
2026-10-07 03:35:31,823 INFO o.a.j.r.Summariser: summary +     20 in 00:00:29 =    0.7/s Avg: 15412 Min: 12103 Max: 17835 Err:     0 (0.00%) Active: 15 Started: 88 Finished: 73
2026-10-07 03:35:31,823 INFO o.a.j.r.Summariser: summary =     74 in 00:02:07 =    0.6/s Avg: 11778 Min:    26 Max: 20110 Err:     0 (0.00%)
2026-10-07 03:35:31,824 INFO o.a.j.t.JMeterThread: Thread is done: POST arrivals 1-63
2026-10-07 03:35:31,824 INFO o.a.j.t.JMeterThread: Thread finished: POST arrivals 1-63
2026-10-07 03:35:31,843 INFO o.a.j.t.JMeterThread: Thread is done: Search arrivals 2-10
2026-10-07 03:35:31,843 INFO o.a.j.t.JMeterThread: Thread finished: Search arrivals 2-10
2026-10-07 03:35:31,864 INFO o.a.j.t.JMeterThread: Thread is done: Search arrivals 2-11
2026-10-07 03:35:31,864 INFO o.a.j.t.JMeterThread: Thread finished: Search arrivals 2-11
2026-10-07 03:35:32,148 INFO o.a.j.t.JMeterThread: Thread started: POST arrivals 1-72
2026-10-07 03:35:33,721 INFO o.a.j.t.JMeterThread: Thread started: POST arrivals 1-73
2026-10-07 03:35:34,545 INFO o.a.j.t.JMeterThread: Thread is done: POST arrivals 1-64
2026-10-07 03:35:34,546 INFO o.a.j.t.JMeterThread: Thread finished: POST arrivals 1-64
2026-10-07 03:35:35,160 INFO o.a.j.t.JMeterThread: Thread started: Stats arrivals 3-5
2026-10-07 03:35:35,261 INFO o.a.j.t.JMeterThread: Thread started: POST arrivals 1-74
2026-10-07 03:35:36,847 INFO o.a.j.t.JMeterThread: Thread started: POST arrivals 1-75
2026-10-07 03:35:37,666 INFO o.a.j.t.JMeterThread: Thread is done: POST arrivals 1-65
2026-10-07 03:35:37,667 INFO o.a.j.t.JMeterThread: Thread finished: POST arrivals 1-65
2026-10-07 03:35:37,690 INFO o.a.j.t.JMeterThread: Thread is done: Search arrivals 2-12
2026-10-07 03:35:37,690 INFO o.a.j.t.JMeterThread: Thread finished: Search arrivals 2-12
2026-10-07 03:35:37,705 INFO o.a.j.t.JMeterThread: Thread is done: Search arrivals 2-13
2026-10-07 03:35:37,705 INFO o.a.j.t.JMeterThread: Thread finished: Search arrivals 2-13
2026-10-07 03:35:38,556 INFO o.a.j.t.JMeterThread: Thread started: POST arrivals 1-76
2026-10-07 03:35:39,701 INFO o.a.j.t.JMeterThread: Thread started: Stats arrivals 3-6
2026-10-07 03:35:39,771 INFO o.a.j.t.JMeterThread: Thread started: POST arrivals 1-77
2026-10-07 03:35:39,869 INFO o.a.j.t.JMeterThread: Thread is done: POST arrivals 1-66
2026-10-07 03:35:39,869 INFO o.a.j.t.JMeterThread: Thread finished: POST arrivals 1-66
2026-10-07 03:35:39,887 INFO o.a.j.t.JMeterThread: Thread is done: Stats arrivals 3-3
2026-10-07 03:35:39,887 INFO o.a.j.t.JMeterThread: Thread finished: Stats arrivals 3-3
2026-10-07 03:35:40,944 INFO o.a.j.t.JMeterThread: Thread started: POST arrivals 1-78
2026-10-07 03:35:41,022 INFO o.a.j.t.JMeterThread: Thread started: Search arrivals 2-14
2026-10-07 03:35:41,254 INFO o.a.j.t.JMeterThread: Thread is done: POST arrivals 1-67
2026-10-07 03:35:41,254 INFO o.a.j.t.JMeterThread: Thread finished: POST arrivals 1-67
2026-10-07 03:35:43,537 INFO o.a.j.t.JMeterThread: Thread is done: POST arrivals 1-68
2026-10-07 03:35:43,537 INFO o.a.j.t.JMeterThread: Thread finished: POST arrivals 1-68
2026-10-07 03:35:44,419 INFO o.a.j.t.JMeterThread: Thread is done: POST arrivals 1-69
2026-10-07 03:35:44,419 INFO o.a.j.t.JMeterThread: Thread finished: POST arrivals 1-69
2026-10-07 03:35:45,312 INFO o.a.j.t.JMeterThread: Thread is done: POST arrivals 1-70
2026-10-07 03:35:45,313 INFO o.a.j.t.JMeterThread: Thread finished: POST arrivals 1-70
2026-10-07 03:35:45,330 INFO o.a.j.t.JMeterThread: Thread is done: Stats arrivals 3-4
2026-10-07 03:35:45,331 INFO o.a.j.t.JMeterThread: Thread finished: Stats arrivals 3-4
2026-10-07 03:35:45,673 INFO o.a.j.t.JMeterThread: Thread started: POST arrivals 1-79
2026-10-07 03:35:47,068 INFO o.a.j.t.JMeterThread: Thread is done: POST arrivals 1-71
2026-10-07 03:35:47,068 INFO o.a.j.t.JMeterThread: Thread finished: POST arrivals 1-71
2026-10-07 03:35:47,706 INFO o.a.j.t.JMeterThread: Thread started: POST arrivals 1-80
2026-10-07 03:35:48,425 INFO o.a.j.t.JMeterThread: Thread is done: POST arrivals 1-72
2026-10-07 03:35:48,426 INFO o.a.j.t.JMeterThread: Thread finished: POST arrivals 1-72
2026-10-07 03:35:48,451 INFO o.a.j.t.JMeterThread: Thread started: POST arrivals 1-81
2026-10-07 03:35:49,245 INFO o.a.j.t.JMeterThread: Thread started: POST arrivals 1-82
2026-10-07 03:35:49,777 INFO o.a.j.t.JMeterThread: Thread is done: POST arrivals 1-73
2026-10-07 03:35:49,778 INFO o.a.j.t.JMeterThread: Thread finished: POST arrivals 1-73
2026-10-07 03:35:49,794 INFO o.a.j.t.JMeterThread: Thread is done: Stats arrivals 3-5
2026-10-07 03:35:49,794 INFO o.a.j.t.JMeterThread: Thread finished: Stats arrivals 3-5
2026-10-07 03:35:50,093 INFO o.a.j.t.JMeterThread: Thread started: POST arrivals 1-83
2026-10-07 03:35:51,422 INFO o.a.j.t.JMeterThread: Thread is done: POST arrivals 1-74
2026-10-07 03:35:51,422 INFO o.a.j.t.JMeterThread: Thread finished: POST arrivals 1-74
2026-10-07 03:35:51,936 INFO o.a.j.t.JMeterThread: Thread started: POST arrivals 1-84
2026-10-07 03:35:52,033 INFO o.a.j.t.JMeterThread: Thread started: POST arrivals 1-85
2026-10-07 03:35:54,592 INFO o.a.j.t.JMeterThread: Thread started: POST arrivals 1-86
2026-10-07 03:35:55,152 INFO o.a.j.t.JMeterThread: Thread is done: POST arrivals 1-75
2026-10-07 03:35:55,153 INFO o.a.j.t.JMeterThread: Thread finished: POST arrivals 1-75
2026-10-07 03:35:55,345 INFO o.a.j.t.JMeterThread: Thread started: POST arrivals 1-87
2026-10-07 03:35:55,770 INFO o.a.j.t.JMeterThread: Thread started: POST arrivals 1-88
2026-10-07 03:35:56,746 INFO o.a.j.t.JMeterThread: Thread is done: POST arrivals 1-76
2026-10-07 03:35:56,746 INFO o.a.j.t.JMeterThread: Thread finished: POST arrivals 1-76
2026-10-07 03:35:56,763 INFO o.a.j.t.JMeterThread: Thread is done: Stats arrivals 3-6
2026-10-07 03:35:56,763 INFO o.a.j.t.JMeterThread: Thread finished: Stats arrivals 3-6
2026-10-07 03:35:57,201 INFO o.a.j.t.JMeterThread: Thread started: Stats arrivals 3-7
2026-10-07 03:35:57,454 INFO o.a.j.t.JMeterThread: Thread started: POST arrivals 1-89
2026-10-07 03:35:57,874 INFO o.a.j.t.JMeterThread: Thread started: POST arrivals 1-90
2026-10-07 03:35:57,914 INFO o.a.j.t.JMeterThread: Thread started: POST arrivals 1-91
2026-10-07 03:35:58,627 INFO o.a.j.t.JMeterThread: Thread is done: POST arrivals 1-77
2026-10-07 03:35:58,627 INFO o.a.j.t.JMeterThread: Thread finished: POST arrivals 1-77
2026-10-07 03:35:58,821 INFO o.a.j.t.JMeterThread: Thread started: POST arrivals 1-92
2026-10-07 03:35:58,871 INFO o.a.j.t.JMeterThread: Thread started: POST arrivals 1-93
2026-10-07 03:36:02,929 INFO o.a.j.r.Summariser: summary +     23 in 00:00:31 =    0.7/s Avg: 16938 Min: 11704 Max: 21979 Err:     0 (0.00%) Active: 18 Started: 114 Finished: 96
2026-10-07 03:36:02,930 INFO o.a.j.r.Summariser: summary =     97 in 00:02:38 =    0.6/s Avg: 13001 Min:    26 Max: 21979 Err:     0 (0.00%)
2026-10-07 03:36:02,931 INFO o.a.j.t.JMeterThread: Thread is done: POST arrivals 1-78
2026-10-07 03:36:02,932 INFO o.a.j.t.JMeterThread: Thread finished: POST arrivals 1-78
2026-10-07 03:36:02,950 INFO o.a.j.t.JMeterThread: Thread is done: Search arrivals 2-14
2026-10-07 03:36:02,950 INFO o.a.j.t.JMeterThread: Thread finished: Search arrivals 2-14
2026-10-07 03:36:04,372 INFO o.a.j.t.JMeterThread: Thread is done: POST arrivals 1-79
2026-10-07 03:36:04,372 INFO o.a.j.t.JMeterThread: Thread finished: POST arrivals 1-79
2026-10-07 03:36:04,862 INFO o.a.j.t.JMeterThread: Thread started: POST arrivals 1-94
2026-10-07 03:36:05,055 INFO o.a.j.t.JMeterThread: Thread started: POST arrivals 1-95
2026-10-07 03:36:06,542 INFO o.a.j.t.JMeterThread: Thread started: Search arrivals 2-15
2026-10-07 03:36:07,624 INFO o.a.j.t.JMeterThread: Thread started: Search arrivals 2-16
2026-10-07 03:36:07,716 INFO o.a.j.t.JMeterThread: Thread is done: POST arrivals 1-80
2026-10-07 03:36:07,716 INFO o.a.j.t.JMeterThread: Thread finished: POST arrivals 1-80
2026-10-07 03:36:09,129 INFO o.a.j.t.JMeterThread: Thread started: Stats arrivals 3-8
2026-10-07 03:36:09,569 INFO o.a.j.t.JMeterThread: Thread is done: POST arrivals 1-81
2026-10-07 03:36:09,569 INFO o.a.j.t.JMeterThread: Thread finished: POST arrivals 1-81
2026-10-07 03:36:10,554 INFO o.a.j.t.JMeterThread: Thread started: POST arrivals 1-96
2026-10-07 03:36:12,379 INFO o.a.j.t.JMeterThread: Thread started: POST arrivals 1-97
2026-10-07 03:36:12,416 INFO o.a.j.t.JMeterThread: Thread is done: POST arrivals 1-82
2026-10-07 03:36:12,416 INFO o.a.j.t.JMeterThread: Thread finished: POST arrivals 1-82
2026-10-07 03:36:13,878 INFO o.a.j.t.JMeterThread: Thread is done: POST arrivals 1-83
2026-10-07 03:36:13,878 INFO o.a.j.t.JMeterThread: Thread finished: POST arrivals 1-83
2026-10-07 03:36:17,335 INFO o.a.j.t.JMeterThread: Thread started: POST arrivals 1-98
2026-10-07 03:36:17,367 INFO o.a.j.t.JMeterThread: Thread started: POST arrivals 1-99
2026-10-07 03:36:17,496 INFO o.a.j.t.JMeterThread: Thread started: POST arrivals 1-100
2026-10-07 03:36:17,891 INFO o.a.j.t.JMeterThread: Thread is done: POST arrivals 1-84
2026-10-07 03:36:17,891 INFO o.a.j.t.JMeterThread: Thread finished: POST arrivals 1-84
2026-10-07 03:36:20,483 INFO o.a.j.t.JMeterThread: Thread is done: POST arrivals 1-85
2026-10-07 03:36:20,483 INFO o.a.j.t.JMeterThread: Thread finished: POST arrivals 1-85
2026-10-07 03:36:21,021 INFO o.a.j.t.JMeterThread: Thread started: POST arrivals 1-101
2026-10-07 03:36:22,100 INFO o.a.j.t.JMeterThread: Thread started: Stats arrivals 3-9
2026-10-07 03:36:23,725 INFO o.a.j.t.JMeterThread: Thread is done: POST arrivals 1-86
2026-10-07 03:36:23,725 INFO o.a.j.t.JMeterThread: Thread finished: POST arrivals 1-86
2026-10-07 03:36:25,022 INFO o.a.j.t.JMeterThread: Thread started: POST arrivals 1-102
2026-10-07 03:36:27,283 INFO o.a.j.t.JMeterThread: Thread is done: POST arrivals 1-87
2026-10-07 03:36:27,284 INFO o.a.j.t.JMeterThread: Thread finished: POST arrivals 1-87
2026-10-07 03:36:27,437 INFO o.a.j.t.JMeterThread: Thread started: POST arrivals 1-103
2026-10-07 03:36:28,477 INFO o.a.j.t.JMeterThread: Thread started: Search arrivals 2-17
2026-10-07 03:36:28,707 INFO o.a.j.t.JMeterThread: Thread is done: POST arrivals 1-88
2026-10-07 03:36:28,708 INFO o.a.j.t.JMeterThread: Thread finished: POST arrivals 1-88
2026-10-07 03:36:28,725 INFO o.a.j.t.JMeterThread: Thread is done: Stats arrivals 3-7
2026-10-07 03:36:28,725 INFO o.a.j.t.JMeterThread: Thread finished: Stats arrivals 3-7
2026-10-07 03:36:30,116 INFO o.a.j.r.Summariser: summary +     13 in 00:00:27 =    0.5/s Avg: 26250 Min: 18697 Max: 32935 Err:     0 (0.00%) Active: 20 Started: 129 Finished: 109
2026-10-07 03:36:30,117 INFO o.a.j.r.Summariser: summary =    110 in 00:03:05 =    0.6/s Avg: 14567 Min:    26 Max: 32935 Err:     0 (0.00%)
2026-10-07 03:36:30,118 INFO o.a.j.t.JMeterThread: Thread is done: POST arrivals 1-89
2026-10-07 03:36:30,118 INFO o.a.j.t.JMeterThread: Thread finished: POST arrivals 1-89
2026-10-07 03:36:30,959 INFO o.a.j.t.JMeterThread: Thread started: POST arrivals 1-104
2026-10-07 03:36:30,981 INFO o.a.j.t.JMeterThread: Thread is done: POST arrivals 1-90
2026-10-07 03:36:30,981 INFO o.a.j.t.JMeterThread: Thread finished: POST arrivals 1-90
2026-10-07 03:36:32,573 INFO o.a.j.t.JMeterThread: Thread is done: POST arrivals 1-91
2026-10-07 03:36:32,573 INFO o.a.j.t.JMeterThread: Thread finished: POST arrivals 1-91
2026-10-07 03:36:33,579 INFO o.a.j.t.JMeterThread: Thread started: Search arrivals 2-18
2026-10-07 03:36:34,358 INFO o.a.j.t.JMeterThread: Thread is done: POST arrivals 1-92
2026-10-07 03:36:34,358 INFO o.a.j.t.JMeterThread: Thread finished: POST arrivals 1-92
2026-10-07 03:36:35,405 INFO o.a.j.t.JMeterThread: Thread started: POST arrivals 1-105
2026-10-07 03:36:35,756 INFO o.a.j.t.JMeterThread: Thread started: POST arrivals 1-106
2026-10-07 03:36:35,873 INFO o.a.j.t.JMeterThread: Thread is done: POST arrivals 1-93
2026-10-07 03:36:35,873 INFO o.a.j.t.JMeterThread: Thread finished: POST arrivals 1-93
2026-10-07 03:36:36,823 INFO o.a.j.t.JMeterThread: Thread started: POST arrivals 1-107
2026-10-07 03:36:38,351 INFO o.a.j.t.JMeterThread: Thread started: Search arrivals 2-19
2026-10-07 03:36:38,837 INFO o.a.j.t.JMeterThread: Thread started: POST arrivals 1-108
2026-10-07 03:36:38,859 INFO o.a.j.t.JMeterThread: Thread started: POST arrivals 1-109
2026-10-07 03:36:39,365 INFO o.a.j.t.JMeterThread: Thread started: POST arrivals 1-110
2026-10-07 03:36:39,500 INFO o.a.j.t.JMeterThread: Thread is done: POST arrivals 1-94
2026-10-07 03:36:39,501 INFO o.a.j.t.JMeterThread: Thread finished: POST arrivals 1-94
2026-10-07 03:36:43,278 INFO o.a.j.t.JMeterThread: Thread is done: POST arrivals 1-95
2026-10-07 03:36:43,279 INFO o.a.j.t.JMeterThread: Thread finished: POST arrivals 1-95
2026-10-07 03:36:43,300 INFO o.a.j.t.JMeterThread: Thread is done: Search arrivals 2-15
2026-10-07 03:36:43,301 INFO o.a.j.t.JMeterThread: Thread finished: Search arrivals 2-15
2026-10-07 03:36:43,324 INFO o.a.j.t.JMeterThread: Thread is done: Search arrivals 2-16
2026-10-07 03:36:43,324 INFO o.a.j.t.JMeterThread: Thread finished: Search arrivals 2-16
2026-10-07 03:36:43,340 INFO o.a.j.t.JMeterThread: Thread is done: Stats arrivals 3-8
2026-10-07 03:36:43,340 INFO o.a.j.t.JMeterThread: Thread finished: Stats arrivals 3-8
2026-10-07 03:36:43,944 INFO o.a.j.t.JMeterThread: Thread started: Search arrivals 2-20
2026-10-07 03:36:45,094 INFO o.a.j.t.JMeterThread: Thread started: POST arrivals 1-111
2026-10-07 03:36:45,497 INFO o.a.j.t.JMeterThread: Thread started: POST arrivals 1-112
2026-10-07 03:36:46,227 INFO o.a.j.t.JMeterThread: Thread started: Search arrivals 2-21
2026-10-07 03:36:46,490 INFO o.a.j.t.JMeterThread: Thread is done: POST arrivals 1-96
2026-10-07 03:36:46,490 INFO o.a.j.t.JMeterThread: Thread finished: POST arrivals 1-96
2026-10-07 03:36:47,648 INFO o.a.j.t.JMeterThread: Thread started: POST arrivals 1-113
2026-10-07 03:36:47,853 INFO o.a.j.t.JMeterThread: Thread started: POST arrivals 1-114
2026-10-07 03:36:47,872 INFO o.a.j.t.JMeterThread: Thread started: POST arrivals 1-115
2026-10-07 03:36:48,301 INFO o.a.j.t.JMeterThread: Thread started: Search arrivals 2-22
2026-10-07 03:36:48,400 INFO o.a.j.t.JMeterThread: Thread started: POST arrivals 1-116
2026-10-07 03:36:49,282 INFO o.a.j.t.JMeterThread: Thread is done: POST arrivals 1-97
2026-10-07 03:36:49,282 INFO o.a.j.t.JMeterThread: Thread finished: POST arrivals 1-97
2026-10-07 03:36:51,441 INFO o.a.j.t.JMeterThread: Thread is done: POST arrivals 1-98
2026-10-07 03:36:51,441 INFO o.a.j.t.JMeterThread: Thread finished: POST arrivals 1-98
2026-10-07 03:36:52,060 INFO o.a.j.t.JMeterThread: Thread started: POST arrivals 1-117
2026-10-07 03:36:52,547 INFO o.a.j.t.JMeterThread: Thread is done: POST arrivals 1-99
2026-10-07 03:36:52,547 INFO o.a.j.t.JMeterThread: Thread finished: POST arrivals 1-99
2026-10-07 03:36:52,676 INFO o.a.j.t.JMeterThread: Thread started: POST arrivals 1-118
2026-10-07 03:36:54,727 INFO o.a.j.t.JMeterThread: Thread is done: POST arrivals 1-100
2026-10-07 03:36:54,727 INFO o.a.j.t.JMeterThread: Thread finished: POST arrivals 1-100
2026-10-07 03:36:55,502 INFO o.a.j.t.JMeterThread: Thread is done: POST arrivals 1-101
2026-10-07 03:36:55,502 INFO o.a.j.t.JMeterThread: Thread finished: POST arrivals 1-101
2026-10-07 03:36:55,518 INFO o.a.j.t.JMeterThread: Thread is done: Stats arrivals 3-9
2026-10-07 03:36:55,518 INFO o.a.j.t.JMeterThread: Thread finished: Stats arrivals 3-9
2026-10-07 03:36:56,564 INFO o.a.j.t.JMeterThread: Thread started: POST arrivals 1-119
2026-10-07 03:36:56,582 INFO o.a.j.t.JMeterThread: Thread started: POST arrivals 1-120
2026-10-07 03:36:56,933 INFO o.a.j.t.JMeterThread: Thread is done: POST arrivals 1-102
2026-10-07 03:36:56,933 INFO o.a.j.t.JMeterThread: Thread finished: POST arrivals 1-102
2026-10-07 03:36:57,986 INFO o.a.j.t.JMeterThread: Thread is done: POST arrivals 1-103
2026-10-07 03:36:57,986 INFO o.a.j.t.JMeterThread: Thread finished: POST arrivals 1-103
2026-10-07 03:36:58,004 INFO o.a.j.t.JMeterThread: Thread is done: Search arrivals 2-17
2026-10-07 03:36:58,004 INFO o.a.j.t.JMeterThread: Thread finished: Search arrivals 2-17
2026-10-07 03:36:59,744 INFO o.a.j.t.JMeterThread: Thread is done: POST arrivals 1-104
2026-10-07 03:36:59,745 INFO o.a.j.t.JMeterThread: Thread finished: POST arrivals 1-104
2026-10-07 03:36:59,762 INFO o.a.j.t.JMeterThread: Thread is done: Search arrivals 2-18
2026-10-07 03:36:59,763 INFO o.a.j.t.JMeterThread: Thread finished: Search arrivals 2-18
2026-10-07 03:37:01,006 INFO o.a.j.r.Summariser: summary +     22 in 00:00:31 =    0.7/s Avg: 33616 Min: 25599 Max: 38220 Err:     0 (0.00%) Active: 20 Started: 151 Finished: 131
2026-10-07 03:37:01,007 INFO o.a.j.r.Summariser: summary =    132 in 00:03:36 =    0.6/s Avg: 17742 Min:    26 Max: 38220 Err:     0 (0.00%)
2026-10-07 03:37:01,007 INFO o.a.j.t.JMeterThread: Thread is done: POST arrivals 1-105
2026-10-07 03:37:01,007 INFO o.a.j.t.JMeterThread: Thread finished: POST arrivals 1-105
2026-10-07 03:37:02,946 INFO o.a.j.t.JMeterThread: Thread is done: POST arrivals 1-106
2026-10-07 03:37:02,946 INFO o.a.j.t.JMeterThread: Thread finished: POST arrivals 1-106
2026-10-07 03:37:03,770 INFO o.a.j.t.JMeterThread: Thread started: POST arrivals 1-121
2026-10-07 03:37:03,869 INFO o.a.j.t.JMeterThread: Thread started: POST arrivals 1-122
2026-10-07 03:37:04,037 INFO o.a.j.t.JMeterThread: Thread started: POST arrivals 1-123
2026-10-07 03:37:04,706 INFO o.a.j.t.JMeterThread: Thread is done: POST arrivals 1-107
2026-10-07 03:37:04,706 INFO o.a.j.t.JMeterThread: Thread finished: POST arrivals 1-107
2026-10-07 03:37:04,730 INFO o.a.j.t.JMeterThread: Thread is done: Search arrivals 2-19
2026-10-07 03:37:04,730 INFO o.a.j.t.JMeterThread: Thread finished: Search arrivals 2-19
2026-10-07 03:37:05,874 INFO o.a.j.t.JMeterThread: Thread is done: POST arrivals 1-108
2026-10-07 03:37:05,874 INFO o.a.j.t.JMeterThread: Thread finished: POST arrivals 1-108
2026-10-07 03:37:06,895 INFO o.a.j.t.JMeterThread: Thread started: POST arrivals 1-124
2026-10-07 03:37:07,565 INFO o.a.j.t.JMeterThread: Thread started: POST arrivals 1-125
2026-10-07 03:37:07,843 INFO o.a.j.t.JMeterThread: Thread started: POST arrivals 1-126
2026-10-07 03:37:08,434 INFO o.a.j.t.JMeterThread: Thread is done: POST arrivals 1-109
2026-10-07 03:37:08,434 INFO o.a.j.t.JMeterThread: Thread finished: POST arrivals 1-109
2026-10-07 03:37:09,562 INFO o.a.j.t.JMeterThread: Thread started: POST arrivals 1-127
2026-10-07 03:37:10,211 INFO o.a.j.t.JMeterThread: Thread started: Stats arrivals 3-10
2026-10-07 03:37:10,878 INFO o.a.j.t.JMeterThread: Thread is done: POST arrivals 1-110
2026-10-07 03:37:10,879 INFO o.a.j.t.JMeterThread: Thread finished: POST arrivals 1-110
2026-10-07 03:37:10,901 INFO o.a.j.t.JMeterThread: Thread is done: Search arrivals 2-20
2026-10-07 03:37:10,901 INFO o.a.j.t.JMeterThread: Thread finished: Search arrivals 2-20
2026-10-07 03:37:11,857 INFO o.a.j.t.JMeterThread: Thread started: POST arrivals 1-128
2026-10-07 03:37:12,334 INFO o.a.j.t.JMeterThread: Thread is done: POST arrivals 1-111
2026-10-07 03:37:12,334 INFO o.a.j.t.JMeterThread: Thread finished: POST arrivals 1-111
2026-10-07 03:37:14,732 INFO o.a.j.t.JMeterThread: Thread started: POST arrivals 1-129
2026-10-07 03:37:16,070 INFO o.a.j.t.JMeterThread: Thread started: POST arrivals 1-130
2026-10-07 03:37:16,210 INFO o.a.j.t.JMeterThread: Thread is done: POST arrivals 1-112
2026-10-07 03:37:16,210 INFO o.a.j.t.JMeterThread: Thread finished: POST arrivals 1-112
2026-10-07 03:37:16,230 INFO o.a.j.t.JMeterThread: Thread is done: Search arrivals 2-21
2026-10-07 03:37:16,230 INFO o.a.j.t.JMeterThread: Thread finished: Search arrivals 2-21
2026-10-07 03:37:18,137 INFO o.a.j.t.JMeterThread: Thread started: POST arrivals 1-131
2026-10-07 03:37:18,356 INFO o.a.j.t.JMeterThread: Thread started: Search arrivals 2-23
2026-10-07 03:37:18,553 INFO o.a.j.t.JMeterThread: Thread started: POST arrivals 1-132
2026-10-07 03:37:19,637 INFO o.a.j.t.JMeterThread: Thread is done: POST arrivals 1-113
2026-10-07 03:37:19,638 INFO o.a.j.t.JMeterThread: Thread finished: POST arrivals 1-113
2026-10-07 03:37:20,078 INFO o.a.j.t.JMeterThread: Thread started: Search arrivals 2-24
2026-10-07 03:37:20,591 INFO o.a.j.t.JMeterThread: Thread started: POST arrivals 1-133
2026-10-07 03:37:20,709 INFO o.a.j.t.JMeterThread: Thread started: Search arrivals 2-25
2026-10-07 03:37:21,366 INFO o.a.j.t.JMeterThread: Thread is done: POST arrivals 1-114
2026-10-07 03:37:21,366 INFO o.a.j.t.JMeterThread: Thread finished: POST arrivals 1-114
2026-10-07 03:37:22,603 INFO o.a.j.t.JMeterThread: Thread started: POST arrivals 1-134
2026-10-07 03:37:22,702 INFO o.a.j.t.JMeterThread: Thread started: POST arrivals 1-135
2026-10-07 03:37:24,042 INFO o.a.j.t.JMeterThread: Thread is done: POST arrivals 1-115
2026-10-07 03:37:24,042 INFO o.a.j.t.JMeterThread: Thread finished: POST arrivals 1-115
2026-10-07 03:37:24,064 INFO o.a.j.t.JMeterThread: Thread is done: Search arrivals 2-22
2026-10-07 03:37:24,064 INFO o.a.j.t.JMeterThread: Thread finished: Search arrivals 2-22
2026-10-07 03:37:24,740 INFO o.a.j.t.JMeterThread: Thread started: POST arrivals 1-136
2026-10-07 03:37:24,981 INFO o.a.j.t.JMeterThread: Thread is done: POST arrivals 1-116
2026-10-07 03:37:24,981 INFO o.a.j.t.JMeterThread: Thread finished: POST arrivals 1-116
2026-10-07 03:37:25,235 INFO o.a.j.t.JMeterThread: Thread started: Search arrivals 2-26
2026-10-07 03:37:26,752 INFO o.a.j.t.JMeterThread: Thread started: POST arrivals 1-137
2026-10-07 03:37:27,297 INFO o.a.j.t.JMeterThread: Thread started: POST arrivals 1-138
2026-10-07 03:37:28,935 INFO o.a.j.t.JMeterThread: Thread is done: POST arrivals 1-117
2026-10-07 03:37:28,935 INFO o.a.j.t.JMeterThread: Thread finished: POST arrivals 1-117
2026-10-07 03:37:30,782 INFO o.a.j.t.JMeterThread: Thread started: POST arrivals 1-139
2026-10-07 03:37:31,701 INFO o.a.j.t.JMeterThread: Thread started: POST arrivals 1-140
2026-10-07 03:37:32,044 INFO o.a.j.r.Summariser: summary +     17 in 00:00:31 =    0.5/s Avg: 31452 Min: 26375 Max: 39363 Err:     0 (0.00%) Active: 28 Started: 176 Finished: 148
2026-10-07 03:37:32,045 INFO o.a.j.r.Summariser: summary =    149 in 00:04:07 =    0.6/s Avg: 19306 Min:    26 Max: 39363 Err:     0 (0.00%)
2026-10-07 03:37:32,046 INFO o.a.j.t.JMeterThread: Thread is done: POST arrivals 1-118
2026-10-07 03:37:32,046 INFO o.a.j.t.JMeterThread: Thread finished: POST arrivals 1-118
2026-10-07 03:37:33,182 INFO o.a.j.t.JMeterThread: Thread is done: POST arrivals 1-119
2026-10-07 03:37:33,182 INFO o.a.j.t.JMeterThread: Thread finished: POST arrivals 1-119
2026-10-07 03:37:33,270 INFO o.a.j.t.JMeterThread: Thread started: POST arrivals 1-141
2026-10-07 03:37:34,735 INFO o.a.j.t.JMeterThread: Thread is done: POST arrivals 1-120
2026-10-07 03:37:34,735 INFO o.a.j.t.JMeterThread: Thread finished: POST arrivals 1-120
2026-10-07 03:37:36,131 INFO o.a.j.t.JMeterThread: Thread is done: POST arrivals 1-121
2026-10-07 03:37:36,132 INFO o.a.j.t.JMeterThread: Thread finished: POST arrivals 1-121
2026-10-07 03:37:36,717 INFO o.a.j.t.JMeterThread: Thread started: POST arrivals 1-142
2026-10-07 03:37:37,009 INFO o.a.j.t.JMeterThread: Thread is done: POST arrivals 1-122
2026-10-07 03:37:37,009 INFO o.a.j.t.JMeterThread: Thread finished: POST arrivals 1-122
2026-10-07 03:37:37,576 INFO o.a.j.t.JMeterThread: Thread started: POST arrivals 1-143
2026-10-07 03:37:37,678 INFO o.a.j.t.JMeterThread: Thread started: POST arrivals 1-144
2026-10-07 03:37:37,970 INFO o.a.j.t.JMeterThread: Thread is done: POST arrivals 1-123
2026-10-07 03:37:37,971 INFO o.a.j.t.JMeterThread: Thread finished: POST arrivals 1-123
2026-10-07 03:37:38,426 INFO o.a.j.t.JMeterThread: Thread started: POST arrivals 1-145
2026-10-07 03:37:38,817 INFO o.a.j.t.JMeterThread: Thread started: POST arrivals 1-146
2026-10-07 03:37:39,410 INFO o.a.j.t.JMeterThread: Thread is done: POST arrivals 1-124
2026-10-07 03:37:39,410 INFO o.a.j.t.JMeterThread: Thread finished: POST arrivals 1-124
2026-10-07 03:37:41,353 INFO o.a.j.t.JMeterThread: Thread started: POST arrivals 1-147
2026-10-07 03:37:41,719 INFO o.a.j.t.JMeterThread: Thread is done: POST arrivals 1-125
2026-10-07 03:37:41,719 INFO o.a.j.t.JMeterThread: Thread finished: POST arrivals 1-125
2026-10-07 03:37:41,744 INFO o.a.j.t.JMeterThread: Thread started: POST arrivals 1-148
2026-10-07 03:37:42,707 INFO o.a.j.t.JMeterThread: Thread started: POST arrivals 1-149
2026-10-07 03:37:45,403 INFO o.a.j.t.JMeterThread: Thread is done: POST arrivals 1-126
2026-10-07 03:37:45,403 INFO o.a.j.t.JMeterThread: Thread finished: POST arrivals 1-126
2026-10-07 03:37:45,483 INFO o.a.j.t.JMeterThread: Thread started: POST arrivals 1-150
2026-10-07 03:37:46,551 INFO o.a.j.t.JMeterThread: Thread started: POST arrivals 1-151
2026-10-07 03:37:47,067 INFO o.a.j.t.JMeterThread: Thread started: POST arrivals 1-152
2026-10-07 03:37:48,427 INFO o.a.j.t.JMeterThread: Thread is done: POST arrivals 1-127
2026-10-07 03:37:48,427 INFO o.a.j.t.JMeterThread: Thread finished: POST arrivals 1-127
2026-10-07 03:37:48,442 INFO o.a.j.t.JMeterThread: Thread is done: Stats arrivals 3-10
2026-10-07 03:37:48,442 INFO o.a.j.t.JMeterThread: Thread finished: Stats arrivals 3-10
2026-10-07 03:37:48,548 INFO o.a.j.t.JMeterThread: Thread started: POST arrivals 1-153
2026-10-07 03:37:49,149 INFO o.a.j.t.JMeterThread: Thread started: POST arrivals 1-154
2026-10-07 03:37:50,061 INFO o.a.j.t.JMeterThread: Thread started: POST arrivals 1-155
2026-10-07 03:37:50,626 INFO o.a.j.t.JMeterThread: Thread started: POST arrivals 1-156
2026-10-07 03:37:52,074 INFO o.a.j.t.JMeterThread: Thread is done: POST arrivals 1-128
2026-10-07 03:37:52,074 INFO o.a.j.t.JMeterThread: Thread finished: POST arrivals 1-128
2026-10-07 03:37:52,275 INFO o.a.j.t.JMeterThread: Thread started: Stats arrivals 3-11
2026-10-07 03:37:52,523 INFO o.a.j.t.JMeterThread: Thread started: POST arrivals 1-157
2026-10-07 03:37:54,683 INFO o.a.j.t.JMeterThread: Thread is done: POST arrivals 1-129
2026-10-07 03:37:54,683 INFO o.a.j.t.JMeterThread: Thread finished: POST arrivals 1-129
2026-10-07 03:37:54,732 INFO o.a.j.t.JMeterThread: Thread started: Search arrivals 2-27
2026-10-07 03:37:55,347 INFO o.a.j.t.JMeterThread: Thread started: POST arrivals 1-158
2026-10-07 03:37:55,888 INFO o.a.j.t.JMeterThread: Thread is done: POST arrivals 1-130
2026-10-07 03:37:55,889 INFO o.a.j.t.JMeterThread: Thread finished: POST arrivals 1-130
2026-10-07 03:37:58,475 INFO o.a.j.t.JMeterThread: Thread started: Search arrivals 2-28
2026-10-07 03:37:58,706 INFO o.a.j.t.JMeterThread: Thread started: Search arrivals 2-29
2026-10-07 03:37:59,155 INFO o.a.j.t.JMeterThread: Thread started: Search arrivals 2-30
2026-10-07 03:37:59,244 INFO o.a.j.t.JMeterThread: Thread is done: POST arrivals 1-131
2026-10-07 03:37:59,244 INFO o.a.j.t.JMeterThread: Thread finished: POST arrivals 1-131
2026-10-07 03:37:59,273 INFO o.a.j.t.JMeterThread: Thread is done: Search arrivals 2-23
2026-10-07 03:37:59,273 INFO o.a.j.t.JMeterThread: Thread finished: Search arrivals 2-23
2026-10-07 03:37:59,776 INFO o.a.j.t.JMeterThread: Thread started: POST arrivals 1-159
2026-10-07 03:38:00,514 INFO o.a.j.r.Summariser: summary +     16 in 00:00:28 =    0.6/s Avg: 37464 Min: 32357 Max: 41958 Err:     0 (0.00%) Active: 36 Started: 200 Finished: 164
2026-10-07 03:38:00,515 INFO o.a.j.r.Summariser: summary =    165 in 00:04:36 =    0.6/s Avg: 21067 Min:    26 Max: 41958 Err:     0 (0.00%)
2026-10-07 03:38:00,515 INFO o.a.j.t.JMeterThread: Thread is done: POST arrivals 1-132
2026-10-07 03:38:00,515 INFO o.a.j.t.JMeterThread: Thread finished: POST arrivals 1-132
2026-10-07 03:38:00,540 INFO o.a.j.t.JMeterThread: Thread is done: Search arrivals 2-24
2026-10-07 03:38:00,540 INFO o.a.j.t.JMeterThread: Thread finished: Search arrivals 2-24
2026-10-07 03:38:01,554 INFO o.a.j.t.JMeterThread: Thread is done: POST arrivals 1-133
2026-10-07 03:38:01,554 INFO o.a.j.t.JMeterThread: Thread finished: POST arrivals 1-133
2026-10-07 03:38:01,582 INFO o.a.j.t.JMeterThread: Thread is done: Search arrivals 2-25
2026-10-07 03:38:01,582 INFO o.a.j.t.JMeterThread: Thread finished: Search arrivals 2-25
2026-10-07 03:38:02,319 INFO o.a.j.t.JMeterThread: Thread started: POST arrivals 1-160
2026-10-07 03:38:05,081 INFO o.a.j.t.JMeterThread: Thread started: Search arrivals 2-31
2026-10-07 03:38:05,423 INFO o.a.j.t.JMeterThread: Thread is done: POST arrivals 1-134
2026-10-07 03:38:05,423 INFO o.a.j.t.JMeterThread: Thread finished: POST arrivals 1-134
2026-10-07 03:38:05,554 INFO o.a.j.t.JMeterThread: Thread started: POST arrivals 1-161
2026-10-07 03:38:05,623 INFO o.a.j.t.JMeterThread: Thread started: Search arrivals 2-32
2026-10-07 03:38:05,781 INFO o.a.j.t.JMeterThread: Thread started: POST arrivals 1-162
2026-10-07 03:38:06,486 INFO o.a.j.t.JMeterThread: Thread started: POST arrivals 1-163
2026-10-07 03:38:06,879 INFO o.a.j.t.JMeterThread: Thread started: POST arrivals 1-164
2026-10-07 03:38:07,290 INFO o.a.j.t.JMeterThread: Thread is done: POST arrivals 1-135
2026-10-07 03:38:07,290 INFO o.a.j.t.JMeterThread: Thread finished: POST arrivals 1-135
2026-10-07 03:38:07,511 INFO o.a.j.t.JMeterThread: Thread started: POST arrivals 1-165
2026-10-07 03:38:07,578 INFO o.a.j.t.JMeterThread: Thread started: POST arrivals 1-166
2026-10-07 03:38:08,652 INFO o.a.j.t.JMeterThread: Thread is done: POST arrivals 1-136
2026-10-07 03:38:08,652 INFO o.a.j.t.JMeterThread: Thread finished: POST arrivals 1-136
2026-10-07 03:38:08,678 INFO o.a.j.t.JMeterThread: Thread is done: Search arrivals 2-26
2026-10-07 03:38:08,678 INFO o.a.j.t.JMeterThread: Thread finished: Search arrivals 2-26
2026-10-07 03:38:09,027 INFO o.a.j.t.JMeterThread: Thread started: Search arrivals 2-33
2026-10-07 03:38:09,648 INFO o.a.j.t.JMeterThread: Thread is done: POST arrivals 1-137
2026-10-07 03:38:09,648 INFO o.a.j.t.JMeterThread: Thread finished: POST arrivals 1-137
2026-10-07 03:38:10,149 INFO o.a.j.t.JMeterThread: Thread started: POST arrivals 1-167
2026-10-07 03:38:11,191 INFO o.a.j.t.JMeterThread: Thread started: POST arrivals 1-168
2026-10-07 03:38:11,452 INFO o.a.j.t.JMeterThread: Thread started: POST arrivals 1-169
2026-10-07 03:38:11,637 INFO o.a.j.t.JMeterThread: Thread started: POST arrivals 1-170
2026-10-07 03:38:12,449 INFO o.a.j.t.JMeterThread: Thread is done: POST arrivals 1-138
2026-10-07 03:38:12,449 INFO o.a.j.t.JMeterThread: Thread finished: POST arrivals 1-138
2026-10-07 03:38:13,075 INFO o.a.j.t.JMeterThread: Thread started: Search arrivals 2-34
2026-10-07 03:38:13,901 INFO o.a.j.t.JMeterThread: Thread is done: POST arrivals 1-139
2026-10-07 03:38:13,901 INFO o.a.j.t.JMeterThread: Thread finished: POST arrivals 1-139
2026-10-07 03:38:14,928 INFO o.a.j.t.JMeterThread: Thread is done: POST arrivals 1-140
2026-10-07 03:38:14,928 INFO o.a.j.t.JMeterThread: Thread finished: POST arrivals 1-140
2026-10-07 03:38:16,172 INFO o.a.j.t.JMeterThread: Thread started: POST arrivals 1-171
2026-10-07 03:38:16,659 INFO o.a.j.t.JMeterThread: Thread is done: POST arrivals 1-141
2026-10-07 03:38:16,659 INFO o.a.j.t.JMeterThread: Thread finished: POST arrivals 1-141
2026-10-07 03:38:18,586 INFO o.a.j.t.JMeterThread: Thread started: POST arrivals 1-172
2026-10-07 03:38:18,638 INFO o.a.j.t.JMeterThread: Thread started: POST arrivals 1-173
2026-10-07 03:38:18,708 INFO o.a.j.t.JMeterThread: Thread is done: POST arrivals 1-142
2026-10-07 03:38:18,708 INFO o.a.j.t.JMeterThread: Thread finished: POST arrivals 1-142
2026-10-07 03:38:19,588 INFO o.a.j.t.JMeterThread: Thread started: POST arrivals 1-174
2026-10-07 03:38:20,054 INFO o.a.j.t.JMeterThread: Thread started: POST arrivals 1-175
2026-10-07 03:38:21,067 INFO o.a.j.t.JMeterThread: Thread is done: POST arrivals 1-143
2026-10-07 03:38:21,067 INFO o.a.j.t.JMeterThread: Thread finished: POST arrivals 1-143
2026-10-07 03:38:21,316 INFO o.a.j.t.JMeterThread: Thread started: POST arrivals 1-176
2026-10-07 03:38:21,917 INFO o.a.j.t.JMeterThread: Thread started: POST arrivals 1-177
2026-10-07 03:38:22,322 INFO o.a.j.t.JMeterThread: Thread started: POST arrivals 1-178
2026-10-07 03:38:23,197 INFO o.a.j.t.JMeterThread: Thread is done: POST arrivals 1-144
2026-10-07 03:38:23,197 INFO o.a.j.t.JMeterThread: Thread finished: POST arrivals 1-144
2026-10-07 03:38:23,244 INFO o.a.j.t.JMeterThread: Thread started: POST arrivals 1-179
2026-10-07 03:38:23,378 INFO o.a.j.t.JMeterThread: Thread started: POST arrivals 1-180
2026-10-07 03:38:24,108 INFO o.a.j.t.JMeterThread: Thread is done: POST arrivals 1-145
2026-10-07 03:38:24,108 INFO o.a.j.t.JMeterThread: Thread finished: POST arrivals 1-145
2026-10-07 03:38:24,623 INFO o.a.j.t.JMeterThread: Thread started: POST arrivals 1-181
2026-10-07 03:38:24,838 INFO o.a.j.t.JMeterThread: Thread started: POST arrivals 1-182
2026-10-07 03:38:25,022 INFO o.a.j.t.JMeterThread: Thread is done: POST arrivals 1-146
2026-10-07 03:38:25,022 INFO o.a.j.t.JMeterThread: Thread finished: POST arrivals 1-146
2026-10-07 03:38:26,105 INFO o.a.j.t.JMeterThread: Thread started: POST arrivals 1-183
2026-10-07 03:38:28,397 INFO o.a.j.t.JMeterThread: Thread is done: POST arrivals 1-147
2026-10-07 03:38:28,397 INFO o.a.j.t.JMeterThread: Thread finished: POST arrivals 1-147
2026-10-07 03:38:29,812 INFO o.a.j.t.JMeterThread: Thread is done: POST arrivals 1-148
2026-10-07 03:38:29,813 INFO o.a.j.t.JMeterThread: Thread finished: POST arrivals 1-148
2026-10-07 03:38:30,524 INFO o.a.j.t.JMeterThread: Thread started: POST arrivals 1-184
2026-10-07 03:38:30,922 INFO o.a.j.t.JMeterThread: Thread started: Search arrivals 2-35
2026-10-07 03:38:31,348 INFO o.a.j.r.Summariser: summary +     20 in 00:00:31 =    0.6/s Avg: 44071 Min: 40462 Max: 48639 Err:     0 (0.00%) Active: 46 Started: 230 Finished: 184
2026-10-07 03:38:31,349 INFO o.a.j.r.Summariser: summary =    185 in 00:05:07 =    0.6/s Avg: 23554 Min:    26 Max: 48639 Err:     0 (0.00%)
2026-10-07 03:38:31,349 INFO o.a.j.t.JMeterThread: Thread is done: POST arrivals 1-149
2026-10-07 03:38:31,349 INFO o.a.j.t.JMeterThread: Thread finished: POST arrivals 1-149
2026-10-07 03:38:32,633 INFO o.a.j.t.JMeterThread: Thread started: Search arrivals 2-36
2026-10-07 03:38:33,537 INFO o.a.j.t.JMeterThread: Thread started: Search arrivals 2-37
2026-10-07 03:38:34,320 INFO o.a.j.t.JMeterThread: Thread is done: POST arrivals 1-150
2026-10-07 03:38:34,320 INFO o.a.j.t.JMeterThread: Thread finished: POST arrivals 1-150
2026-10-07 03:38:35,320 INFO o.a.j.t.JMeterThread: Thread is done: POST arrivals 1-151
2026-10-07 03:38:35,320 INFO o.a.j.t.JMeterThread: Thread finished: POST arrivals 1-151
2026-10-07 03:38:35,795 INFO o.a.j.t.JMeterThread: Thread started: POST arrivals 1-185
2026-10-07 03:38:36,061 INFO o.a.j.t.JMeterThread: Thread started: Search arrivals 2-38
2026-10-07 03:38:36,352 INFO o.a.j.t.JMeterThread: Thread started: Stats arrivals 3-12
2026-10-07 03:38:36,774 INFO o.a.j.t.JMeterThread: Thread is done: POST arrivals 1-152
2026-10-07 03:38:36,774 INFO o.a.j.t.JMeterThread: Thread finished: POST arrivals 1-152
2026-10-07 03:38:37,291 INFO o.a.j.t.JMeterThread: Thread started: POST arrivals 1-186
2026-10-07 03:38:38,004 INFO o.a.j.t.JMeterThread: Thread started: Search arrivals 2-39
2026-10-07 03:38:39,072 INFO o.a.j.t.JMeterThread: Thread is done: POST arrivals 1-153
2026-10-07 03:38:39,073 INFO o.a.j.t.JMeterThread: Thread finished: POST arrivals 1-153
2026-10-07 03:38:39,400 INFO o.a.j.t.JMeterThread: Thread started: POST arrivals 1-187
2026-10-07 03:38:40,546 INFO o.a.j.t.JMeterThread: Thread started: POST arrivals 1-188
2026-10-07 03:38:41,883 INFO o.a.j.t.JMeterThread: Thread is done: POST arrivals 1-154
2026-10-07 03:38:41,883 INFO o.a.j.t.JMeterThread: Thread finished: POST arrivals 1-154
2026-10-07 03:38:42,634 INFO o.a.j.t.JMeterThread: Thread is done: POST arrivals 1-155
2026-10-07 03:38:42,634 INFO o.a.j.t.JMeterThread: Thread finished: POST arrivals 1-155
2026-10-07 03:38:42,731 INFO o.a.j.t.JMeterThread: Thread started: POST arrivals 1-189
2026-10-07 03:38:43,949 INFO o.a.j.t.JMeterThread: Thread is done: POST arrivals 1-156
2026-10-07 03:38:43,949 INFO o.a.j.t.JMeterThread: Thread finished: POST arrivals 1-156
2026-10-07 03:38:43,974 INFO o.a.j.t.JMeterThread: Thread is done: Stats arrivals 3-11
2026-10-07 03:38:43,974 INFO o.a.j.t.JMeterThread: Thread finished: Stats arrivals 3-11
2026-10-07 03:38:45,571 INFO o.a.j.t.JMeterThread: Thread started: POST arrivals 1-190
2026-10-07 03:38:45,822 INFO o.a.j.t.JMeterThread: Thread is done: POST arrivals 1-157
2026-10-07 03:38:45,823 INFO o.a.j.t.JMeterThread: Thread finished: POST arrivals 1-157
2026-10-07 03:38:45,849 INFO o.a.j.t.JMeterThread: Thread is done: Search arrivals 2-27
2026-10-07 03:38:45,849 INFO o.a.j.t.JMeterThread: Thread finished: Search arrivals 2-27
2026-10-07 03:38:46,137 INFO o.a.j.t.JMeterThread: Thread started: POST arrivals 1-191
2026-10-07 03:38:47,019 INFO o.a.j.t.JMeterThread: Thread is done: POST arrivals 1-158
2026-10-07 03:38:47,019 INFO o.a.j.t.JMeterThread: Thread finished: POST arrivals 1-158
2026-10-07 03:38:47,047 INFO o.a.j.t.JMeterThread: Thread is done: Search arrivals 2-28
2026-10-07 03:38:47,047 INFO o.a.j.t.JMeterThread: Thread finished: Search arrivals 2-28
2026-10-07 03:38:47,075 INFO o.a.j.t.JMeterThread: Thread is done: Search arrivals 2-29
2026-10-07 03:38:47,075 INFO o.a.j.t.JMeterThread: Thread finished: Search arrivals 2-29
2026-10-07 03:38:47,101 INFO o.a.j.t.JMeterThread: Thread is done: Search arrivals 2-30
2026-10-07 03:38:47,101 INFO o.a.j.t.JMeterThread: Thread finished: Search arrivals 2-30
2026-10-07 03:38:48,743 INFO o.a.j.t.JMeterThread: Thread started: POST arrivals 1-192
2026-10-07 03:38:49,898 INFO o.a.j.t.JMeterThread: Thread started: POST arrivals 1-193
2026-10-07 03:38:49,941 INFO o.a.j.t.JMeterThread: Thread is done: POST arrivals 1-159
2026-10-07 03:38:49,941 INFO o.a.j.t.JMeterThread: Thread finished: POST arrivals 1-159
2026-10-07 03:38:49,970 INFO o.a.j.t.JMeterThread: Thread started: Search arrivals 2-40
2026-10-07 03:38:51,032 INFO o.a.j.t.JMeterThread: Thread started: POST arrivals 1-194
2026-10-07 03:38:51,785 INFO o.a.j.t.JMeterThread: Thread started: POST arrivals 1-195
2026-10-07 03:38:52,132 INFO o.a.j.t.JMeterThread: Thread started: POST arrivals 1-196
2026-10-07 03:38:52,476 INFO o.a.j.t.JMeterThread: Thread is done: POST arrivals 1-160
2026-10-07 03:38:52,476 INFO o.a.j.t.JMeterThread: Thread finished: POST arrivals 1-160
2026-10-07 03:38:52,507 INFO o.a.j.t.JMeterThread: Thread is done: Search arrivals 2-31
2026-10-07 03:38:52,507 INFO o.a.j.t.JMeterThread: Thread finished: Search arrivals 2-31
2026-10-07 03:38:53,321 INFO o.a.j.t.JMeterThread: Thread started: POST arrivals 1-197
2026-10-07 03:38:54,564 INFO o.a.j.t.JMeterThread: Thread started: POST arrivals 1-198
2026-10-07 03:38:55,704 INFO o.a.j.t.JMeterThread: Thread started: POST arrivals 1-199
2026-10-07 03:38:56,219 INFO o.a.j.t.JMeterThread: Thread is done: POST arrivals 1-161
2026-10-07 03:38:56,219 INFO o.a.j.t.JMeterThread: Thread finished: POST arrivals 1-161
2026-10-07 03:38:56,248 INFO o.a.j.t.JMeterThread: Thread is done: Search arrivals 2-32
2026-10-07 03:38:56,248 INFO o.a.j.t.JMeterThread: Thread finished: Search arrivals 2-32
2026-10-07 03:38:56,658 INFO o.a.j.t.JMeterThread: Thread started: POST arrivals 1-200
2026-10-07 03:38:57,379 INFO o.a.j.t.JMeterThread: Thread started: Search arrivals 2-41
2026-10-07 03:38:57,977 INFO o.a.j.t.JMeterThread: Thread is done: POST arrivals 1-162
2026-10-07 03:38:57,978 INFO o.a.j.t.JMeterThread: Thread finished: POST arrivals 1-162
2026-10-07 03:38:58,098 INFO o.a.j.t.JMeterThread: Thread started: Search arrivals 2-42
2026-10-07 03:38:59,479 INFO o.a.j.t.JMeterThread: Thread started: POST arrivals 1-201
2026-10-07 03:38:59,655 INFO o.a.j.t.JMeterThread: Thread started: POST arrivals 1-202
2026-10-07 03:39:00,244 INFO o.a.j.t.JMeterThread: Thread started: POST arrivals 1-203
2026-10-07 03:39:00,418 INFO o.a.j.r.Summariser: summary +     21 in 00:00:29 =    0.7/s Avg: 50678 Min: 47425 Max: 53928 Err:     0 (0.00%) Active: 52 Started: 257 Finished: 205
2026-10-07 03:39:00,419 INFO o.a.j.r.Summariser: summary =    206 in 00:05:36 =    0.6/s Avg: 26319 Min:    26 Max: 53928 Err:     0 (0.00%)
2026-10-07 03:39:00,420 INFO o.a.j.t.JMeterThread: Thread is done: POST arrivals 1-163
2026-10-07 03:39:00,420 INFO o.a.j.t.JMeterThread: Thread finished: POST arrivals 1-163
2026-10-07 03:39:01,470 INFO o.a.j.t.JMeterThread: Thread is done: POST arrivals 1-164
2026-10-07 03:39:01,470 INFO o.a.j.t.JMeterThread: Thread finished: POST arrivals 1-164
2026-10-07 03:39:02,873 INFO o.a.j.t.JMeterThread: Thread is done: POST arrivals 1-165
2026-10-07 03:39:02,873 INFO o.a.j.t.JMeterThread: Thread finished: POST arrivals 1-165
2026-10-07 03:39:04,545 INFO o.a.j.t.JMeterThread: Thread is done: POST arrivals 1-166
2026-10-07 03:39:04,545 INFO o.a.j.t.JMeterThread: Thread finished: POST arrivals 1-166
2026-10-07 03:39:04,571 INFO o.a.j.t.JMeterThread: Thread is done: Search arrivals 2-33
2026-10-07 03:39:04,571 INFO o.a.j.t.JMeterThread: Thread finished: Search arrivals 2-33
2026-10-07 03:39:06,598 INFO o.a.j.t.JMeterThread: Thread is done: POST arrivals 1-167
2026-10-07 03:39:06,598 INFO o.a.j.t.JMeterThread: Thread finished: POST arrivals 1-167
2026-10-07 03:39:06,877 INFO o.a.j.t.JMeterThread: Thread started: Stats arrivals 3-13
2026-10-07 03:39:07,433 INFO o.a.j.t.JMeterThread: Thread started: POST arrivals 1-204
2026-10-07 03:39:07,672 INFO o.a.j.t.JMeterThread: Thread is done: POST arrivals 1-168
2026-10-07 03:39:07,672 INFO o.a.j.t.JMeterThread: Thread finished: POST arrivals 1-168
2026-10-07 03:39:09,618 INFO o.a.j.t.JMeterThread: Thread started: POST arrivals 1-205
2026-10-07 03:39:10,514 INFO o.a.j.t.JMeterThread: Thread started: POST arrivals 1-206
2026-10-07 03:39:10,550 INFO o.a.j.t.JMeterThread: Thread is done: POST arrivals 1-169
2026-10-07 03:39:10,550 INFO o.a.j.t.JMeterThread: Thread finished: POST arrivals 1-169
2026-10-07 03:39:11,269 INFO o.a.j.t.JMeterThread: Thread started: POST arrivals 1-207
2026-10-07 03:39:11,857 INFO o.a.j.t.JMeterThread: Thread started: POST arrivals 1-208
2026-10-07 03:39:11,870 INFO o.a.j.t.JMeterThread: Thread is done: POST arrivals 1-170
2026-10-07 03:39:11,870 INFO o.a.j.t.JMeterThread: Thread finished: POST arrivals 1-170
2026-10-07 03:39:11,899 INFO o.a.j.t.JMeterThread: Thread is done: Search arrivals 2-34
2026-10-07 03:39:11,899 INFO o.a.j.t.JMeterThread: Thread finished: Search arrivals 2-34
2026-10-07 03:39:12,744 INFO o.a.j.t.JMeterThread: Thread started: POST arrivals 1-209
2026-10-07 03:39:13,033 INFO o.a.j.t.JMeterThread: Thread started: POST arrivals 1-210
2026-10-07 03:39:14,163 INFO o.a.j.t.JMeterThread: Thread is done: POST arrivals 1-171
2026-10-07 03:39:14,163 INFO o.a.j.t.JMeterThread: Thread finished: POST arrivals 1-171
2026-10-07 03:39:15,218 INFO o.a.j.t.JMeterThread: Thread is done: POST arrivals 1-172
2026-10-07 03:39:15,218 INFO o.a.j.t.JMeterThread: Thread finished: POST arrivals 1-172
2026-10-07 03:39:16,746 INFO o.a.j.t.JMeterThread: Thread is done: POST arrivals 1-173
2026-10-07 03:39:16,746 INFO o.a.j.t.JMeterThread: Thread finished: POST arrivals 1-173
2026-10-07 03:39:17,304 INFO o.a.j.t.JMeterThread: Thread started: POST arrivals 1-211
2026-10-07 03:39:17,605 INFO o.a.j.t.JMeterThread: Thread started: POST arrivals 1-212
2026-10-07 03:39:17,876 INFO o.a.j.t.JMeterThread: Thread is done: POST arrivals 1-174
2026-10-07 03:39:17,877 INFO o.a.j.t.JMeterThread: Thread finished: POST arrivals 1-174
2026-10-07 03:39:17,918 INFO o.a.j.t.JMeterThread: Thread started: POST arrivals 1-213
2026-10-07 03:39:19,084 INFO o.a.j.t.JMeterThread: Thread is done: POST arrivals 1-175
2026-10-07 03:39:19,084 INFO o.a.j.t.JMeterThread: Thread finished: POST arrivals 1-175
2026-10-07 03:39:20,165 INFO o.a.j.t.JMeterThread: Thread is done: POST arrivals 1-176
2026-10-07 03:39:20,165 INFO o.a.j.t.JMeterThread: Thread finished: POST arrivals 1-176
2026-10-07 03:39:21,369 INFO o.a.j.t.JMeterThread: Thread started: POST arrivals 1-214
2026-10-07 03:39:21,542 INFO o.a.j.t.JMeterThread: Thread started: POST arrivals 1-215
2026-10-07 03:39:21,808 INFO o.a.j.t.JMeterThread: Thread is done: POST arrivals 1-177
2026-10-07 03:39:21,808 INFO o.a.j.t.JMeterThread: Thread finished: POST arrivals 1-177
2026-10-07 03:39:23,046 INFO o.a.j.t.JMeterThread: Thread started: POST arrivals 1-216
2026-10-07 03:39:23,064 INFO o.a.j.t.JMeterThread: Thread started: POST arrivals 1-217
2026-10-07 03:39:23,187 INFO o.a.j.t.JMeterThread: Thread started: POST arrivals 1-218
2026-10-07 03:39:24,618 INFO o.a.j.t.JMeterThread: Thread is done: POST arrivals 1-178
2026-10-07 03:39:24,618 INFO o.a.j.t.JMeterThread: Thread finished: POST arrivals 1-178
2026-10-07 03:39:25,642 INFO o.a.j.t.JMeterThread: Thread is done: POST arrivals 1-179
2026-10-07 03:39:25,643 INFO o.a.j.t.JMeterThread: Thread finished: POST arrivals 1-179
2026-10-07 03:39:26,090 INFO o.a.j.t.JMeterThread: Thread started: POST arrivals 1-219
2026-10-07 03:39:27,314 INFO o.a.j.t.JMeterThread: Thread is done: POST arrivals 1-180
2026-10-07 03:39:27,314 INFO o.a.j.t.JMeterThread: Thread finished: POST arrivals 1-180
2026-10-07 03:39:28,095 INFO o.a.j.t.JMeterThread: Thread is done: POST arrivals 1-181
2026-10-07 03:39:28,095 INFO o.a.j.t.JMeterThread: Thread finished: POST arrivals 1-181
2026-10-07 03:39:28,445 INFO o.a.j.t.JMeterThread: Thread started: POST arrivals 1-220
2026-10-07 03:39:29,015 INFO o.a.j.t.JMeterThread: Thread is done: POST arrivals 1-182
2026-10-07 03:39:29,015 INFO o.a.j.t.JMeterThread: Thread finished: POST arrivals 1-182
2026-10-07 03:39:30,198 INFO o.a.j.r.Summariser: summary +     22 in 00:00:30 =    0.7/s Avg: 59210 Min: 54588 Max: 64174 Err:     0 (0.00%) Active: 48 Started: 275 Finished: 227
2026-10-07 03:39:30,199 INFO o.a.j.r.Summariser: summary =    228 in 00:06:05 =    0.6/s Avg: 29493 Min:    26 Max: 64174 Err:     0 (0.00%)
2026-10-07 03:39:30,200 INFO o.a.j.t.JMeterThread: Thread is done: POST arrivals 1-183
2026-10-07 03:39:30,200 INFO o.a.j.t.JMeterThread: Thread finished: POST arrivals 1-183
2026-10-07 03:39:31,179 INFO o.a.j.t.JMeterThread: Thread is done: POST arrivals 1-184
2026-10-07 03:39:31,179 INFO o.a.j.t.JMeterThread: Thread finished: POST arrivals 1-184
2026-10-07 03:39:31,204 INFO o.a.j.t.JMeterThread: Thread is done: Search arrivals 2-35
2026-10-07 03:39:31,204 INFO o.a.j.t.JMeterThread: Thread finished: Search arrivals 2-35
2026-10-07 03:39:31,230 INFO o.a.j.t.JMeterThread: Thread is done: Search arrivals 2-36
2026-10-07 03:39:31,231 INFO o.a.j.t.JMeterThread: Thread finished: Search arrivals 2-36
2026-10-07 03:39:31,262 INFO o.a.j.t.JMeterThread: Thread is done: Search arrivals 2-37
2026-10-07 03:39:31,262 INFO o.a.j.t.JMeterThread: Thread finished: Search arrivals 2-37
2026-10-07 03:39:32,174 INFO o.a.j.t.JMeterThread: Thread is done: POST arrivals 1-185
2026-10-07 03:39:32,174 INFO o.a.j.t.JMeterThread: Thread finished: POST arrivals 1-185
2026-10-07 03:39:32,200 INFO o.a.j.t.JMeterThread: Thread is done: Search arrivals 2-38
2026-10-07 03:39:32,200 INFO o.a.j.t.JMeterThread: Thread finished: Search arrivals 2-38
2026-10-07 03:39:32,220 INFO o.a.j.t.JMeterThread: Thread is done: Stats arrivals 3-12
2026-10-07 03:39:32,220 INFO o.a.j.t.JMeterThread: Thread finished: Stats arrivals 3-12
2026-10-07 03:39:32,271 INFO o.a.j.t.JMeterThread: Thread started: POST arrivals 1-221
2026-10-07 03:39:33,429 INFO o.a.j.t.JMeterThread: Thread started: POST arrivals 1-222
2026-10-07 03:39:35,272 INFO o.a.j.t.JMeterThread: Thread is done: POST arrivals 1-186
2026-10-07 03:39:35,272 INFO o.a.j.t.JMeterThread: Thread finished: POST arrivals 1-186
2026-10-07 03:39:35,298 INFO o.a.j.t.JMeterThread: Thread is done: Search arrivals 2-39
2026-10-07 03:39:35,298 INFO o.a.j.t.JMeterThread: Thread finished: Search arrivals 2-39
2026-10-07 03:39:36,744 INFO o.a.j.t.JMeterThread: Thread is done: POST arrivals 1-187
2026-10-07 03:39:36,744 INFO o.a.j.t.JMeterThread: Thread finished: POST arrivals 1-187
2026-10-07 03:39:37,125 INFO o.a.j.t.JMeterThread: Thread started: POST arrivals 1-223
2026-10-07 03:39:37,600 INFO o.a.j.t.JMeterThread: Thread started: POST arrivals 1-224
2026-10-07 03:39:37,841 INFO o.a.j.t.JMeterThread: Thread is done: POST arrivals 1-188
2026-10-07 03:39:37,841 INFO o.a.j.t.JMeterThread: Thread finished: POST arrivals 1-188
2026-10-07 03:39:38,954 INFO o.a.j.t.JMeterThread: Thread is done: POST arrivals 1-189
2026-10-07 03:39:38,954 INFO o.a.j.t.JMeterThread: Thread finished: POST arrivals 1-189
2026-10-07 03:39:40,706 INFO o.a.j.t.JMeterThread: Thread is done: POST arrivals 1-190
2026-10-07 03:39:40,706 INFO o.a.j.t.JMeterThread: Thread finished: POST arrivals 1-190
2026-10-07 03:39:41,617 INFO o.a.j.t.JMeterThread: Thread is done: POST arrivals 1-191
2026-10-07 03:39:41,617 INFO o.a.j.t.JMeterThread: Thread finished: POST arrivals 1-191
2026-10-07 03:39:41,750 INFO o.a.j.t.JMeterThread: Thread started: POST arrivals 1-225
2026-10-07 03:39:42,328 INFO o.a.j.t.JMeterThread: Thread started: POST arrivals 1-226
2026-10-07 03:39:42,626 INFO o.a.j.t.JMeterThread: Thread started: POST arrivals 1-227
2026-10-07 03:39:44,552 INFO o.a.j.t.JMeterThread: Thread is done: POST arrivals 1-192
2026-10-07 03:39:44,552 INFO o.a.j.t.JMeterThread: Thread finished: POST arrivals 1-192
2026-10-07 03:39:46,715 INFO o.a.j.t.JMeterThread: Thread started: POST arrivals 1-228
2026-10-07 03:39:46,833 INFO o.a.j.t.JMeterThread: Thread started: POST arrivals 1-229
2026-10-07 03:39:47,260 INFO o.a.j.t.JMeterThread: Thread started: Stats arrivals 3-14
2026-10-07 03:39:47,798 INFO o.a.j.t.JMeterThread: Thread is done: POST arrivals 1-193
2026-10-07 03:39:47,798 INFO o.a.j.t.JMeterThread: Thread finished: POST arrivals 1-193
2026-10-07 03:39:47,799 INFO o.a.j.t.JMeterThread: Thread is done: Search arrivals 2-40
2026-10-07 03:39:47,799 INFO o.a.j.t.JMeterThread: Thread finished: Search arrivals 2-40
2026-10-07 03:39:49,676 INFO o.a.j.t.JMeterThread: Thread is done: POST arrivals 1-194
2026-10-07 03:39:49,676 INFO o.a.j.t.JMeterThread: Thread finished: POST arrivals 1-194
2026-10-07 03:39:51,738 INFO o.a.j.t.JMeterThread: Thread is done: POST arrivals 1-195
2026-10-07 03:39:51,738 INFO o.a.j.t.JMeterThread: Thread finished: POST arrivals 1-195
2026-10-07 03:39:53,086 INFO o.a.j.t.JMeterThread: Thread started: Search arrivals 2-43
2026-10-07 03:39:53,146 INFO o.a.j.t.JMeterThread: Thread started: POST arrivals 1-230
2026-10-07 03:39:54,439 INFO o.a.j.t.JMeterThread: Thread started: POST arrivals 1-231
2026-10-07 03:39:54,497 INFO o.a.j.t.JMeterThread: Thread started: POST arrivals 1-232
2026-10-07 03:39:54,861 INFO o.a.j.t.JMeterThread: Thread is done: POST arrivals 1-196
2026-10-07 03:39:54,861 INFO o.a.j.t.JMeterThread: Thread finished: POST arrivals 1-196
2026-10-07 03:39:55,154 INFO o.a.j.t.JMeterThread: Thread started: POST arrivals 1-233
2026-10-07 03:39:56,132 INFO o.a.j.t.JMeterThread: Thread started: POST arrivals 1-234
2026-10-07 03:39:56,637 INFO o.a.j.t.JMeterThread: Thread started: POST arrivals 1-235
2026-10-07 03:39:57,700 INFO o.a.j.t.JMeterThread: Thread started: POST arrivals 1-236
2026-10-07 03:39:58,130 INFO o.a.j.t.JMeterThread: Thread started: POST arrivals 1-237
2026-10-07 03:39:58,618 INFO o.a.j.t.JMeterThread: Thread is done: POST arrivals 1-197
2026-10-07 03:39:58,618 INFO o.a.j.t.JMeterThread: Thread finished: POST arrivals 1-197
2026-10-07 03:39:58,915 INFO o.a.j.t.JMeterThread: Thread started: POST arrivals 1-238
2026-10-07 03:39:59,481 INFO o.a.j.t.JMeterThread: Thread is done: POST arrivals 1-198
2026-10-07 03:39:59,481 INFO o.a.j.t.JMeterThread: Thread finished: POST arrivals 1-198
2026-10-07 03:40:00,296 INFO o.a.j.t.JMeterThread: Thread started: POST arrivals 1-239
2026-10-07 03:40:00,980 INFO o.a.j.r.Summariser: summary +     23 in 00:00:31 =    0.7/s Avg: 58724 Min: 55131 Max: 65294 Err:     0 (0.00%) Active: 46 Started: 296 Finished: 250
2026-10-07 03:40:00,980 INFO o.a.j.r.Summariser: summary =    251 in 00:06:36 =    0.6/s Avg: 32171 Min:    26 Max: 65294 Err:     0 (0.00%)
2026-10-07 03:40:00,981 INFO o.a.j.t.JMeterThread: Thread is done: POST arrivals 1-199
2026-10-07 03:40:00,981 INFO o.a.j.t.JMeterThread: Thread finished: POST arrivals 1-199
2026-10-07 03:40:01,536 INFO o.a.j.t.JMeterThread: Thread started: Stats arrivals 3-15
2026-10-07 03:40:01,549 INFO o.a.j.t.JMeterThread: Thread started: POST arrivals 1-240
2026-10-07 03:40:01,844 INFO o.a.j.t.JMeterThread: Thread started: POST arrivals 1-241
2026-10-07 03:40:01,983 INFO o.a.j.t.JMeterThread: Thread started: POST arrivals 1-242
2026-10-07 03:40:02,560 INFO o.a.j.t.JMeterThread: Thread is done: POST arrivals 1-200
2026-10-07 03:40:02,560 INFO o.a.j.t.JMeterThread: Thread finished: POST arrivals 1-200
2026-10-07 03:40:02,587 INFO o.a.j.t.JMeterThread: Thread is done: Search arrivals 2-41
2026-10-07 03:40:02,588 INFO o.a.j.t.JMeterThread: Thread finished: Search arrivals 2-41
2026-10-07 03:40:02,616 INFO o.a.j.t.JMeterThread: Thread is done: Search arrivals 2-42
2026-10-07 03:40:02,616 INFO o.a.j.t.JMeterThread: Thread finished: Search arrivals 2-42
2026-10-07 03:40:03,630 INFO o.a.j.t.JMeterThread: Thread is done: POST arrivals 1-201
2026-10-07 03:40:03,631 INFO o.a.j.t.JMeterThread: Thread finished: POST arrivals 1-201
2026-10-07 03:40:04,569 INFO o.a.j.t.JMeterThread: Thread started: POST arrivals 1-243
2026-10-07 03:40:05,553 INFO o.a.j.t.JMeterThread: Thread started: POST arrivals 1-244
2026-10-07 03:40:05,579 INFO o.a.j.t.JMeterThread: Thread is done: POST arrivals 1-202
2026-10-07 03:40:05,579 INFO o.a.j.t.JMeterThread: Thread finished: POST arrivals 1-202
2026-10-07 03:40:06,494 INFO o.a.j.t.JMeterThread: Thread is done: POST arrivals 1-203
2026-10-07 03:40:06,494 INFO o.a.j.t.JMeterThread: Thread finished: POST arrivals 1-203
2026-10-07 03:40:06,522 INFO o.a.j.t.JMeterThread: Thread is done: Stats arrivals 3-13
2026-10-07 03:40:06,522 INFO o.a.j.t.JMeterThread: Thread finished: Stats arrivals 3-13
2026-10-07 03:40:07,111 INFO o.a.j.t.JMeterThread: Thread started: POST arrivals 1-245
2026-10-07 03:40:07,711 INFO o.a.j.t.JMeterThread: Thread started: POST arrivals 1-246
2026-10-07 03:40:08,446 INFO o.a.j.t.JMeterThread: Thread is done: POST arrivals 1-204
2026-10-07 03:40:08,446 INFO o.a.j.t.JMeterThread: Thread finished: POST arrivals 1-204
2026-10-07 03:40:09,594 INFO o.a.j.t.JMeterThread: Thread started: POST arrivals 1-247
2026-10-07 03:40:09,900 INFO o.a.j.t.JMeterThread: Thread started: POST arrivals 1-248
2026-10-07 03:40:10,054 INFO o.a.j.t.JMeterThread: Thread started: Search arrivals 2-44
2026-10-07 03:40:10,776 INFO o.a.j.t.JMeterThread: Thread is done: POST arrivals 1-205
2026-10-07 03:40:10,776 INFO o.a.j.t.JMeterThread: Thread finished: POST arrivals 1-205
2026-10-07 03:40:12,493 INFO o.a.j.t.JMeterThread: Thread is done: POST arrivals 1-206
2026-10-07 03:40:12,494 INFO o.a.j.t.JMeterThread: Thread finished: POST arrivals 1-206
2026-10-07 03:40:12,616 INFO o.a.j.t.JMeterThread: Thread started: POST arrivals 1-249
2026-10-07 03:40:13,901 INFO o.a.j.t.JMeterThread: Thread started: POST arrivals 1-250
2026-10-07 03:40:14,497 INFO o.a.j.t.JMeterThread: Thread is done: POST arrivals 1-207
2026-10-07 03:40:14,497 INFO o.a.j.t.JMeterThread: Thread finished: POST arrivals 1-207
2026-10-07 03:40:15,288 INFO o.a.j.t.JMeterThread: Thread is done: POST arrivals 1-208
2026-10-07 03:40:15,289 INFO o.a.j.t.JMeterThread: Thread finished: POST arrivals 1-208
2026-10-07 03:40:16,466 INFO o.a.j.t.JMeterThread: Thread started: Search arrivals 2-45
2026-10-07 03:40:16,755 INFO o.a.j.t.JMeterThread: Thread is done: POST arrivals 1-209
2026-10-07 03:40:16,755 INFO o.a.j.t.JMeterThread: Thread finished: POST arrivals 1-209
2026-10-07 03:40:18,266 INFO o.a.j.t.JMeterThread: Thread is done: POST arrivals 1-210
2026-10-07 03:40:18,266 INFO o.a.j.t.JMeterThread: Thread finished: POST arrivals 1-210
2026-10-07 03:40:18,969 INFO o.a.j.t.JMeterThread: Thread started: POST arrivals 1-251
2026-10-07 03:40:20,826 INFO o.a.j.t.JMeterThread: Thread is done: POST arrivals 1-211
2026-10-07 03:40:20,826 INFO o.a.j.t.JMeterThread: Thread finished: POST arrivals 1-211
2026-10-07 03:40:21,914 INFO o.a.j.t.JMeterThread: Thread is done: POST arrivals 1-212
2026-10-07 03:40:21,914 INFO o.a.j.t.JMeterThread: Thread finished: POST arrivals 1-212
2026-10-07 03:40:21,974 INFO o.a.j.t.JMeterThread: Thread started: POST arrivals 1-252
2026-10-07 03:40:23,019 INFO o.a.j.t.JMeterThread: Thread is done: POST arrivals 1-213
2026-10-07 03:40:23,019 INFO o.a.j.t.JMeterThread: Thread finished: POST arrivals 1-213
2026-10-07 03:40:23,388 INFO o.a.j.t.JMeterThread: Thread started: POST arrivals 1-253
2026-10-07 03:40:23,409 INFO o.a.j.t.JMeterThread: Thread started: Search arrivals 2-46
2026-10-07 03:40:24,884 INFO o.a.j.t.JMeterThread: Thread is done: POST arrivals 1-214
2026-10-07 03:40:24,884 INFO o.a.j.t.JMeterThread: Thread finished: POST arrivals 1-214
2026-10-07 03:40:26,243 INFO o.a.j.t.JMeterThread: Thread started: POST arrivals 1-254
2026-10-07 03:40:26,477 INFO o.a.j.t.JMeterThread: Thread started: Search arrivals 2-47
2026-10-07 03:40:26,545 INFO o.a.j.t.JMeterThread: Thread is done: POST arrivals 1-215
2026-10-07 03:40:26,546 INFO o.a.j.t.JMeterThread: Thread finished: POST arrivals 1-215
2026-10-07 03:40:27,925 INFO o.a.j.t.JMeterThread: Thread is done: POST arrivals 1-216
2026-10-07 03:40:27,925 INFO o.a.j.t.JMeterThread: Thread finished: POST arrivals 1-216
2026-10-07 03:40:31,161 INFO o.a.j.t.JMeterThread: Thread started: POST arrivals 1-255
2026-10-07 03:40:31,243 INFO o.a.j.r.Summariser: summary +     21 in 00:00:30 =    0.7/s Avg: 64099 Min: 59643 Max: 68176 Err:     0 (0.00%) Active: 46 Started: 317 Finished: 271
2026-10-07 03:40:31,245 INFO o.a.j.r.Summariser: summary =    272 in 00:07:06 =    0.6/s Avg: 34636 Min:    26 Max: 68176 Err:     0 (0.00%)
2026-10-07 03:40:31,245 INFO o.a.j.t.JMeterThread: Thread is done: POST arrivals 1-217
2026-10-07 03:40:31,245 INFO o.a.j.t.JMeterThread: Thread finished: POST arrivals 1-217
2026-10-07 03:40:31,915 INFO o.a.j.t.JMeterThread: Thread started: POST arrivals 1-256
2026-10-07 03:40:33,499 INFO o.a.j.t.JMeterThread: Thread started: Search arrivals 2-48
2026-10-07 03:40:34,826 INFO o.a.j.t.JMeterThread: Thread is done: POST arrivals 1-218
2026-10-07 03:40:34,827 INFO o.a.j.t.JMeterThread: Thread finished: POST arrivals 1-218
2026-10-07 03:40:35,975 INFO o.a.j.t.JMeterThread: Thread is done: POST arrivals 1-219
2026-10-07 03:40:35,975 INFO o.a.j.t.JMeterThread: Thread finished: POST arrivals 1-219
2026-10-07 03:40:36,101 INFO o.a.j.t.JMeterThread: Thread started: POST arrivals 1-257
2026-10-07 03:40:36,831 INFO o.a.j.t.JMeterThread: Thread started: POST arrivals 1-258
2026-10-07 03:40:37,658 INFO o.a.j.t.JMeterThread: Thread is done: POST arrivals 1-220
2026-10-07 03:40:37,658 INFO o.a.j.t.JMeterThread: Thread finished: POST arrivals 1-220
2026-10-07 03:40:39,249 INFO o.a.j.t.JMeterThread: Thread is done: POST arrivals 1-221
2026-10-07 03:40:39,249 INFO o.a.j.t.JMeterThread: Thread finished: POST arrivals 1-221
2026-10-07 03:40:39,472 INFO o.a.j.t.JMeterThread: Thread started: POST arrivals 1-259
2026-10-07 03:40:40,946 INFO o.a.j.t.JMeterThread: Thread started: POST arrivals 1-260
2026-10-07 03:40:41,068 INFO o.a.j.t.JMeterThread: Thread started: POST arrivals 1-261
2026-10-07 03:40:41,169 INFO o.a.j.t.JMeterThread: Thread started: POST arrivals 1-262
2026-10-07 03:40:41,511 INFO o.a.j.t.JMeterThread: Thread is done: POST arrivals 1-222
2026-10-07 03:40:41,512 INFO o.a.j.t.JMeterThread: Thread finished: POST arrivals 1-222
2026-10-07 03:40:42,754 INFO o.a.j.t.JMeterThread: Thread is done: POST arrivals 1-223
2026-10-07 03:40:42,754 INFO o.a.j.t.JMeterThread: Thread finished: POST arrivals 1-223
2026-10-07 03:40:43,899 INFO o.a.j.t.JMeterThread: Thread is done: POST arrivals 1-224
2026-10-07 03:40:43,899 INFO o.a.j.t.JMeterThread: Thread finished: POST arrivals 1-224
2026-10-07 03:40:44,846 INFO o.a.j.t.JMeterThread: Thread is done: POST arrivals 1-225
2026-10-07 03:40:44,846 INFO o.a.j.t.JMeterThread: Thread finished: POST arrivals 1-225
2026-10-07 03:40:45,693 INFO o.a.j.t.JMeterThread: Thread started: POST arrivals 1-263
2026-10-07 03:40:45,753 INFO o.a.j.t.JMeterThread: Thread started: POST arrivals 1-264
2026-10-07 03:40:46,186 INFO o.a.j.t.JMeterThread: Thread is done: POST arrivals 1-226
2026-10-07 03:40:46,187 INFO o.a.j.t.JMeterThread: Thread finished: POST arrivals 1-226
2026-10-07 03:40:47,444 INFO o.a.j.t.JMeterThread: Thread is done: POST arrivals 1-227
2026-10-07 03:40:47,445 INFO o.a.j.t.JMeterThread: Thread finished: POST arrivals 1-227
2026-10-07 03:40:49,383 INFO o.a.j.t.JMeterThread: Thread started: POST arrivals 1-265
2026-10-07 03:40:49,410 INFO o.a.j.t.JMeterThread: Thread is done: POST arrivals 1-228
2026-10-07 03:40:49,410 INFO o.a.j.t.JMeterThread: Thread finished: POST arrivals 1-228
2026-10-07 03:40:49,881 INFO o.a.j.t.JMeterThread: Thread started: Search arrivals 2-49
2026-10-07 03:40:52,562 INFO o.a.j.t.JMeterThread: Thread started: POST arrivals 1-266
2026-10-07 03:40:52,754 INFO o.a.j.t.JMeterThread: Thread is done: POST arrivals 1-229
2026-10-07 03:40:52,754 INFO o.a.j.t.JMeterThread: Thread finished: POST arrivals 1-229
2026-10-07 03:40:52,775 INFO o.a.j.t.JMeterThread: Thread is done: Stats arrivals 3-14
2026-10-07 03:40:52,775 INFO o.a.j.t.JMeterThread: Thread finished: Stats arrivals 3-14
2026-10-07 03:40:52,808 INFO o.a.j.t.JMeterThread: Thread is done: Search arrivals 2-43
2026-10-07 03:40:52,808 INFO o.a.j.t.JMeterThread: Thread finished: Search arrivals 2-43
2026-10-07 03:40:52,908 INFO o.a.j.t.JMeterThread: Thread started: POST arrivals 1-267
2026-10-07 03:40:53,829 INFO o.a.j.t.JMeterThread: Thread started: POST arrivals 1-268
2026-10-07 03:40:54,515 INFO o.a.j.t.JMeterThread: Thread started: POST arrivals 1-269
2026-10-07 03:40:55,635 INFO o.a.j.t.JMeterThread: Thread started: POST arrivals 1-270
2026-10-07 03:40:56,182 INFO o.a.j.t.JMeterThread: Thread is done: POST arrivals 1-230
2026-10-07 03:40:56,182 INFO o.a.j.t.JMeterThread: Thread finished: POST arrivals 1-230
2026-10-07 03:40:56,400 INFO o.a.j.t.JMeterThread: Thread started: POST arrivals 1-271
2026-10-07 03:40:56,490 INFO o.a.j.t.JMeterThread: Thread started: POST arrivals 1-272
2026-10-07 03:40:56,710 INFO o.a.j.t.JMeterThread: Thread started: POST arrivals 1-273
2026-10-07 03:40:57,420 INFO o.a.j.t.JMeterThread: Thread is done: POST arrivals 1-231
2026-10-07 03:40:57,420 INFO o.a.j.t.JMeterThread: Thread finished: POST arrivals 1-231
2026-10-07 03:40:58,357 INFO o.a.j.t.JMeterThread: Thread started: POST arrivals 1-274
2026-10-07 03:40:58,528 INFO o.a.j.t.JMeterThread: Thread started: POST arrivals 1-275
2026-10-07 03:40:58,885 INFO o.a.j.t.JMeterThread: Thread started: Search arrivals 2-50
2026-10-07 03:40:59,349 INFO o.a.j.t.JMeterThread: Thread is done: POST arrivals 1-232
2026-10-07 03:40:59,349 INFO o.a.j.t.JMeterThread: Thread finished: POST arrivals 1-232
2026-10-07 03:41:01,511 INFO o.a.j.r.Summariser: summary +     18 in 00:00:30 =    0.6/s Avg: 65584 Min: 59722 Max: 71637 Err:     0 (0.00%) Active: 51 Started: 340 Finished: 289
2026-10-07 03:41:01,512 INFO o.a.j.r.Summariser: summary =    290 in 00:07:37 =    0.6/s Avg: 36557 Min:    26 Max: 71637 Err:     0 (0.00%)
2026-10-07 03:41:01,512 INFO o.a.j.t.JMeterThread: Thread is done: POST arrivals 1-233
2026-10-07 03:41:01,512 INFO o.a.j.t.JMeterThread: Thread finished: POST arrivals 1-233
2026-10-07 03:41:01,908 INFO o.a.j.t.JMeterThread: Thread started: POST arrivals 1-276
2026-10-07 03:41:02,010 INFO o.a.j.t.JMeterThread: Thread started: POST arrivals 1-277
2026-10-07 03:41:02,567 INFO o.a.j.t.JMeterThread: Thread is done: POST arrivals 1-234
2026-10-07 03:41:02,568 INFO o.a.j.t.JMeterThread: Thread finished: POST arrivals 1-234
2026-10-07 03:41:03,717 INFO o.a.j.t.JMeterThread: Thread started: Search arrivals 2-51
2026-10-07 03:41:04,031 INFO o.a.j.t.JMeterThread: Thread is done: POST arrivals 1-235
2026-10-07 03:41:04,031 INFO o.a.j.t.JMeterThread: Thread finished: POST arrivals 1-235
2026-10-07 03:41:06,586 INFO o.a.j.t.JMeterThread: Thread started: Search arrivals 2-52
2026-10-07 03:41:06,821 INFO o.a.j.t.JMeterThread: Thread is done: POST arrivals 1-236
2026-10-07 03:41:06,822 INFO o.a.j.t.JMeterThread: Thread finished: POST arrivals 1-236
2026-10-07 03:41:07,692 INFO o.a.j.t.JMeterThread: Thread is done: POST arrivals 1-237
2026-10-07 03:41:07,692 INFO o.a.j.t.JMeterThread: Thread finished: POST arrivals 1-237
2026-10-07 03:41:09,382 INFO o.a.j.t.JMeterThread: Thread started: POST arrivals 1-278
2026-10-07 03:41:09,630 INFO o.a.j.t.JMeterThread: Thread is done: POST arrivals 1-238
2026-10-07 03:41:09,630 INFO o.a.j.t.JMeterThread: Thread finished: POST arrivals 1-238
2026-10-07 03:41:09,777 INFO o.a.j.t.JMeterThread: Thread started: Search arrivals 2-53
2026-10-07 03:41:12,051 INFO o.a.j.t.JMeterThread: Thread started: POST arrivals 1-279
2026-10-07 03:41:12,130 INFO o.a.j.t.JMeterThread: Thread is done: POST arrivals 1-239
2026-10-07 03:41:12,130 INFO o.a.j.t.JMeterThread: Thread finished: POST arrivals 1-239
2026-10-07 03:41:12,153 INFO o.a.j.t.JMeterThread: Thread is done: Stats arrivals 3-15
2026-10-07 03:41:12,153 INFO o.a.j.t.JMeterThread: Thread finished: Stats arrivals 3-15
2026-10-07 03:41:12,722 INFO o.a.j.t.JMeterThread: Thread started: POST arrivals 1-280
2026-10-07 03:41:15,010 INFO o.a.j.t.JMeterThread: Thread started: POST arrivals 1-281
2026-10-07 03:41:15,041 INFO o.a.j.t.JMeterThread: Thread is done: POST arrivals 1-240
2026-10-07 03:41:15,041 INFO o.a.j.t.JMeterThread: Thread finished: POST arrivals 1-240
2026-10-07 03:41:15,134 INFO o.a.j.t.JMeterThread: Thread started: POST arrivals 1-282
2026-10-07 03:41:17,242 INFO o.a.j.t.JMeterThread: Thread is done: POST arrivals 1-241
2026-10-07 03:41:17,242 INFO o.a.j.t.JMeterThread: Thread finished: POST arrivals 1-241
2026-10-07 03:41:18,646 INFO o.a.j.t.JMeterThread: Thread is done: POST arrivals 1-242
2026-10-07 03:41:18,646 INFO o.a.j.t.JMeterThread: Thread finished: POST arrivals 1-242
2026-10-07 03:41:19,270 INFO o.a.j.t.JMeterThread: Thread started: POST arrivals 1-283
2026-10-07 03:41:19,822 INFO o.a.j.t.JMeterThread: Thread started: Search arrivals 2-54
2026-10-07 03:41:20,885 INFO o.a.j.t.JMeterThread: Thread is done: POST arrivals 1-243
2026-10-07 03:41:20,885 INFO o.a.j.t.JMeterThread: Thread finished: POST arrivals 1-243
2026-10-07 03:41:21,550 INFO o.a.j.t.JMeterThread: Thread started: POST arrivals 1-284
2026-10-07 03:41:21,614 INFO o.a.j.t.JMeterThread: Thread started: POST arrivals 1-285
2026-10-07 03:41:21,748 INFO o.a.j.t.JMeterThread: Thread is done: POST arrivals 1-244
2026-10-07 03:41:21,748 INFO o.a.j.t.JMeterThread: Thread finished: POST arrivals 1-244
2026-10-07 03:41:22,036 INFO o.a.j.t.JMeterThread: Thread started: POST arrivals 1-286
2026-10-07 03:41:22,049 INFO o.a.j.t.JMeterThread: Thread started: POST arrivals 1-287
2026-10-07 03:41:22,178 INFO o.a.j.t.JMeterThread: Thread started: Stats arrivals 3-16
2026-10-07 03:41:22,245 INFO o.a.j.t.JMeterThread: Thread started: Search arrivals 2-55
2026-10-07 03:41:22,583 INFO o.a.j.t.JMeterThread: Thread is done: POST arrivals 1-245
2026-10-07 03:41:22,584 INFO o.a.j.t.JMeterThread: Thread finished: POST arrivals 1-245
2026-10-07 03:41:24,250 INFO o.a.j.t.JMeterThread: Thread is done: POST arrivals 1-246
2026-10-07 03:41:24,250 INFO o.a.j.t.JMeterThread: Thread finished: POST arrivals 1-246
2026-10-07 03:41:24,553 INFO o.a.j.t.JMeterThread: Thread started: POST arrivals 1-288
2026-10-07 03:41:25,690 INFO o.a.j.t.JMeterThread: Thread is done: POST arrivals 1-247
2026-10-07 03:41:25,690 INFO o.a.j.t.JMeterThread: Thread finished: POST arrivals 1-247
2026-10-07 03:41:27,040 INFO o.a.j.t.JMeterThread: Thread is done: POST arrivals 1-248
2026-10-07 03:41:27,040 INFO o.a.j.t.JMeterThread: Thread finished: POST arrivals 1-248
2026-10-07 03:41:27,106 INFO o.a.j.t.JMeterThread: Thread is done: Search arrivals 2-44
2026-10-07 03:41:27,106 INFO o.a.j.t.JMeterThread: Thread finished: Search arrivals 2-44
2026-10-07 03:41:27,555 INFO o.a.j.t.JMeterThread: Thread started: Search arrivals 2-56
2026-10-07 03:41:28,148 INFO o.a.j.t.JMeterThread: Thread started: POST arrivals 1-289
2026-10-07 03:41:28,688 INFO o.a.j.t.JMeterThread: Thread is done: POST arrivals 1-249
2026-10-07 03:41:28,688 INFO o.a.j.t.JMeterThread: Thread finished: POST arrivals 1-249
2026-10-07 03:41:30,270 INFO o.a.j.t.JMeterThread: Thread started: POST arrivals 1-290
2026-10-07 03:41:30,704 INFO o.a.j.t.JMeterThread: Thread started: POST arrivals 1-291
2026-10-07 03:41:32,276 INFO o.a.j.r.Summariser: summary +     19 in 00:00:31 =    0.6/s Avg: 73706 Min: 66433 Max: 78371 Err:     0 (0.00%) Active: 55 Started: 363 Finished: 308
2026-10-07 03:41:32,277 INFO o.a.j.r.Summariser: summary =    309 in 00:08:07 =    0.6/s Avg: 38841 Min:    26 Max: 78371 Err:     0 (0.00%)
2026-10-07 03:41:32,277 INFO o.a.j.t.JMeterThread: Thread is done: POST arrivals 1-250
2026-10-07 03:41:32,277 INFO o.a.j.t.JMeterThread: Thread finished: POST arrivals 1-250
2026-10-07 03:41:32,319 INFO o.a.j.t.JMeterThread: Thread is done: Search arrivals 2-45
2026-10-07 03:41:32,319 INFO o.a.j.t.JMeterThread: Thread finished: Search arrivals 2-45
2026-10-07 03:41:33,811 INFO o.a.j.t.JMeterThread: Thread is done: POST arrivals 1-251
2026-10-07 03:41:33,811 INFO o.a.j.t.JMeterThread: Thread finished: POST arrivals 1-251
2026-10-07 03:41:34,718 INFO o.a.j.t.JMeterThread: Thread started: Stats arrivals 3-17
2026-10-07 03:41:35,321 INFO o.a.j.t.JMeterThread: Thread started: POST arrivals 1-292
2026-10-07 03:41:35,392 INFO o.a.j.t.JMeterThread: Thread is done: POST arrivals 1-252
2026-10-07 03:41:35,392 INFO o.a.j.t.JMeterThread: Thread finished: POST arrivals 1-252
2026-10-07 03:41:38,850 INFO o.a.j.t.JMeterThread: Thread started: POST arrivals 1-293
2026-10-07 03:41:39,418 INFO o.a.j.t.JMeterThread: Thread started: POST arrivals 1-294
2026-10-07 03:41:39,701 INFO o.a.j.t.JMeterThread: Thread is done: POST arrivals 1-253
2026-10-07 03:41:39,701 INFO o.a.j.t.JMeterThread: Thread finished: POST arrivals 1-253
2026-10-07 03:41:39,734 INFO o.a.j.t.JMeterThread: Thread is done: Search arrivals 2-46
2026-10-07 03:41:39,734 INFO o.a.j.t.JMeterThread: Thread finished: Search arrivals 2-46
2026-10-07 03:41:40,554 INFO o.a.j.t.JMeterThread: Thread started: POST arrivals 1-295
2026-10-07 03:41:40,997 INFO o.a.j.t.JMeterThread: Thread started: POST arrivals 1-296
2026-10-07 03:41:41,096 INFO o.a.j.t.JMeterThread: Thread is done: POST arrivals 1-254
2026-10-07 03:41:41,096 INFO o.a.j.t.JMeterThread: Thread finished: POST arrivals 1-254
2026-10-07 03:41:41,136 INFO o.a.j.t.JMeterThread: Thread is done: Search arrivals 2-47
2026-10-07 03:41:41,136 INFO o.a.j.t.JMeterThread: Thread finished: Search arrivals 2-47
2026-10-07 03:41:42,242 INFO o.a.j.t.JMeterThread: Thread started: Search arrivals 2-57
2026-10-07 03:41:44,240 INFO o.a.j.t.JMeterThread: Thread is done: POST arrivals 1-255
2026-10-07 03:41:44,240 INFO o.a.j.t.JMeterThread: Thread finished: POST arrivals 1-255
2026-10-07 03:41:44,449 INFO o.a.j.t.JMeterThread: Thread started: POST arrivals 1-297
2026-10-07 03:41:46,073 INFO o.a.j.t.JMeterThread: Thread is done: POST arrivals 1-256
2026-10-07 03:41:46,073 INFO o.a.j.t.JMeterThread: Thread finished: POST arrivals 1-256
2026-10-07 03:41:46,114 INFO o.a.j.t.JMeterThread: Thread is done: Search arrivals 2-48
2026-10-07 03:41:46,114 INFO o.a.j.t.JMeterThread: Thread finished: Search arrivals 2-48
2026-10-07 03:41:46,485 INFO o.a.j.t.JMeterThread: Thread started: Search arrivals 2-58
2026-10-07 03:41:46,837 INFO o.a.j.t.JMeterThread: Thread started: Search arrivals 2-59
2026-10-07 03:41:47,524 INFO o.a.j.t.JMeterThread: Thread started: POST arrivals 1-298
2026-10-07 03:41:47,787 INFO o.a.j.t.JMeterThread: Thread started: Search arrivals 2-60
2026-10-07 03:41:48,130 INFO o.a.j.t.JMeterThread: Thread started: POST arrivals 1-299
2026-10-07 03:41:48,443 INFO o.a.j.t.JMeterThread: Thread started: POST arrivals 1-300
2026-10-07 03:41:49,260 INFO o.a.j.t.JMeterThread: Thread is done: POST arrivals 1-257
2026-10-07 03:41:49,260 INFO o.a.j.t.JMeterThread: Thread finished: POST arrivals 1-257
2026-10-07 03:41:50,768 INFO o.a.j.t.JMeterThread: Thread is done: POST arrivals 1-258
2026-10-07 03:41:50,768 INFO o.a.j.t.JMeterThread: Thread finished: POST arrivals 1-258
2026-10-07 03:41:51,471 INFO o.a.j.t.JMeterThread: Thread started: Search arrivals 2-61
2026-10-07 03:41:53,028 INFO o.a.j.t.JMeterThread: Thread started: Search arrivals 2-62
2026-10-07 03:41:53,668 INFO o.a.j.t.JMeterThread: Thread started: POST arrivals 1-301
2026-10-07 03:41:53,944 INFO o.a.j.t.JMeterThread: Thread started: POST arrivals 1-302
2026-10-07 03:41:54,309 INFO o.a.j.t.JMeterThread: Thread is done: POST arrivals 1-259
2026-10-07 03:41:54,310 INFO o.a.j.t.JMeterThread: Thread finished: POST arrivals 1-259
2026-10-07 03:41:54,772 INFO o.a.j.t.JMeterThread: Thread started: POST arrivals 1-303
2026-10-07 03:41:54,996 INFO o.a.j.t.JMeterThread: Thread started: POST arrivals 1-304
2026-10-07 03:41:56,300 INFO o.a.j.t.JMeterThread: Thread started: POST arrivals 1-305
2026-10-07 03:41:56,728 INFO o.a.j.t.JMeterThread: Thread is done: POST arrivals 1-260
2026-10-07 03:41:56,728 INFO o.a.j.t.JMeterThread: Thread finished: POST arrivals 1-260
2026-10-07 03:41:58,886 INFO o.a.j.t.JMeterThread: Thread started: POST arrivals 1-306
2026-10-07 03:41:59,118 INFO o.a.j.t.JMeterThread: Thread started: POST arrivals 1-307
2026-10-07 03:41:59,891 INFO o.a.j.t.JMeterThread: Thread is done: POST arrivals 1-261
2026-10-07 03:41:59,891 INFO o.a.j.t.JMeterThread: Thread finished: POST arrivals 1-261
2026-10-07 03:42:01,251 INFO o.a.j.t.JMeterThread: Thread started: POST arrivals 1-308
2026-10-07 03:42:01,270 INFO o.a.j.t.JMeterThread: Thread started: Search arrivals 2-63
2026-10-07 03:42:01,308 INFO o.a.j.t.JMeterThread: Thread started: POST arrivals 1-309
2026-10-07 03:42:02,037 INFO o.a.j.t.JMeterThread: Thread started: POST arrivals 1-310
2026-10-07 03:42:02,716 INFO o.a.j.t.JMeterThread: Thread started: POST arrivals 1-311
2026-10-07 03:42:03,341 INFO o.a.j.r.Summariser: summary +     16 in 00:00:31 =    0.5/s Avg: 75298 Min: 72613 Max: 82168 Err:     0 (0.00%) Active: 67 Started: 391 Finished: 324
2026-10-07 03:42:03,342 INFO o.a.j.r.Summariser: summary =    325 in 00:08:39 =    0.6/s Avg: 40636 Min:    26 Max: 82168 Err:     0 (0.00%)
2026-10-07 03:42:03,342 INFO o.a.j.t.JMeterThread: Thread is done: POST arrivals 1-262
2026-10-07 03:42:03,342 INFO o.a.j.t.JMeterThread: Thread finished: POST arrivals 1-262
2026-10-07 03:42:03,609 INFO o.a.j.t.JMeterThread: Thread started: POST arrivals 1-312
2026-10-07 03:42:03,708 INFO o.a.j.t.JMeterThread: Thread started: POST arrivals 1-313
2026-10-07 03:42:03,912 INFO o.a.j.t.JMeterThread: Thread started: POST arrivals 1-314
2026-10-07 03:42:04,688 INFO o.a.j.t.JMeterThread: Thread is done: POST arrivals 1-263
2026-10-07 03:42:04,688 INFO o.a.j.t.JMeterThread: Thread finished: POST arrivals 1-263
2026-10-07 03:42:06,043 INFO o.a.j.t.JMeterThread: Thread is done: POST arrivals 1-264
2026-10-07 03:42:06,043 INFO o.a.j.t.JMeterThread: Thread finished: POST arrivals 1-264
2026-10-07 03:42:06,150 INFO o.a.j.t.JMeterThread: Thread started: POST arrivals 1-315
2026-10-07 03:42:06,907 INFO o.a.j.t.JMeterThread: Thread started: Search arrivals 2-64
2026-10-07 03:42:06,924 INFO o.a.j.t.JMeterThread: Thread is done: POST arrivals 1-265
2026-10-07 03:42:06,924 INFO o.a.j.t.JMeterThread: Thread finished: POST arrivals 1-265
2026-10-07 03:42:06,960 INFO o.a.j.t.JMeterThread: Thread is done: Search arrivals 2-49
2026-10-07 03:42:06,961 INFO o.a.j.t.JMeterThread: Thread finished: Search arrivals 2-49
2026-10-07 03:42:08,621 INFO o.a.j.t.JMeterThread: Thread is done: POST arrivals 1-266
2026-10-07 03:42:08,621 INFO o.a.j.t.JMeterThread: Thread finished: POST arrivals 1-266
2026-10-07 03:42:09,314 INFO o.a.j.t.JMeterThread: Thread started: POST arrivals 1-316
2026-10-07 03:42:10,436 INFO o.a.j.t.JMeterThread: Thread is done: POST arrivals 1-267
2026-10-07 03:42:10,436 INFO o.a.j.t.JMeterThread: Thread finished: POST arrivals 1-267
2026-10-07 03:42:10,979 INFO o.a.j.t.JMeterThread: Thread started: Search arrivals 2-65
2026-10-07 03:42:11,930 INFO o.a.j.t.JMeterThread: Thread is done: POST arrivals 1-268
2026-10-07 03:42:11,941 INFO o.a.j.t.JMeterThread: Thread finished: POST arrivals 1-268
2026-10-07 03:42:12,391 INFO o.a.j.t.JMeterThread: Thread started: POST arrivals 1-317
2026-10-07 03:42:13,053 INFO o.a.j.t.JMeterThread: Thread started: POST arrivals 1-318
2026-10-07 03:42:14,755 INFO o.a.j.t.JMeterThread: Thread started: Search arrivals 2-66
2026-10-07 03:42:14,805 INFO o.a.j.t.JMeterThread: Thread started: POST arrivals 1-319
2026-10-07 03:42:15,099 INFO o.a.j.t.JMeterThread: Thread started: POST arrivals 1-320
2026-10-07 03:42:15,229 INFO o.a.j.t.JMeterThread: Thread started: POST arrivals 1-321
2026-10-07 03:42:15,429 INFO o.a.j.t.JMeterThread: Thread is done: POST arrivals 1-269
2026-10-07 03:42:15,429 INFO o.a.j.t.JMeterThread: Thread finished: POST arrivals 1-269
2026-10-07 03:42:15,811 INFO o.a.j.t.JMeterThread: Thread started: POST arrivals 1-322
2026-10-07 03:42:15,844 INFO o.a.j.t.JMeterThread: Thread started: POST arrivals 1-323
2026-10-07 03:42:15,908 INFO o.a.j.t.JMeterThread: Thread started: POST arrivals 1-324
2026-10-07 03:42:16,903 INFO o.a.j.t.JMeterThread: Thread started: POST arrivals 1-325
2026-10-07 03:42:18,250 INFO o.a.j.t.JMeterThread: Thread started: POST arrivals 1-326
2026-10-07 03:42:18,479 INFO o.a.j.t.JMeterThread: Thread started: POST arrivals 1-327
2026-10-07 03:42:18,804 INFO o.a.j.t.JMeterThread: Thread started: Search arrivals 2-67
2026-10-07 03:42:19,088 INFO o.a.j.t.JMeterThread: Thread started: POST arrivals 1-328
2026-10-07 03:42:19,097 INFO o.a.j.t.JMeterThread: Thread started: POST arrivals 1-329
2026-10-07 03:42:19,361 INFO o.a.j.t.JMeterThread: Thread is done: POST arrivals 1-270
2026-10-07 03:42:19,361 INFO o.a.j.t.JMeterThread: Thread finished: POST arrivals 1-270
2026-10-07 03:42:20,268 INFO o.a.j.t.JMeterThread: Thread started: POST arrivals 1-330
2026-10-07 03:42:20,367 INFO o.a.j.t.JMeterThread: Thread started: Search arrivals 2-68
2026-10-07 03:42:22,251 INFO o.a.j.t.JMeterThread: Thread is done: POST arrivals 1-271
2026-10-07 03:42:22,251 INFO o.a.j.t.JMeterThread: Thread finished: POST arrivals 1-271
2026-10-07 03:42:23,966 INFO o.a.j.t.JMeterThread: Thread started: POST arrivals 1-331
2026-10-07 03:42:24,839 INFO o.a.j.t.JMeterThread: Thread started: POST arrivals 1-332
2026-10-07 03:42:24,883 INFO o.a.j.t.JMeterThread: Thread is done: POST arrivals 1-272
2026-10-07 03:42:24,883 INFO o.a.j.t.JMeterThread: Thread finished: POST arrivals 1-272
2026-10-07 03:42:27,135 INFO o.a.j.t.JMeterThread: Thread is done: POST arrivals 1-273
2026-10-07 03:42:27,135 INFO o.a.j.t.JMeterThread: Thread finished: POST arrivals 1-273
2026-10-07 03:42:28,269 INFO o.a.j.t.JMeterThread: Thread is done: POST arrivals 1-274
2026-10-07 03:42:28,270 INFO o.a.j.t.JMeterThread: Thread finished: POST arrivals 1-274
2026-10-07 03:42:29,979 INFO o.a.j.t.JMeterThread: Thread started: POST arrivals 1-333
2026-10-07 03:42:30,030 INFO o.a.j.t.JMeterThread: Thread started: POST arrivals 1-334
2026-10-07 03:42:30,218 INFO o.a.j.t.JMeterThread: Thread started: POST arrivals 1-335
2026-10-07 03:42:30,420 INFO o.a.j.r.Summariser: summary +     14 in 00:00:27 =    0.5/s Avg: 82618 Min: 76057 Max: 91888 Err:     0 (0.00%) Active: 82 Started: 420 Finished: 338
2026-10-07 03:42:30,421 INFO o.a.j.r.Summariser: summary =    339 in 00:09:06 =    0.6/s Avg: 42370 Min:    26 Max: 91888 Err:     0 (0.00%)
2026-10-07 03:42:30,422 INFO o.a.j.t.JMeterThread: Thread is done: POST arrivals 1-275
2026-10-07 03:42:30,422 INFO o.a.j.t.JMeterThread: Thread finished: POST arrivals 1-275
2026-10-07 03:42:30,453 INFO o.a.j.t.JMeterThread: Thread is done: Search arrivals 2-50
2026-10-07 03:42:30,453 INFO o.a.j.t.JMeterThread: Thread finished: Search arrivals 2-50
2026-10-07 03:42:31,169 INFO o.a.j.t.JMeterThread: Thread is done: POST arrivals 1-276
2026-10-07 03:42:31,169 INFO o.a.j.t.JMeterThread: Thread finished: POST arrivals 1-276
2026-10-07 03:42:32,052 INFO o.a.j.t.JMeterThread: Thread started: POST arrivals 1-336
2026-10-07 03:42:32,511 INFO o.a.j.t.JMeterThread: Thread is done: POST arrivals 1-277
2026-10-07 03:42:32,511 INFO o.a.j.t.JMeterThread: Thread finished: POST arrivals 1-277
2026-10-07 03:42:32,551 INFO o.a.j.t.JMeterThread: Thread is done: Search arrivals 2-51
2026-10-07 03:42:32,551 INFO o.a.j.t.JMeterThread: Thread finished: Search arrivals 2-51
2026-10-07 03:42:32,578 INFO o.a.j.t.JMeterThread: Thread is done: Search arrivals 2-52
2026-10-07 03:42:32,578 INFO o.a.j.t.JMeterThread: Thread finished: Search arrivals 2-52
2026-10-07 03:42:33,611 INFO o.a.j.t.JMeterThread: Thread is done: POST arrivals 1-278
2026-10-07 03:42:33,611 INFO o.a.j.t.JMeterThread: Thread finished: POST arrivals 1-278
2026-10-07 03:42:33,651 INFO o.a.j.t.JMeterThread: Thread is done: Search arrivals 2-53
2026-10-07 03:42:33,651 INFO o.a.j.t.JMeterThread: Thread finished: Search arrivals 2-53
2026-10-07 03:42:33,688 INFO o.a.j.t.JMeterThread: Thread started: POST arrivals 1-337
2026-10-07 03:42:35,331 INFO o.a.j.t.JMeterThread: Thread is done: POST arrivals 1-279
2026-10-07 03:42:35,331 INFO o.a.j.t.JMeterThread: Thread finished: POST arrivals 1-279
2026-10-07 03:42:36,721 INFO o.a.j.t.JMeterThread: Thread is done: POST arrivals 1-280
2026-10-07 03:42:36,721 INFO o.a.j.t.JMeterThread: Thread finished: POST arrivals 1-280
2026-10-07 03:42:36,820 INFO o.a.j.t.JMeterThread: Thread started: POST arrivals 1-338
2026-10-07 03:42:38,740 INFO o.a.j.t.JMeterThread: Thread is done: POST arrivals 1-281
2026-10-07 03:42:38,740 INFO o.a.j.t.JMeterThread: Thread finished: POST arrivals 1-281
2026-10-07 03:42:39,214 INFO o.a.j.t.JMeterThread: Thread started: POST arrivals 1-339
2026-10-07 03:42:40,473 INFO o.a.j.t.JMeterThread: Thread is done: POST arrivals 1-282
2026-10-07 03:42:40,474 INFO o.a.j.t.JMeterThread: Thread finished: POST arrivals 1-282
2026-10-07 03:42:41,525 INFO o.a.j.t.JMeterThread: Thread is done: POST arrivals 1-283
2026-10-07 03:42:41,526 INFO o.a.j.t.JMeterThread: Thread finished: POST arrivals 1-283
2026-10-07 03:42:41,561 INFO o.a.j.t.JMeterThread: Thread is done: Search arrivals 2-54
2026-10-07 03:42:41,561 INFO o.a.j.t.JMeterThread: Thread finished: Search arrivals 2-54
2026-10-07 03:42:44,011 INFO o.a.j.t.JMeterThread: Thread is done: POST arrivals 1-284
2026-10-07 03:42:44,011 INFO o.a.j.t.JMeterThread: Thread finished: POST arrivals 1-284
2026-10-07 03:42:44,852 INFO o.a.j.t.JMeterThread: Thread started: POST arrivals 1-340
2026-10-07 03:42:46,502 INFO o.a.j.t.JMeterThread: Thread is done: POST arrivals 1-285
2026-10-07 03:42:46,502 INFO o.a.j.t.JMeterThread: Thread finished: POST arrivals 1-285
2026-10-07 03:42:48,031 INFO o.a.j.t.JMeterThread: Thread is done: POST arrivals 1-286
2026-10-07 03:42:48,031 INFO o.a.j.t.JMeterThread: Thread finished: POST arrivals 1-286
2026-10-07 03:42:51,075 INFO o.a.j.t.JMeterThread: Thread started: POST arrivals 1-341
2026-10-07 03:42:51,891 INFO o.a.j.t.JMeterThread: Thread is done: POST arrivals 1-287
2026-10-07 03:42:51,891 INFO o.a.j.t.JMeterThread: Thread finished: POST arrivals 1-287
2026-10-07 03:42:51,913 INFO o.a.j.t.JMeterThread: Thread is done: Stats arrivals 3-16
2026-10-07 03:42:51,913 INFO o.a.j.t.JMeterThread: Thread finished: Stats arrivals 3-16
2026-10-07 03:42:51,956 INFO o.a.j.t.JMeterThread: Thread is done: Search arrivals 2-55
2026-10-07 03:42:51,956 INFO o.a.j.t.JMeterThread: Thread finished: Search arrivals 2-55
2026-10-07 03:42:54,387 INFO o.a.j.t.JMeterThread: Thread started: POST arrivals 1-342
2026-10-07 03:42:54,950 INFO o.a.j.t.JMeterThread: Thread started: POST arrivals 1-343
2026-10-07 03:42:55,199 INFO o.a.j.t.JMeterThread: Thread is done: POST arrivals 1-288
2026-10-07 03:42:55,200 INFO o.a.j.t.JMeterThread: Thread finished: POST arrivals 1-288
2026-10-07 03:42:55,240 INFO o.a.j.t.JMeterThread: Thread is done: Search arrivals 2-56
2026-10-07 03:42:55,240 INFO o.a.j.t.JMeterThread: Thread finished: Search arrivals 2-56
2026-10-07 03:42:57,032 INFO o.a.j.t.JMeterThread: Thread started: POST arrivals 1-344
2026-10-07 03:42:57,077 INFO o.a.j.t.JMeterThread: Thread started: Stats arrivals 3-18
2026-10-07 03:42:57,304 INFO o.a.j.t.JMeterThread: Thread is done: POST arrivals 1-289
2026-10-07 03:42:57,305 INFO o.a.j.t.JMeterThread: Thread finished: POST arrivals 1-289
2026-10-07 03:42:57,516 INFO o.a.j.t.JMeterThread: Thread started: POST arrivals 1-345
2026-10-07 03:42:57,532 INFO o.a.j.t.JMeterThread: Thread started: POST arrivals 1-346
2026-10-07 03:42:59,073 INFO o.a.j.t.JMeterThread: Thread started: POST arrivals 1-347
2026-10-07 03:42:59,107 INFO o.a.j.t.JMeterThread: Thread started: Search arrivals 2-69
2026-10-07 03:42:59,265 INFO o.a.j.t.JMeterThread: Thread started: POST arrivals 1-348
2026-10-07 03:42:59,891 INFO o.a.j.t.JMeterThread: Thread is done: POST arrivals 1-290
2026-10-07 03:42:59,891 INFO o.a.j.t.JMeterThread: Thread finished: POST arrivals 1-290
2026-10-07 03:43:00,075 INFO o.a.j.t.JMeterThread: Thread started: Search arrivals 2-70
2026-10-07 03:43:00,792 INFO o.a.j.r.Summariser: summary +     24 in 00:00:30 =    0.8/s Avg: 86848 Min: 81737 Max: 91565 Err:     0 (0.00%) Active: 74 Started: 436 Finished: 362
2026-10-07 03:43:00,793 INFO o.a.j.r.Summariser: summary =    363 in 00:09:36 =    0.6/s Avg: 45311 Min:    26 Max: 91888 Err:     0 (0.00%)
2026-10-07 03:43:00,793 INFO o.a.j.t.JMeterThread: Thread is done: POST arrivals 1-291
2026-10-07 03:43:00,793 INFO o.a.j.t.JMeterThread: Thread finished: POST arrivals 1-291
2026-10-07 03:43:00,817 INFO o.a.j.t.JMeterThread: Thread is done: Stats arrivals 3-17
2026-10-07 03:43:00,817 INFO o.a.j.t.JMeterThread: Thread finished: Stats arrivals 3-17
2026-10-07 03:43:01,315 INFO o.a.j.t.JMeterThread: Thread started: POST arrivals 1-349
2026-10-07 03:43:01,471 INFO o.a.j.t.JMeterThread: Thread started: POST arrivals 1-350
2026-10-07 03:43:02,061 INFO o.a.j.t.JMeterThread: Thread started: POST arrivals 1-351
2026-10-07 03:43:02,162 INFO o.a.j.t.JMeterThread: Thread started: Stats arrivals 3-19
2026-10-07 03:43:02,798 INFO o.a.j.t.JMeterThread: Thread started: POST arrivals 1-352
2026-10-07 03:43:04,585 INFO o.a.j.t.JMeterThread: Thread is done: POST arrivals 1-292
2026-10-07 03:43:04,585 INFO o.a.j.t.JMeterThread: Thread finished: POST arrivals 1-292
2026-10-07 03:43:07,230 INFO o.a.j.t.JMeterThread: Thread started: Search arrivals 2-71
2026-10-07 03:43:07,572 INFO o.a.j.t.JMeterThread: Thread started: POST arrivals 1-353
2026-10-07 03:43:07,872 INFO o.a.j.t.JMeterThread: Thread is done: POST arrivals 1-293
2026-10-07 03:43:07,872 INFO o.a.j.t.JMeterThread: Thread finished: POST arrivals 1-293
2026-10-07 03:43:09,079 INFO o.a.j.t.JMeterThread: Thread is done: POST arrivals 1-294
2026-10-07 03:43:09,079 INFO o.a.j.t.JMeterThread: Thread finished: POST arrivals 1-294
2026-10-07 03:43:10,228 INFO o.a.j.t.JMeterThread: Thread started: Search arrivals 2-72
2026-10-07 03:43:10,499 INFO o.a.j.t.JMeterThread: Thread is done: POST arrivals 1-295
2026-10-07 03:43:10,499 INFO o.a.j.t.JMeterThread: Thread finished: POST arrivals 1-295
2026-10-07 03:43:11,836 INFO o.a.j.t.JMeterThread: Thread is done: POST arrivals 1-296
2026-10-07 03:43:11,837 INFO o.a.j.t.JMeterThread: Thread finished: POST arrivals 1-296
2026-10-07 03:43:11,876 INFO o.a.j.t.JMeterThread: Thread is done: Search arrivals 2-57
2026-10-07 03:43:11,876 INFO o.a.j.t.JMeterThread: Thread finished: Search arrivals 2-57
2026-10-07 03:43:12,634 INFO o.a.j.t.JMeterThread: Thread is done: POST arrivals 1-297
2026-10-07 03:43:12,634 INFO o.a.j.t.JMeterThread: Thread finished: POST arrivals 1-297
2026-10-07 03:43:12,674 INFO o.a.j.t.JMeterThread: Thread is done: Search arrivals 2-58
2026-10-07 03:43:12,675 INFO o.a.j.t.JMeterThread: Thread finished: Search arrivals 2-58
2026-10-07 03:43:12,700 INFO o.a.j.t.JMeterThread: Thread is done: Search arrivals 2-59
2026-10-07 03:43:12,700 INFO o.a.j.t.JMeterThread: Thread finished: Search arrivals 2-59
2026-10-07 03:43:13,189 INFO o.a.j.t.JMeterThread: Thread started: POST arrivals 1-354
2026-10-07 03:43:13,344 INFO o.a.j.t.JMeterThread: Thread started: POST arrivals 1-355
2026-10-07 03:43:13,464 INFO o.a.j.t.JMeterThread: Thread started: POST arrivals 1-356
2026-10-07 03:43:13,475 INFO o.a.j.t.JMeterThread: Thread started: Search arrivals 2-73
2026-10-07 03:43:13,624 INFO o.a.j.t.JMeterThread: Thread is done: POST arrivals 1-298
2026-10-07 03:43:13,624 INFO o.a.j.t.JMeterThread: Thread finished: POST arrivals 1-298
2026-10-07 03:43:13,657 INFO o.a.j.t.JMeterThread: Thread is done: Search arrivals 2-60
2026-10-07 03:43:13,658 INFO o.a.j.t.JMeterThread: Thread finished: Search arrivals 2-60
2026-10-07 03:43:13,714 INFO o.a.j.t.JMeterThread: Thread started: POST arrivals 1-357
2026-10-07 03:43:14,248 INFO o.a.j.t.JMeterThread: Thread started: POST arrivals 1-358
2026-10-07 03:43:14,458 INFO o.a.j.t.JMeterThread: Thread started: POST arrivals 1-359
2026-10-07 03:43:14,610 INFO o.a.j.t.JMeterThread: Thread started: POST arrivals 1-360
2026-10-07 03:43:15,072 INFO o.a.j.t.JMeterThread: Thread is done: POST arrivals 1-299
2026-10-07 03:43:15,072 INFO o.a.j.t.JMeterThread: Thread finished: POST arrivals 1-299
2026-10-07 03:43:17,065 INFO o.a.j.t.JMeterThread: Thread started: POST arrivals 1-361
2026-10-07 03:43:17,451 INFO o.a.j.t.JMeterThread: Thread started: Search arrivals 2-74
2026-10-07 03:43:17,605 INFO o.a.j.t.JMeterThread: Thread is done: POST arrivals 1-300
2026-10-07 03:43:17,605 INFO o.a.j.t.JMeterThread: Thread finished: POST arrivals 1-300
2026-10-07 03:43:17,650 INFO o.a.j.t.JMeterThread: Thread is done: Search arrivals 2-61
2026-10-07 03:43:17,650 INFO o.a.j.t.JMeterThread: Thread finished: Search arrivals 2-61
2026-10-07 03:43:17,670 INFO o.a.j.t.JMeterThread: Thread started: POST arrivals 1-362
2026-10-07 03:43:17,690 INFO o.a.j.t.JMeterThread: Thread is done: Search arrivals 2-62
2026-10-07 03:43:17,690 INFO o.a.j.t.JMeterThread: Thread finished: Search arrivals 2-62
2026-10-07 03:43:17,885 INFO o.a.j.t.JMeterThread: Thread started: POST arrivals 1-363
2026-10-07 03:43:18,629 INFO o.a.j.t.JMeterThread: Thread started: POST arrivals 1-364
2026-10-07 03:43:19,395 INFO o.a.j.t.JMeterThread: Thread started: POST arrivals 1-365
2026-10-07 03:43:20,982 INFO o.a.j.t.JMeterThread: Thread started: POST arrivals 1-366
2026-10-07 03:43:21,118 INFO o.a.j.t.JMeterThread: Thread started: POST arrivals 1-367
2026-10-07 03:43:21,546 INFO o.a.j.t.JMeterThread: Thread is done: POST arrivals 1-301
2026-10-07 03:43:21,546 INFO o.a.j.t.JMeterThread: Thread finished: POST arrivals 1-301
2026-10-07 03:43:21,815 INFO o.a.j.t.JMeterThread: Thread started: POST arrivals 1-368
2026-10-07 03:43:24,530 INFO o.a.j.t.JMeterThread: Thread started: POST arrivals 1-369
2026-10-07 03:43:24,786 INFO o.a.j.t.JMeterThread: Thread is done: POST arrivals 1-302
2026-10-07 03:43:24,787 INFO o.a.j.t.JMeterThread: Thread finished: POST arrivals 1-302
2026-10-07 03:43:25,632 INFO o.a.j.t.JMeterThread: Thread started: Search arrivals 2-75
2026-10-07 03:43:26,383 INFO o.a.j.t.JMeterThread: Thread started: POST arrivals 1-370
2026-10-07 03:43:28,620 INFO o.a.j.t.JMeterThread: Thread is done: POST arrivals 1-303
2026-10-07 03:43:28,620 INFO o.a.j.t.JMeterThread: Thread finished: POST arrivals 1-303
2026-10-07 03:43:29,057 INFO o.a.j.t.JMeterThread: Thread started: POST arrivals 1-371
2026-10-07 03:43:29,435 INFO o.a.j.t.JMeterThread: Thread started: POST arrivals 1-372
2026-10-07 03:43:31,208 INFO o.a.j.r.Summariser: summary +     20 in 00:00:30 =    0.7/s Avg: 88616 Min: 84660 Max: 96207 Err:     0 (0.00%) Active: 84 Started: 466 Finished: 382
2026-10-07 03:43:31,210 INFO o.a.j.r.Summariser: summary =    383 in 00:10:06 =    0.6/s Avg: 47572 Min:    26 Max: 96207 Err:     0 (0.00%)
2026-10-07 03:43:31,210 INFO o.a.j.t.JMeterThread: Thread is done: POST arrivals 1-304
2026-10-07 03:43:31,210 INFO o.a.j.t.JMeterThread: Thread finished: POST arrivals 1-304
2026-10-07 03:43:31,597 INFO o.a.j.t.JMeterThread: Thread started: POST arrivals 1-373
2026-10-07 03:43:31,808 INFO o.a.j.t.JMeterThread: Thread started: POST arrivals 1-374
2026-10-07 03:43:32,307 INFO o.a.j.t.JMeterThread: Thread is done: POST arrivals 1-305
2026-10-07 03:43:32,308 INFO o.a.j.t.JMeterThread: Thread finished: POST arrivals 1-305
2026-10-07 03:43:33,889 INFO o.a.j.t.JMeterThread: Thread started: POST arrivals 1-375
2026-10-07 03:43:34,410 INFO o.a.j.t.JMeterThread: Thread started: POST arrivals 1-376
2026-10-07 03:43:35,618 INFO o.a.j.t.JMeterThread: Thread is done: POST arrivals 1-306
2026-10-07 03:43:35,618 INFO o.a.j.t.JMeterThread: Thread finished: POST arrivals 1-306
2026-10-07 03:43:36,265 INFO o.a.j.t.JMeterThread: Thread started: POST arrivals 1-377
2026-10-07 03:43:36,898 INFO o.a.j.t.JMeterThread: Thread is done: POST arrivals 1-307
2026-10-07 03:43:36,898 INFO o.a.j.t.JMeterThread: Thread finished: POST arrivals 1-307
2026-10-07 03:43:37,042 INFO o.a.j.t.JMeterThread: Thread started: POST arrivals 1-378
2026-10-07 03:43:37,488 INFO o.a.j.t.JMeterThread: Thread started: POST arrivals 1-379
2026-10-07 03:43:37,990 INFO o.a.j.t.JMeterThread: Thread is done: POST arrivals 1-308
2026-10-07 03:43:37,990 INFO o.a.j.t.JMeterThread: Thread finished: POST arrivals 1-308
2026-10-07 03:43:38,031 INFO o.a.j.t.JMeterThread: Thread is done: Search arrivals 2-63
2026-10-07 03:43:38,031 INFO o.a.j.t.JMeterThread: Thread finished: Search arrivals 2-63
2026-10-07 03:43:41,829 INFO o.a.j.t.JMeterThread: Thread is done: POST arrivals 1-309
2026-10-07 03:43:41,829 INFO o.a.j.t.JMeterThread: Thread finished: POST arrivals 1-309
2026-10-07 03:43:43,304 INFO o.a.j.t.JMeterThread: Thread started: POST arrivals 1-380
2026-10-07 03:43:43,649 INFO o.a.j.t.JMeterThread: Thread is done: POST arrivals 1-310
2026-10-07 03:43:43,649 INFO o.a.j.t.JMeterThread: Thread finished: POST arrivals 1-310
2026-10-07 03:43:44,312 INFO o.a.j.t.JMeterThread: Thread started: POST arrivals 1-381
2026-10-07 03:43:44,918 INFO o.a.j.t.JMeterThread: Thread is done: POST arrivals 1-311
2026-10-07 03:43:44,918 INFO o.a.j.t.JMeterThread: Thread finished: POST arrivals 1-311
2026-10-07 03:43:45,848 INFO o.a.j.t.JMeterThread: Thread is done: POST arrivals 1-312
2026-10-07 03:43:45,848 INFO o.a.j.t.JMeterThread: Thread finished: POST arrivals 1-312
2026-10-07 03:43:47,157 INFO o.a.j.t.JMeterThread: Thread started: POST arrivals 1-382
2026-10-07 03:43:47,646 INFO o.a.j.t.JMeterThread: Thread started: Search arrivals 2-76
2026-10-07 03:43:48,552 INFO o.a.j.t.JMeterThread: Thread is done: POST arrivals 1-313
2026-10-07 03:43:48,553 INFO o.a.j.t.JMeterThread: Thread finished: POST arrivals 1-313
2026-10-07 03:43:49,075 INFO o.a.j.t.JMeterThread: Thread started: POST arrivals 1-383
2026-10-07 03:43:49,330 INFO o.a.j.t.JMeterThread: Thread started: POST arrivals 1-384
2026-10-07 03:43:49,589 INFO o.a.j.t.JMeterThread: Thread started: POST arrivals 1-385
2026-10-07 03:43:49,816 INFO o.a.j.t.JMeterThread: Thread is done: POST arrivals 1-314
2026-10-07 03:43:49,816 INFO o.a.j.t.JMeterThread: Thread finished: POST arrivals 1-314
2026-10-07 03:43:50,409 INFO o.a.j.t.JMeterThread: Thread started: Search arrivals 2-77
2026-10-07 03:43:50,839 INFO o.a.j.t.JMeterThread: Thread is done: POST arrivals 1-315
2026-10-07 03:43:50,839 INFO o.a.j.t.JMeterThread: Thread finished: POST arrivals 1-315
2026-10-07 03:43:50,877 INFO o.a.j.t.JMeterThread: Thread is done: Search arrivals 2-64
2026-10-07 03:43:50,877 INFO o.a.j.t.JMeterThread: Thread finished: Search arrivals 2-64
2026-10-07 03:43:51,705 INFO o.a.j.t.JMeterThread: Thread started: POST arrivals 1-386
2026-10-07 03:43:52,378 INFO o.a.j.t.JMeterThread: Thread started: POST arrivals 1-387
2026-10-07 03:43:52,427 INFO o.a.j.t.JMeterThread: Thread is done: POST arrivals 1-316
2026-10-07 03:43:52,428 INFO o.a.j.t.JMeterThread: Thread finished: POST arrivals 1-316
2026-10-07 03:43:52,467 INFO o.a.j.t.JMeterThread: Thread is done: Search arrivals 2-65
2026-10-07 03:43:52,467 INFO o.a.j.t.JMeterThread: Thread finished: Search arrivals 2-65
2026-10-07 03:43:52,734 INFO o.a.j.t.JMeterThread: Thread started: POST arrivals 1-388
2026-10-07 03:43:53,561 INFO o.a.j.t.JMeterThread: Thread started: Stats arrivals 3-20
2026-10-07 03:43:54,281 INFO o.a.j.t.JMeterThread: Thread started: POST arrivals 1-389
2026-10-07 03:43:54,435 INFO o.a.j.t.JMeterThread: Thread is done: POST arrivals 1-317
2026-10-07 03:43:54,435 INFO o.a.j.t.JMeterThread: Thread finished: POST arrivals 1-317
2026-10-07 03:43:56,313 INFO o.a.j.t.JMeterThread: Thread started: POST arrivals 1-390
2026-10-07 03:43:56,462 INFO o.a.j.t.JMeterThread: Thread started: Search arrivals 2-78
2026-10-07 03:43:56,840 INFO o.a.j.t.JMeterThread: Thread is done: POST arrivals 1-318
2026-10-07 03:43:56,840 INFO o.a.j.t.JMeterThread: Thread finished: POST arrivals 1-318
2026-10-07 03:43:56,876 INFO o.a.j.t.JMeterThread: Thread is done: Search arrivals 2-66
2026-10-07 03:43:56,876 INFO o.a.j.t.JMeterThread: Thread finished: Search arrivals 2-66
2026-10-07 03:43:57,556 INFO o.a.j.t.JMeterThread: Thread started: POST arrivals 1-391
2026-10-07 03:43:59,026 INFO o.a.j.t.JMeterThread: Thread is done: POST arrivals 1-319
2026-10-07 03:43:59,026 INFO o.a.j.t.JMeterThread: Thread finished: POST arrivals 1-319
2026-10-07 03:43:59,862 INFO o.a.j.t.JMeterThread: Thread is done: POST arrivals 1-320
2026-10-07 03:43:59,862 INFO o.a.j.t.JMeterThread: Thread finished: POST arrivals 1-320
2026-10-07 03:44:00,795 INFO o.a.j.r.Summariser: summary +     21 in 00:00:30 =    0.7/s Avg: 101763 Min: 95997 Max: 105901 Err:     0 (0.00%) Active: 86 Started: 489 Finished: 403
2026-10-07 03:44:00,796 INFO o.a.j.r.Summariser: summary =    404 in 00:10:36 =    0.6/s Avg: 50389 Min:    26 Max: 105901 Err:     0 (0.00%)
2026-10-07 03:44:00,797 INFO o.a.j.t.JMeterThread: Thread is done: POST arrivals 1-321
2026-10-07 03:44:00,797 INFO o.a.j.t.JMeterThread: Thread finished: POST arrivals 1-321
2026-10-07 03:44:01,885 INFO o.a.j.t.JMeterThread: Thread started: POST arrivals 1-392
2026-10-07 03:44:03,996 INFO o.a.j.t.JMeterThread: Thread is done: POST arrivals 1-322
2026-10-07 03:44:03,996 INFO o.a.j.t.JMeterThread: Thread finished: POST arrivals 1-322
2026-10-07 03:44:05,375 INFO o.a.j.t.JMeterThread: Thread is done: POST arrivals 1-323
2026-10-07 03:44:05,376 INFO o.a.j.t.JMeterThread: Thread finished: POST arrivals 1-323
2026-10-07 03:44:06,961 INFO o.a.j.t.JMeterThread: Thread is done: POST arrivals 1-324
2026-10-07 03:44:06,961 INFO o.a.j.t.JMeterThread: Thread finished: POST arrivals 1-324
2026-10-07 03:44:07,406 INFO o.a.j.t.JMeterThread: Thread started: Search arrivals 2-79
2026-10-07 03:44:08,462 INFO o.a.j.t.JMeterThread: Thread started: POST arrivals 1-393
2026-10-07 03:44:09,297 INFO o.a.j.t.JMeterThread: Thread started: POST arrivals 1-394
2026-10-07 03:44:09,780 INFO o.a.j.t.JMeterThread: Thread is done: POST arrivals 1-325
2026-10-07 03:44:09,781 INFO o.a.j.t.JMeterThread: Thread finished: POST arrivals 1-325
2026-10-07 03:44:10,758 INFO o.a.j.t.JMeterThread: Thread is done: POST arrivals 1-326
2026-10-07 03:44:10,758 INFO o.a.j.t.JMeterThread: Thread finished: POST arrivals 1-326
2026-10-07 03:44:12,019 INFO o.a.j.t.JMeterThread: Thread is done: POST arrivals 1-327
2026-10-07 03:44:12,020 INFO o.a.j.t.JMeterThread: Thread finished: POST arrivals 1-327
2026-10-07 03:44:12,058 INFO o.a.j.t.JMeterThread: Thread is done: Search arrivals 2-67
2026-10-07 03:44:12,059 INFO o.a.j.t.JMeterThread: Thread finished: Search arrivals 2-67
2026-10-07 03:44:14,280 INFO o.a.j.t.JMeterThread: Thread is done: POST arrivals 1-328
2026-10-07 03:44:14,280 INFO o.a.j.t.JMeterThread: Thread finished: POST arrivals 1-328
2026-10-07 03:44:15,601 INFO o.a.j.t.JMeterThread: Thread started: POST arrivals 1-395
2026-10-07 03:44:17,209 INFO o.a.j.t.JMeterThread: Thread is done: POST arrivals 1-329
2026-10-07 03:44:17,209 INFO o.a.j.t.JMeterThread: Thread finished: POST arrivals 1-329
2026-10-07 03:44:18,005 INFO o.a.j.t.JMeterThread: Thread is done: POST arrivals 1-330
2026-10-07 03:44:18,005 INFO o.a.j.t.JMeterThread: Thread finished: POST arrivals 1-330
2026-10-07 03:44:18,041 INFO o.a.j.t.JMeterThread: Thread is done: Search arrivals 2-68
2026-10-07 03:44:18,041 INFO o.a.j.t.JMeterThread: Thread finished: Search arrivals 2-68
2026-10-07 03:44:18,266 INFO o.a.j.t.JMeterThread: Thread started: Search arrivals 2-80
2026-10-07 03:44:18,369 INFO o.a.j.t.JMeterThread: Thread started: POST arrivals 1-396
2026-10-07 03:44:18,527 INFO o.a.j.t.JMeterThread: Thread started: POST arrivals 1-397
2026-10-07 03:44:19,470 INFO o.a.j.t.JMeterThread: Thread is done: POST arrivals 1-331
2026-10-07 03:44:19,470 INFO o.a.j.t.JMeterThread: Thread finished: POST arrivals 1-331
2026-10-07 03:44:20,278 INFO o.a.j.t.JMeterThread: Thread started: POST arrivals 1-398
2026-10-07 03:44:21,339 INFO o.a.j.t.JMeterThread: Thread is done: POST arrivals 1-332
2026-10-07 03:44:21,339 INFO o.a.j.t.JMeterThread: Thread finished: POST arrivals 1-332
2026-10-07 03:44:22,417 INFO o.a.j.t.JMeterThread: Thread is done: POST arrivals 1-333
2026-10-07 03:44:22,418 INFO o.a.j.t.JMeterThread: Thread finished: POST arrivals 1-333
2026-10-07 03:44:23,898 INFO o.a.j.t.JMeterThread: Thread started: POST arrivals 1-399
2026-10-07 03:44:24,440 INFO o.a.j.t.JMeterThread: Thread started: POST arrivals 1-400
2026-10-07 03:44:25,208 INFO o.a.j.t.JMeterThread: Thread is done: POST arrivals 1-334
2026-10-07 03:44:25,208 INFO o.a.j.t.JMeterThread: Thread finished: POST arrivals 1-334
2026-10-07 03:44:26,609 INFO o.a.j.t.JMeterThread: Thread started: POST arrivals 1-401
2026-10-07 03:44:27,006 INFO o.a.j.t.JMeterThread: Thread started: POST arrivals 1-402
2026-10-07 03:44:27,115 INFO o.a.j.t.JMeterThread: Thread started: POST arrivals 1-403
2026-10-07 03:44:27,147 INFO o.a.j.t.JMeterThread: Thread started: POST arrivals 1-404
2026-10-07 03:44:27,716 INFO o.a.j.t.JMeterThread: Thread started: POST arrivals 1-405
2026-10-07 03:44:27,967 INFO o.a.j.t.JMeterThread: Thread is done: POST arrivals 1-335
2026-10-07 03:44:27,967 INFO o.a.j.t.JMeterThread: Thread finished: POST arrivals 1-335
2026-10-07 03:44:28,735 INFO o.a.j.t.JMeterThread: Thread started: POST arrivals 1-406
2026-10-07 03:44:31,484 INFO o.a.j.r.Summariser: summary +     17 in 00:00:31 =    0.6/s Avg: 114495 Min: 108182 Max: 119428 Err:     0 (0.00%) Active: 86 Started: 506 Finished: 420
2026-10-07 03:44:31,485 INFO o.a.j.r.Summariser: summary =    421 in 00:11:07 =    0.6/s Avg: 52977 Min:    26 Max: 119428 Err:     0 (0.00%)
2026-10-07 03:44:31,486 INFO o.a.j.t.JMeterThread: Thread is done: POST arrivals 1-336
2026-10-07 03:44:31,486 INFO o.a.j.t.JMeterThread: Thread finished: POST arrivals 1-336
2026-10-07 03:44:33,122 INFO o.a.j.t.JMeterThread: Thread is done: POST arrivals 1-337
2026-10-07 03:44:33,122 INFO o.a.j.t.JMeterThread: Thread finished: POST arrivals 1-337
2026-10-07 03:44:34,043 INFO o.a.j.t.JMeterThread: Thread started: POST arrivals 1-407
2026-10-07 03:44:35,543 INFO o.a.j.t.JMeterThread: Thread is done: POST arrivals 1-338
2026-10-07 03:44:35,543 INFO o.a.j.t.JMeterThread: Thread finished: POST arrivals 1-338
2026-10-07 03:44:36,146 INFO o.a.j.t.JMeterThread: Thread started: POST arrivals 1-408
2026-10-07 03:44:36,561 INFO o.a.j.t.JMeterThread: Thread started: POST arrivals 1-409
2026-10-07 03:44:36,640 INFO o.a.j.t.JMeterThread: Thread is done: POST arrivals 1-339
2026-10-07 03:44:36,640 INFO o.a.j.t.JMeterThread: Thread finished: POST arrivals 1-339
2026-10-07 03:44:38,119 INFO o.a.j.t.JMeterThread: Thread is done: POST arrivals 1-340
2026-10-07 03:44:38,119 INFO o.a.j.t.JMeterThread: Thread finished: POST arrivals 1-340
2026-10-07 03:44:39,799 INFO o.a.j.t.JMeterThread: Thread is done: POST arrivals 1-341
2026-10-07 03:44:39,800 INFO o.a.j.t.JMeterThread: Thread finished: POST arrivals 1-341
2026-10-07 03:44:39,866 INFO o.a.j.t.JMeterThread: Thread started: POST arrivals 1-410
2026-10-07 03:44:41,686 INFO o.a.j.t.JMeterThread: Thread is done: POST arrivals 1-342
2026-10-07 03:44:41,686 INFO o.a.j.t.JMeterThread: Thread finished: POST arrivals 1-342
2026-10-07 03:44:41,838 INFO o.a.j.t.JMeterThread: Thread started: POST arrivals 1-411
2026-10-07 03:44:42,477 INFO o.a.j.t.JMeterThread: Thread started: Search arrivals 2-81
2026-10-07 03:44:42,821 INFO o.a.j.t.JMeterThread: Thread is done: POST arrivals 1-343
2026-10-07 03:44:42,822 INFO o.a.j.t.JMeterThread: Thread finished: POST arrivals 1-343
2026-10-07 03:44:45,704 INFO o.a.j.t.JMeterThread: Thread is done: POST arrivals 1-344
2026-10-07 03:44:45,704 INFO o.a.j.t.JMeterThread: Thread finished: POST arrivals 1-344
2026-10-07 03:44:45,734 INFO o.a.j.t.JMeterThread: Thread is done: Stats arrivals 3-18
2026-10-07 03:44:45,734 INFO o.a.j.t.JMeterThread: Thread finished: Stats arrivals 3-18
2026-10-07 03:44:47,040 INFO o.a.j.t.JMeterThread: Thread started: POST arrivals 1-412
2026-10-07 03:44:47,138 INFO o.a.j.t.JMeterThread: Thread is done: POST arrivals 1-345
2026-10-07 03:44:47,138 INFO o.a.j.t.JMeterThread: Thread finished: POST arrivals 1-345
2026-10-07 03:44:49,075 INFO o.a.j.t.JMeterThread: Thread started: POST arrivals 1-413
2026-10-07 03:44:49,204 INFO o.a.j.t.JMeterThread: Thread started: Search arrivals 2-82
2026-10-07 03:44:49,513 INFO o.a.j.t.JMeterThread: Thread is done: POST arrivals 1-346
2026-10-07 03:44:49,513 INFO o.a.j.t.JMeterThread: Thread finished: POST arrivals 1-346
2026-10-07 03:44:50,582 INFO o.a.j.t.JMeterThread: Thread is done: POST arrivals 1-347
2026-10-07 03:44:50,583 INFO o.a.j.t.JMeterThread: Thread finished: POST arrivals 1-347
2026-10-07 03:44:50,634 INFO o.a.j.t.JMeterThread: Thread is done: Search arrivals 2-69
2026-10-07 03:44:50,634 INFO o.a.j.t.JMeterThread: Thread finished: Search arrivals 2-69
2026-10-07 03:44:52,162 INFO o.a.j.t.JMeterThread: Thread is done: POST arrivals 1-348
2026-10-07 03:44:52,163 INFO o.a.j.t.JMeterThread: Thread finished: POST arrivals 1-348
2026-10-07 03:44:52,206 INFO o.a.j.t.JMeterThread: Thread is done: Search arrivals 2-70
2026-10-07 03:44:52,206 INFO o.a.j.t.JMeterThread: Thread finished: Search arrivals 2-70
2026-10-07 03:44:53,421 INFO o.a.j.t.JMeterThread: Thread is done: POST arrivals 1-349
2026-10-07 03:44:53,421 INFO o.a.j.t.JMeterThread: Thread finished: POST arrivals 1-349
2026-10-07 03:44:54,666 INFO o.a.j.t.JMeterThread: Thread is done: POST arrivals 1-350
2026-10-07 03:44:54,666 INFO o.a.j.t.JMeterThread: Thread finished: POST arrivals 1-350
2026-10-07 03:44:54,890 INFO o.a.j.t.JMeterThread: Thread started: POST arrivals 1-414
2026-10-07 03:44:54,936 INFO o.a.j.t.JMeterThread: Thread started: Search arrivals 2-83
2026-10-07 03:44:55,808 INFO o.a.j.t.JMeterThread: Thread is done: POST arrivals 1-351
2026-10-07 03:44:55,808 INFO o.a.j.t.JMeterThread: Thread finished: POST arrivals 1-351
2026-10-07 03:44:55,841 INFO o.a.j.t.JMeterThread: Thread is done: Stats arrivals 3-19
2026-10-07 03:44:55,841 INFO o.a.j.t.JMeterThread: Thread finished: Stats arrivals 3-19
2026-10-07 03:44:57,716 INFO o.a.j.t.JMeterThread: Thread started: POST arrivals 1-415
2026-10-07 03:44:57,721 INFO o.a.j.t.JMeterThread: Thread is done: POST arrivals 1-352
2026-10-07 03:44:57,722 INFO o.a.j.t.JMeterThread: Thread finished: POST arrivals 1-352
2026-10-07 03:44:57,773 INFO o.a.j.t.JMeterThread: Thread is done: Search arrivals 2-71
2026-10-07 03:44:57,773 INFO o.a.j.t.JMeterThread: Thread finished: Search arrivals 2-71
2026-10-07 03:44:59,034 INFO o.a.j.t.JMeterThread: Thread started: POST arrivals 1-416
2026-10-07 03:45:00,392 INFO o.a.j.r.Summariser: summary +     22 in 00:00:29 =    0.8/s Avg: 112304 Min: 107295 Max: 119432 Err:     0 (0.00%) Active: 77 Started: 519 Finished: 442
2026-10-07 03:45:00,393 INFO o.a.j.r.Summariser: summary =    443 in 00:11:36 =    0.6/s Avg: 55924 Min:    26 Max: 119432 Err:     0 (0.00%)
2026-10-07 03:45:00,394 INFO o.a.j.t.JMeterThread: Thread is done: POST arrivals 1-353
2026-10-07 03:45:00,394 INFO o.a.j.t.JMeterThread: Thread finished: POST arrivals 1-353
2026-10-07 03:45:00,438 INFO o.a.j.t.JMeterThread: Thread is done: Search arrivals 2-72
2026-10-07 03:45:00,438 INFO o.a.j.t.JMeterThread: Thread finished: Search arrivals 2-72
2026-10-07 03:45:01,102 INFO o.a.j.t.JMeterThread: Thread started: POST arrivals 1-417
2026-10-07 03:45:01,240 INFO o.a.j.t.JMeterThread: Thread started: POST arrivals 1-418
2026-10-07 03:45:01,397 INFO o.a.j.t.JMeterThread: Thread is done: POST arrivals 1-354
2026-10-07 03:45:01,397 INFO o.a.j.t.JMeterThread: Thread finished: POST arrivals 1-354
2026-10-07 03:45:01,825 INFO o.a.j.t.JMeterThread: Thread started: POST arrivals 1-419
2026-10-07 03:45:02,294 INFO o.a.j.t.JMeterThread: Thread started: Search arrivals 2-84
2026-10-07 03:45:03,007 INFO o.a.j.t.JMeterThread: Thread is done: POST arrivals 1-355
2026-10-07 03:45:03,007 INFO o.a.j.t.JMeterThread: Thread finished: POST arrivals 1-355
2026-10-07 03:45:03,273 INFO o.a.j.t.JMeterThread: Thread started: POST arrivals 1-420
2026-10-07 03:45:03,768 INFO o.a.j.t.JMeterThread: Thread is done: POST arrivals 1-356
2026-10-07 03:45:03,768 INFO o.a.j.t.JMeterThread: Thread finished: POST arrivals 1-356
2026-10-07 03:45:03,805 INFO o.a.j.t.JMeterThread: Thread is done: Search arrivals 2-73
2026-10-07 03:45:03,805 INFO o.a.j.t.JMeterThread: Thread finished: Search arrivals 2-73
2026-10-07 03:45:04,133 INFO o.a.j.t.JMeterThread: Thread started: POST arrivals 1-421
2026-10-07 03:45:04,683 INFO o.a.j.t.JMeterThread: Thread is done: POST arrivals 1-357
2026-10-07 03:45:04,683 INFO o.a.j.t.JMeterThread: Thread finished: POST arrivals 1-357
2026-10-07 03:45:05,895 INFO o.a.j.t.JMeterThread: Thread is done: POST arrivals 1-358
2026-10-07 03:45:05,895 INFO o.a.j.t.JMeterThread: Thread finished: POST arrivals 1-358
2026-10-07 03:45:05,947 INFO o.a.j.t.JMeterThread: Thread started: POST arrivals 1-422
2026-10-07 03:45:06,915 INFO o.a.j.t.JMeterThread: Thread is done: POST arrivals 1-359
2026-10-07 03:45:06,915 INFO o.a.j.t.JMeterThread: Thread finished: POST arrivals 1-359
2026-10-07 03:45:07,673 INFO o.a.j.t.JMeterThread: Thread started: Search arrivals 2-85
2026-10-07 03:45:07,676 INFO o.a.j.t.JMeterThread: Thread started: Search arrivals 2-86
2026-10-07 03:45:07,679 INFO o.a.j.t.o.EvenArrivalsRamp: Generating 0 events, beginRate = 0.0 / sec, endRate = 0.0 / sec, duration = 360.0 sec
2026-10-07 03:45:07,679 INFO o.a.j.t.o.OpenModelThreadGroup: There will be no more events, so will wait for 376 sec till the end of the schedule
2026-10-07 03:45:07,942 INFO o.a.j.t.JMeterThread: Thread is done: POST arrivals 1-360
2026-10-07 03:45:07,942 INFO o.a.j.t.JMeterThread: Thread finished: POST arrivals 1-360
2026-10-07 03:45:08,112 INFO o.a.j.t.JMeterThread: Thread started: POST arrivals 1-423
2026-10-07 03:45:08,578 INFO o.a.j.t.JMeterThread: Thread started: POST arrivals 1-424
2026-10-07 03:45:08,778 INFO o.a.j.t.JMeterThread: Thread started: POST arrivals 1-425
2026-10-07 03:45:09,832 INFO o.a.j.t.JMeterThread: Thread started: POST arrivals 1-426
2026-10-07 03:45:10,908 INFO o.a.j.t.JMeterThread: Thread is done: POST arrivals 1-361
2026-10-07 03:45:10,909 INFO o.a.j.t.JMeterThread: Thread finished: POST arrivals 1-361
2026-10-07 03:45:11,029 INFO o.a.j.t.JMeterThread: Thread is done: Search arrivals 2-74
2026-10-07 03:45:11,030 INFO o.a.j.t.JMeterThread: Thread finished: Search arrivals 2-74
2026-10-07 03:45:12,295 INFO o.a.j.t.JMeterThread: Thread is done: POST arrivals 1-362
2026-10-07 03:45:12,295 INFO o.a.j.t.JMeterThread: Thread finished: POST arrivals 1-362
2026-10-07 03:45:12,721 INFO o.a.j.t.JMeterThread: Thread started: POST arrivals 1-427
2026-10-07 03:45:12,724 INFO o.a.j.t.JMeterThread: Thread started: Stats arrivals 3-21
2026-10-07 03:45:12,725 INFO o.a.j.t.o.EvenArrivalsRamp: Generating 0 events, beginRate = 0.0 / sec, endRate = 0.0 / sec, duration = 360.0 sec
2026-10-07 03:45:12,725 INFO o.a.j.t.o.OpenModelThreadGroup: There will be no more events, so will wait for 371 sec till the end of the schedule
2026-10-07 03:45:12,919 INFO o.a.j.t.JMeterThread: Thread started: POST arrivals 1-428
2026-10-07 03:45:13,333 INFO o.a.j.t.JMeterThread: Thread is done: POST arrivals 1-363
2026-10-07 03:45:13,333 INFO o.a.j.t.JMeterThread: Thread finished: POST arrivals 1-363
2026-10-07 03:45:13,883 INFO o.a.j.t.JMeterThread: Thread started: POST arrivals 1-429
2026-10-07 03:45:14,377 INFO o.a.j.t.JMeterThread: Thread is done: POST arrivals 1-364
2026-10-07 03:45:14,377 INFO o.a.j.t.JMeterThread: Thread finished: POST arrivals 1-364
2026-10-07 03:45:16,151 INFO o.a.j.t.JMeterThread: Thread is done: POST arrivals 1-365
2026-10-07 03:45:16,151 INFO o.a.j.t.JMeterThread: Thread finished: POST arrivals 1-365
2026-10-07 03:45:17,079 INFO o.a.j.t.JMeterThread: Thread is done: POST arrivals 1-366
2026-10-07 03:45:17,079 INFO o.a.j.t.JMeterThread: Thread finished: POST arrivals 1-366
2026-10-07 03:45:19,359 INFO o.a.j.t.JMeterThread: Thread started: POST arrivals 1-430
2026-10-07 03:45:20,145 INFO o.a.j.t.JMeterThread: Thread is done: POST arrivals 1-367
2026-10-07 03:45:20,145 INFO o.a.j.t.JMeterThread: Thread finished: POST arrivals 1-367
2026-10-07 03:45:20,759 INFO o.a.j.t.JMeterThread: Thread started: POST arrivals 1-431
2026-10-07 03:45:21,011 INFO o.a.j.t.o.EvenArrivalsRamp: Generating 0 events, beginRate = 0.0 / sec, endRate = 0.0 / sec, duration = 360.0 sec
2026-10-07 03:45:21,011 INFO o.a.j.t.o.OpenModelThreadGroup: There will be no more events, so will wait for 363 sec till the end of the schedule
2026-10-07 03:45:21,011 INFO o.a.j.t.JMeterThread: Thread started: POST arrivals 1-432
2026-10-07 03:45:23,097 INFO o.a.j.t.JMeterThread: Thread is done: POST arrivals 1-368
2026-10-07 03:45:23,097 INFO o.a.j.t.JMeterThread: Thread finished: POST arrivals 1-368
2026-10-07 03:45:25,058 INFO o.a.j.t.JMeterThread: Thread is done: POST arrivals 1-369
2026-10-07 03:45:25,058 INFO o.a.j.t.JMeterThread: Thread finished: POST arrivals 1-369
2026-10-07 03:45:25,100 INFO o.a.j.t.JMeterThread: Thread is done: Search arrivals 2-75
2026-10-07 03:45:25,100 INFO o.a.j.t.JMeterThread: Thread finished: Search arrivals 2-75
2026-10-07 03:45:27,246 INFO o.a.j.t.JMeterThread: Thread is done: POST arrivals 1-370
2026-10-07 03:45:27,246 INFO o.a.j.t.JMeterThread: Thread finished: POST arrivals 1-370
2026-10-07 03:45:30,434 INFO o.a.j.r.Summariser: summary +     22 in 00:00:30 =    0.7/s Avg: 114804 Min: 108205 Max: 121375 Err:     0 (0.00%) Active: 75 Started: 539 Finished: 464
2026-10-07 03:45:30,434 INFO o.a.j.r.Summariser: summary =    465 in 00:12:06 =    0.6/s Avg: 58709 Min:    26 Max: 121375 Err:     0 (0.00%)
2026-10-07 03:45:30,435 INFO o.a.j.t.JMeterThread: Thread is done: POST arrivals 1-371
2026-10-07 03:45:30,435 INFO o.a.j.t.JMeterThread: Thread finished: POST arrivals 1-371
2026-10-07 03:45:33,772 INFO o.a.j.t.JMeterThread: Thread is done: POST arrivals 1-372
2026-10-07 03:45:33,772 INFO o.a.j.t.JMeterThread: Thread finished: POST arrivals 1-372
2026-10-07 03:45:34,522 INFO o.a.j.t.JMeterThread: Thread is done: POST arrivals 1-373
2026-10-07 03:45:34,522 INFO o.a.j.t.JMeterThread: Thread finished: POST arrivals 1-373
2026-10-07 03:45:35,956 INFO o.a.j.t.JMeterThread: Thread is done: POST arrivals 1-374
2026-10-07 03:45:35,956 INFO o.a.j.t.JMeterThread: Thread finished: POST arrivals 1-374
2026-10-07 03:45:37,487 INFO o.a.j.t.JMeterThread: Thread is done: POST arrivals 1-375
2026-10-07 03:45:37,487 INFO o.a.j.t.JMeterThread: Thread finished: POST arrivals 1-375
2026-10-07 03:45:38,462 INFO o.a.j.t.JMeterThread: Thread is done: POST arrivals 1-376
2026-10-07 03:45:38,462 INFO o.a.j.t.JMeterThread: Thread finished: POST arrivals 1-376
2026-10-07 03:45:40,397 INFO o.a.j.t.JMeterThread: Thread is done: POST arrivals 1-377
2026-10-07 03:45:40,397 INFO o.a.j.t.JMeterThread: Thread finished: POST arrivals 1-377
2026-10-07 03:45:41,270 INFO o.a.j.t.JMeterThread: Thread is done: POST arrivals 1-378
2026-10-07 03:45:41,270 INFO o.a.j.t.JMeterThread: Thread finished: POST arrivals 1-378
2026-10-07 03:45:43,041 INFO o.a.j.t.JMeterThread: Thread is done: POST arrivals 1-379
2026-10-07 03:45:43,041 INFO o.a.j.t.JMeterThread: Thread finished: POST arrivals 1-379
2026-10-07 03:45:45,320 INFO o.a.j.t.JMeterThread: Thread is done: POST arrivals 1-380
2026-10-07 03:45:45,320 INFO o.a.j.t.JMeterThread: Thread finished: POST arrivals 1-380
2026-10-07 03:45:47,258 INFO o.a.j.t.JMeterThread: Thread is done: POST arrivals 1-381
2026-10-07 03:45:47,258 INFO o.a.j.t.JMeterThread: Thread finished: POST arrivals 1-381
2026-10-07 03:45:49,386 INFO o.a.j.t.JMeterThread: Thread is done: POST arrivals 1-382
2026-10-07 03:45:49,386 INFO o.a.j.t.JMeterThread: Thread finished: POST arrivals 1-382
2026-10-07 03:45:49,452 INFO o.a.j.t.JMeterThread: Thread is done: Search arrivals 2-76
2026-10-07 03:45:49,452 INFO o.a.j.t.JMeterThread: Thread finished: Search arrivals 2-76
2026-10-07 03:45:50,270 INFO o.a.j.t.JMeterThread: Thread is done: POST arrivals 1-383
2026-10-07 03:45:50,270 INFO o.a.j.t.JMeterThread: Thread finished: POST arrivals 1-383
2026-10-07 03:45:51,675 INFO o.a.j.t.JMeterThread: Thread is done: POST arrivals 1-384
2026-10-07 03:45:51,675 INFO o.a.j.t.JMeterThread: Thread finished: POST arrivals 1-384
2026-10-07 03:45:53,113 INFO o.a.j.t.JMeterThread: Thread is done: POST arrivals 1-385
2026-10-07 03:45:53,113 INFO o.a.j.t.JMeterThread: Thread finished: POST arrivals 1-385
2026-10-07 03:45:53,165 INFO o.a.j.t.JMeterThread: Thread is done: Search arrivals 2-77
2026-10-07 03:45:53,165 INFO o.a.j.t.JMeterThread: Thread finished: Search arrivals 2-77
2026-10-07 03:45:55,641 INFO o.a.j.t.JMeterThread: Thread is done: POST arrivals 1-386
2026-10-07 03:45:55,641 INFO o.a.j.t.JMeterThread: Thread finished: POST arrivals 1-386
2026-10-07 03:45:56,762 INFO o.a.j.t.JMeterThread: Thread is done: POST arrivals 1-387
2026-10-07 03:45:56,762 INFO o.a.j.t.JMeterThread: Thread finished: POST arrivals 1-387
2026-10-07 03:45:57,912 INFO o.a.j.t.JMeterThread: Thread is done: POST arrivals 1-388
2026-10-07 03:45:57,912 INFO o.a.j.t.JMeterThread: Thread finished: POST arrivals 1-388
2026-10-07 03:45:57,944 INFO o.a.j.t.JMeterThread: Thread is done: Stats arrivals 3-20
2026-10-07 03:45:57,944 INFO o.a.j.t.JMeterThread: Thread finished: Stats arrivals 3-20
2026-10-07 03:45:59,746 INFO o.a.j.t.JMeterThread: Thread is done: POST arrivals 1-389
2026-10-07 03:45:59,746 INFO o.a.j.t.JMeterThread: Thread finished: POST arrivals 1-389
2026-10-07 03:46:01,297 INFO o.a.j.r.Summariser: summary +     22 in 00:00:31 =    0.7/s Avg: 123639 Min: 121190 Max: 125551 Err:     0 (0.00%) Active: 53 Started: 539 Finished: 486
2026-10-07 03:46:01,298 INFO o.a.j.r.Summariser: summary =    487 in 00:12:37 =    0.6/s Avg: 61643 Min:    26 Max: 125551 Err:     0 (0.00%)
2026-10-07 03:46:01,298 INFO o.a.j.t.JMeterThread: Thread is done: POST arrivals 1-390
2026-10-07 03:46:01,298 INFO o.a.j.t.JMeterThread: Thread finished: POST arrivals 1-390
2026-10-07 03:46:01,345 INFO o.a.j.t.JMeterThread: Thread is done: Search arrivals 2-78
2026-10-07 03:46:01,345 INFO o.a.j.t.JMeterThread: Thread finished: Search arrivals 2-78
2026-10-07 03:46:02,667 INFO o.a.j.t.JMeterThread: Thread is done: POST arrivals 1-391
2026-10-07 03:46:02,667 INFO o.a.j.t.JMeterThread: Thread finished: POST arrivals 1-391
2026-10-07 03:46:06,006 INFO o.a.j.t.JMeterThread: Thread is done: POST arrivals 1-392
2026-10-07 03:46:06,007 INFO o.a.j.t.JMeterThread: Thread finished: POST arrivals 1-392
2026-10-07 03:46:06,052 INFO o.a.j.t.JMeterThread: Thread is done: Search arrivals 2-79
2026-10-07 03:46:06,052 INFO o.a.j.t.JMeterThread: Thread finished: Search arrivals 2-79
2026-10-07 03:46:09,735 INFO o.a.j.t.JMeterThread: Thread is done: POST arrivals 1-393
2026-10-07 03:46:09,735 INFO o.a.j.t.JMeterThread: Thread finished: POST arrivals 1-393
2026-10-07 03:46:10,801 INFO o.a.j.t.JMeterThread: Thread is done: POST arrivals 1-394
2026-10-07 03:46:10,801 INFO o.a.j.t.JMeterThread: Thread finished: POST arrivals 1-394
2026-10-07 03:46:12,311 INFO o.a.j.t.JMeterThread: Thread is done: POST arrivals 1-395
2026-10-07 03:46:12,311 INFO o.a.j.t.JMeterThread: Thread finished: POST arrivals 1-395
2026-10-07 03:46:12,351 INFO o.a.j.t.JMeterThread: Thread is done: Search arrivals 2-80
2026-10-07 03:46:12,351 INFO o.a.j.t.JMeterThread: Thread finished: Search arrivals 2-80
2026-10-07 03:46:13,813 INFO o.a.j.t.JMeterThread: Thread is done: POST arrivals 1-396
2026-10-07 03:46:13,813 INFO o.a.j.t.JMeterThread: Thread finished: POST arrivals 1-396
2026-10-07 03:46:16,131 INFO o.a.j.t.JMeterThread: Thread is done: POST arrivals 1-397
2026-10-07 03:46:16,131 INFO o.a.j.t.JMeterThread: Thread finished: POST arrivals 1-397
2026-10-07 03:46:17,487 INFO o.a.j.t.JMeterThread: Thread is done: POST arrivals 1-398
2026-10-07 03:46:17,487 INFO o.a.j.t.JMeterThread: Thread finished: POST arrivals 1-398
2026-10-07 03:46:18,706 INFO o.a.j.t.JMeterThread: Thread is done: POST arrivals 1-399
2026-10-07 03:46:18,706 INFO o.a.j.t.JMeterThread: Thread finished: POST arrivals 1-399
2026-10-07 03:46:19,658 INFO o.a.j.t.JMeterThread: Thread is done: POST arrivals 1-400
2026-10-07 03:46:19,658 INFO o.a.j.t.JMeterThread: Thread finished: POST arrivals 1-400
2026-10-07 03:46:20,914 INFO o.a.j.t.JMeterThread: Thread is done: POST arrivals 1-401
2026-10-07 03:46:20,914 INFO o.a.j.t.JMeterThread: Thread finished: POST arrivals 1-401
2026-10-07 03:46:22,024 INFO o.a.j.t.JMeterThread: Thread is done: POST arrivals 1-402
2026-10-07 03:46:22,024 INFO o.a.j.t.JMeterThread: Thread finished: POST arrivals 1-402
2026-10-07 03:46:23,847 INFO o.a.j.t.JMeterThread: Thread is done: POST arrivals 1-403
2026-10-07 03:46:23,847 INFO o.a.j.t.JMeterThread: Thread finished: POST arrivals 1-403
2026-10-07 03:46:27,253 INFO o.a.j.t.JMeterThread: Thread is done: POST arrivals 1-404
2026-10-07 03:46:27,253 INFO o.a.j.t.JMeterThread: Thread finished: POST arrivals 1-404
2026-10-07 03:46:30,566 INFO o.a.j.r.Summariser: summary +     18 in 00:00:29 =    0.6/s Avg: 118643 Min: 114083 Max: 125109 Err:     0 (0.00%) Active: 35 Started: 539 Finished: 504
2026-10-07 03:46:30,567 INFO o.a.j.r.Summariser: summary =    505 in 00:13:06 =    0.6/s Avg: 63674 Min:    26 Max: 125551 Err:     0 (0.00%)
2026-10-07 03:46:30,567 INFO o.a.j.t.JMeterThread: Thread is done: POST arrivals 1-405
2026-10-07 03:46:30,567 INFO o.a.j.t.JMeterThread: Thread finished: POST arrivals 1-405
2026-10-07 03:46:31,635 INFO o.a.j.t.JMeterThread: Thread is done: POST arrivals 1-406
2026-10-07 03:46:31,635 INFO o.a.j.t.JMeterThread: Thread finished: POST arrivals 1-406
2026-10-07 03:46:33,448 INFO o.a.j.t.JMeterThread: Thread is done: POST arrivals 1-407
2026-10-07 03:46:33,448 INFO o.a.j.t.JMeterThread: Thread finished: POST arrivals 1-407
2026-10-07 03:46:35,481 INFO o.a.j.t.JMeterThread: Thread is done: POST arrivals 1-408
2026-10-07 03:46:35,481 INFO o.a.j.t.JMeterThread: Thread finished: POST arrivals 1-408
2026-10-07 03:46:36,544 INFO o.a.j.t.JMeterThread: Thread is done: POST arrivals 1-409
2026-10-07 03:46:36,544 INFO o.a.j.t.JMeterThread: Thread finished: POST arrivals 1-409
2026-10-07 03:46:38,050 INFO o.a.j.t.JMeterThread: Thread is done: POST arrivals 1-410
2026-10-07 03:46:38,050 INFO o.a.j.t.JMeterThread: Thread finished: POST arrivals 1-410
2026-10-07 03:46:40,735 INFO o.a.j.t.JMeterThread: Thread is done: POST arrivals 1-411
2026-10-07 03:46:40,735 INFO o.a.j.t.JMeterThread: Thread finished: POST arrivals 1-411
2026-10-07 03:46:40,775 INFO o.a.j.t.JMeterThread: Thread is done: Search arrivals 2-81
2026-10-07 03:46:40,775 INFO o.a.j.t.JMeterThread: Thread finished: Search arrivals 2-81
2026-10-07 03:46:41,562 INFO o.a.j.t.JMeterThread: Thread is done: POST arrivals 1-412
2026-10-07 03:46:41,562 INFO o.a.j.t.JMeterThread: Thread finished: POST arrivals 1-412
2026-10-07 03:46:43,434 INFO o.a.j.t.JMeterThread: Thread is done: POST arrivals 1-413
2026-10-07 03:46:43,434 INFO o.a.j.t.JMeterThread: Thread finished: POST arrivals 1-413
2026-10-07 03:46:43,474 INFO o.a.j.t.JMeterThread: Thread is done: Search arrivals 2-82
2026-10-07 03:46:43,474 INFO o.a.j.t.JMeterThread: Thread finished: Search arrivals 2-82
2026-10-07 03:46:45,986 INFO o.a.j.t.JMeterThread: Thread is done: POST arrivals 1-414
2026-10-07 03:46:45,986 INFO o.a.j.t.JMeterThread: Thread finished: POST arrivals 1-414
2026-10-07 03:46:46,039 INFO o.a.j.t.JMeterThread: Thread is done: Search arrivals 2-83
2026-10-07 03:46:46,041 INFO o.a.j.t.JMeterThread: Thread finished: Search arrivals 2-83
2026-10-07 03:46:49,035 INFO o.a.j.t.JMeterThread: Thread is done: POST arrivals 1-415
2026-10-07 03:46:49,036 INFO o.a.j.t.JMeterThread: Thread finished: POST arrivals 1-415
2026-10-07 03:46:51,084 INFO o.a.j.t.JMeterThread: Thread is done: POST arrivals 1-416
2026-10-07 03:46:51,084 INFO o.a.j.t.JMeterThread: Thread finished: POST arrivals 1-416
2026-10-07 03:46:52,416 INFO o.a.j.t.JMeterThread: Thread is done: POST arrivals 1-417
2026-10-07 03:46:52,416 INFO o.a.j.t.JMeterThread: Thread finished: POST arrivals 1-417
2026-10-07 03:46:54,654 INFO o.a.j.t.JMeterThread: Thread is done: POST arrivals 1-418
2026-10-07 03:46:54,654 INFO o.a.j.t.JMeterThread: Thread finished: POST arrivals 1-418
2026-10-07 03:46:55,492 INFO o.a.j.t.JMeterThread: Thread is done: POST arrivals 1-419
2026-10-07 03:46:55,492 INFO o.a.j.t.JMeterThread: Thread finished: POST arrivals 1-419
2026-10-07 03:46:55,537 INFO o.a.j.t.JMeterThread: Thread is done: Search arrivals 2-84
2026-10-07 03:46:55,538 INFO o.a.j.t.JMeterThread: Thread finished: Search arrivals 2-84
2026-10-07 03:46:56,434 INFO o.a.j.t.JMeterThread: Thread is done: POST arrivals 1-420
2026-10-07 03:46:56,434 INFO o.a.j.t.JMeterThread: Thread finished: POST arrivals 1-420
2026-10-07 03:46:58,135 INFO o.a.j.t.JMeterThread: Thread is done: POST arrivals 1-421
2026-10-07 03:46:58,135 INFO o.a.j.t.JMeterThread: Thread finished: POST arrivals 1-421
2026-10-07 03:46:59,481 INFO o.a.j.t.JMeterThread: Thread is done: POST arrivals 1-422
2026-10-07 03:46:59,482 INFO o.a.j.t.JMeterThread: Thread finished: POST arrivals 1-422
2026-10-07 03:46:59,527 INFO o.a.j.t.JMeterThread: Thread is done: Search arrivals 2-85
2026-10-07 03:46:59,527 INFO o.a.j.t.JMeterThread: Thread finished: Search arrivals 2-85
2026-10-07 03:46:59,565 INFO o.a.j.t.JMeterThread: Thread is done: Search arrivals 2-86
2026-10-07 03:46:59,574 INFO o.a.j.t.JMeterThread: Thread finished: Search arrivals 2-86
2026-10-07 03:47:00,912 INFO o.a.j.r.Summariser: summary +     24 in 00:00:30 =    0.8/s Avg: 114772 Min: 111094 Max: 122898 Err:     0 (0.00%) Active: 11 Started: 539 Finished: 528
2026-10-07 03:47:00,913 INFO o.a.j.r.Summariser: summary =    529 in 00:13:36 =    0.6/s Avg: 65993 Min:    26 Max: 125551 Err:     0 (0.00%)
2026-10-07 03:47:00,913 INFO o.a.j.t.JMeterThread: Thread is done: POST arrivals 1-423
2026-10-07 03:47:00,913 INFO o.a.j.t.JMeterThread: Thread finished: POST arrivals 1-423
2026-10-07 03:47:02,491 INFO o.a.j.t.JMeterThread: Thread is done: POST arrivals 1-424
2026-10-07 03:47:02,492 INFO o.a.j.t.JMeterThread: Thread finished: POST arrivals 1-424
2026-10-07 03:47:06,029 INFO o.a.j.t.JMeterThread: Thread is done: POST arrivals 1-425
2026-10-07 03:47:06,029 INFO o.a.j.t.JMeterThread: Thread finished: POST arrivals 1-425
2026-10-07 03:47:07,608 INFO o.a.j.t.JMeterThread: Thread is done: POST arrivals 1-426
2026-10-07 03:47:07,609 INFO o.a.j.t.JMeterThread: Thread finished: POST arrivals 1-426
2026-10-07 03:47:09,208 INFO o.a.j.t.JMeterThread: Thread is done: POST arrivals 1-427
2026-10-07 03:47:09,208 INFO o.a.j.t.JMeterThread: Thread finished: POST arrivals 1-427
2026-10-07 03:47:09,236 INFO o.a.j.t.JMeterThread: Thread is done: Stats arrivals 3-21
2026-10-07 03:47:09,236 INFO o.a.j.t.JMeterThread: Thread finished: Stats arrivals 3-21
2026-10-07 03:47:13,401 INFO o.a.j.t.JMeterThread: Thread is done: POST arrivals 1-428
2026-10-07 03:47:13,401 INFO o.a.j.t.JMeterThread: Thread finished: POST arrivals 1-428
2026-10-07 03:47:14,834 INFO o.a.j.t.JMeterThread: Thread is done: POST arrivals 1-429
2026-10-07 03:47:14,834 INFO o.a.j.t.JMeterThread: Thread finished: POST arrivals 1-429
2026-10-07 03:47:18,071 INFO o.a.j.t.JMeterThread: Thread is done: POST arrivals 1-430
2026-10-07 03:47:18,071 INFO o.a.j.t.JMeterThread: Thread finished: POST arrivals 1-430
2026-10-07 03:47:19,854 INFO o.a.j.t.JMeterThread: Thread is done: POST arrivals 1-431
2026-10-07 03:47:19,854 INFO o.a.j.t.JMeterThread: Thread finished: POST arrivals 1-431
2026-10-07 03:47:22,535 INFO o.a.j.t.JMeterThread: Thread is done: POST arrivals 1-432
2026-10-07 03:47:22,535 INFO o.a.j.t.JMeterThread: Thread finished: POST arrivals 1-432
2026-10-07 03:51:24,578 INFO o.a.j.t.o.OpenModelThreadGroup: There will be no more events, will shutdown the thread pool
2026-10-07 03:51:24,578 INFO o.a.j.t.o.OpenModelThreadGroup: There will be no more events, will shutdown the thread pool
2026-10-07 03:51:24,578 INFO o.a.j.t.o.OpenModelThreadGroup: There will be no more events, will shutdown the thread pool
2026-10-07 03:51:24,579 INFO o.a.j.t.o.OpenModelThreadGroup: Thread starting done
2026-10-07 03:51:24,579 INFO o.a.j.t.o.OpenModelThreadGroup: Thread starting done
2026-10-07 03:51:24,579 INFO o.a.j.t.o.OpenModelThreadGroup: Thread starting done
2026-10-07 03:51:24,579 INFO o.a.j.e.StandardJMeterEngine: Notifying test listeners of end of test
2026-10-07 03:51:24,579 INFO o.a.j.s.FileServer: Close: data/tickets.csv
2026-10-07 03:51:24,579 INFO o.a.j.r.Summariser: summary +     10 in 00:04:24 =    0.0/s Avg: 118267 Min: 113911 Max: 121521 Err:     0 (0.00%) Active: 0 Started: 539 Finished: 539
2026-10-07 03:51:24,579 INFO o.a.j.r.Summariser: summary =    539 in 00:18:00 =    0.5/s Avg: 66962 Min:    26 Max: 125551 Err:     0 (0.00%)
