2026-10-07 02:49:22,909 INFO o.a.j.u.JMeterUtils: Setting Locale to en_EN
2026-10-07 02:49:22,928 INFO o.a.j.JMeter: Loading user properties from: C:\Users\tayka\Tools\apache-jmeter-5.6.3\bin\user.properties
2026-10-07 02:49:22,929 INFO o.a.j.JMeter: Loading system properties from: C:\Users\tayka\Tools\apache-jmeter-5.6.3\bin\system.properties
2026-10-07 02:49:22,929 INFO o.a.j.JMeter: Loading additional properties from: results.properties
2026-10-07 02:49:22,935 INFO o.a.j.JMeter: Copyright (c) 1998-2024 The Apache Software Foundation
2026-10-07 02:49:22,935 INFO o.a.j.JMeter: Version 5.6.3
2026-10-07 02:49:22,935 INFO o.a.j.JMeter: java.version=21.0.5
2026-10-07 02:49:22,935 INFO o.a.j.JMeter: java.vm.name=Java HotSpot(TM) 64-Bit Server VM
2026-10-07 02:49:22,942 INFO o.a.j.JMeter: os.name=Windows 11
2026-10-07 02:49:22,942 INFO o.a.j.JMeter: os.arch=amd64
2026-10-07 02:49:22,942 INFO o.a.j.JMeter: os.version=10.0
2026-10-07 02:49:22,942 INFO o.a.j.JMeter: file.encoding=UTF-8
2026-10-07 02:49:22,942 INFO o.a.j.JMeter: java.awt.headless=true
2026-10-07 02:49:22,942 INFO o.a.j.JMeter: Max memory     =1073741824
2026-10-07 02:49:22,942 INFO o.a.j.JMeter: Available Processors =20
2026-10-07 02:49:22,954 INFO o.a.j.JMeter: Default Locale=English (EN)
2026-10-07 02:49:22,954 INFO o.a.j.JMeter: JMeter  Locale=English (EN)
2026-10-07 02:49:22,954 INFO o.a.j.JMeter: JMeterHome=C:\Users\tayka\Tools\apache-jmeter-5.6.3
2026-10-07 02:49:22,954 INFO o.a.j.JMeter: user.dir  =C:\Users\tayka\ICT3113-PTO-P1-10-Assignment-1\jmeter\runs\peak-llama1-r1
2026-10-07 02:49:22,954 INFO o.a.j.JMeter: PWD       =C:\Users\tayka\ICT3113-PTO-P1-10-Assignment-1\jmeter\runs\peak-llama1-r1
2026-10-07 02:49:22,956 INFO o.a.j.JMeter: IP: 192.168.1.3 Name: KaiWen FullName: host.docker.internal
2026-10-07 02:49:22,961 INFO o.a.j.s.FileServer: Default base='C:\Users\tayka\ICT3113-PTO-P1-10-Assignment-1\jmeter\runs\peak-llama1-r1'
2026-10-07 02:49:22,961 INFO o.a.j.s.FileServer: Set new base='C:\Users\tayka\ICT3113-PTO-P1-10-Assignment-1\jmeter\runs\peak-llama1-r1'
2026-10-07 02:49:23,097 INFO o.a.j.s.SaveService: Testplan (JMX) version: 2.2. Testlog (JTL) version: 2.2
2026-10-07 02:49:23,116 INFO o.a.j.s.SaveService: Using SaveService properties version 5.0
2026-10-07 02:49:23,128 INFO o.a.j.s.SaveService: Using SaveService properties file encoding UTF-8
2026-10-07 02:49:23,128 INFO o.a.j.s.SaveService: Loading file: plan.jmx
2026-10-07 02:49:23,172 INFO o.a.j.p.h.s.HTTPSamplerBase: Parser for text/html is org.apache.jmeter.protocol.http.parser.LagartoBasedHtmlParser
2026-10-07 02:49:23,172 INFO o.a.j.p.h.s.HTTPSamplerBase: Parser for application/xhtml+xml is org.apache.jmeter.protocol.http.parser.LagartoBasedHtmlParser
2026-10-07 02:49:23,172 INFO o.a.j.p.h.s.HTTPSamplerBase: Parser for application/xml is org.apache.jmeter.protocol.http.parser.LagartoBasedHtmlParser
2026-10-07 02:49:23,172 INFO o.a.j.p.h.s.HTTPSamplerBase: Parser for text/xml is org.apache.jmeter.protocol.http.parser.LagartoBasedHtmlParser
2026-10-07 02:49:23,172 INFO o.a.j.p.h.s.HTTPSamplerBase: Parser for text/vnd.wap.wml is org.apache.jmeter.protocol.http.parser.RegexpHTMLParser
2026-10-07 02:49:23,172 INFO o.a.j.p.h.s.HTTPSamplerBase: Parser for text/css is org.apache.jmeter.protocol.http.parser.CssParser
2026-10-07 02:49:23,205 INFO o.a.j.JMeter: Creating summariser <summary>
2026-10-07 02:49:23,221 INFO o.a.j.e.StandardJMeterEngine: Running the test!
2026-10-07 02:49:23,221 INFO o.a.j.s.SampleEvent: List of sample_variables: [request_id, row]
2026-10-07 02:49:23,221 INFO o.a.j.s.SampleEvent: List of sample_variables: [request_id, row]
2026-10-07 02:49:23,227 INFO o.a.j.e.u.CompoundVariable: Note: Function class names must contain the string: '.functions.'
2026-10-07 02:49:23,227 INFO o.a.j.e.u.CompoundVariable: Note: Function class names must not contain the string: '.gui.'
2026-10-07 02:49:23,423 INFO o.a.j.JMeter: Running test (1791312563423)
2026-10-07 02:49:23,430 INFO o.a.j.e.StandardJMeterEngine: Starting ThreadGroup: 1 : POST arrivals
2026-10-07 02:49:23,430 INFO o.a.j.e.StandardJMeterEngine: Starting 0 threads for group POST arrivals.
2026-10-07 02:49:23,430 INFO o.a.j.e.StandardJMeterEngine: Thread will continue on error
2026-10-07 02:49:23,430 INFO o.a.j.t.o.OpenModelThreadGroup: Starting OpenModelThreadGroup#1 with schedule rate(36/min) random_arrivals(720 sec) rate(36/min) pause(360 sec)
2026-10-07 02:49:23,464 INFO o.a.j.e.StandardJMeterEngine: Starting ThreadGroup: 2 : Search arrivals
2026-10-07 02:49:23,464 INFO o.a.j.e.StandardJMeterEngine: Starting 0 threads for group Search arrivals.
2026-10-07 02:49:23,464 INFO o.a.j.e.StandardJMeterEngine: Thread will continue on error
2026-10-07 02:49:23,464 INFO o.a.j.t.o.OpenModelThreadGroup: Starting OpenModelThreadGroup#2 with schedule rate(7.2/min) random_arrivals(720 sec) rate(7.2/min) pause(360 sec)
2026-10-07 02:49:23,464 INFO o.a.j.t.o.OpenModelThreadGroup: Thread starting init
2026-10-07 02:49:23,464 INFO o.a.j.e.StandardJMeterEngine: Starting ThreadGroup: 3 : Stats arrivals
2026-10-07 02:49:23,464 INFO o.a.j.e.StandardJMeterEngine: Starting 0 threads for group Stats arrivals.
2026-10-07 02:49:23,464 INFO o.a.j.e.StandardJMeterEngine: Thread will continue on error
2026-10-07 02:49:23,464 INFO o.a.j.t.o.OpenModelThreadGroup: Starting OpenModelThreadGroup#3 with schedule rate(1.8/min) random_arrivals(720 sec) rate(1.8/min) pause(360 sec)
2026-10-07 02:49:23,464 INFO o.a.j.t.o.OpenModelThreadGroup: Thread starting init
2026-10-07 02:49:23,467 INFO o.a.j.e.StandardJMeterEngine: All thread groups have been started
2026-10-07 02:49:23,467 INFO o.a.j.t.o.OpenModelThreadGroup: Thread starting init
2026-10-07 02:49:23,473 INFO o.a.j.t.o.PoissonArrivalsRamp: Generating 86 events, beginRate = 0.12000000000000001 / sec, endRate = 0.12000000000000001 / sec, duration = 720.0 sec
2026-10-07 02:49:23,473 INFO o.a.j.t.o.PoissonArrivalsRamp: Generating 432 events, beginRate = 0.6 / sec, endRate = 0.6 / sec, duration = 720.0 sec
2026-10-07 02:49:23,473 INFO o.a.j.t.o.PoissonArrivalsRamp: Generating 21 events, beginRate = 0.030000000000000002 / sec, endRate = 0.030000000000000002 / sec, duration = 720.0 sec
2026-10-07 02:49:24,461 INFO o.a.j.t.JMeterThread: Thread started: POST arrivals 1-1
2026-10-07 02:49:24,463 INFO o.a.j.s.FileServer: Stored: data/tickets.csv
2026-10-07 02:49:24,483 INFO o.a.j.p.h.s.HTTPHCAbstractImpl: Local host = KaiWen
2026-10-07 02:49:24,485 INFO o.a.j.p.h.s.HTTPHC4Impl: HTTP request retry count = 0
2026-10-07 02:49:24,486 INFO o.a.j.s.SampleResult: Note: Sample TimeStamps are START times
2026-10-07 02:49:24,486 INFO o.a.j.s.SampleResult: sampleresult.default.encoding is set to UTF-8
2026-10-07 02:49:24,486 INFO o.a.j.s.SampleResult: sampleresult.useNanoTime=true
2026-10-07 02:49:24,486 INFO o.a.j.s.SampleResult: sampleresult.nanoThreadSleep=5000
2026-10-07 02:49:25,637 INFO o.a.j.t.JMeterThread: Thread started: POST arrivals 1-2
2026-10-07 02:49:27,200 INFO o.a.j.t.JMeterThread: Thread started: POST arrivals 1-3
2026-10-07 02:49:27,774 INFO o.a.j.t.JMeterThread: Thread started: Search arrivals 2-1
2026-10-07 02:49:28,334 INFO o.a.j.t.JMeterThread: Thread started: POST arrivals 1-4
2026-10-07 02:49:28,584 INFO o.a.j.t.JMeterThread: Thread is done: POST arrivals 1-1
2026-10-07 02:49:28,584 INFO o.a.j.t.JMeterThread: Thread finished: POST arrivals 1-1
2026-10-07 02:49:29,129 INFO o.a.j.t.JMeterThread: Thread started: Search arrivals 2-2
2026-10-07 02:49:30,188 INFO o.a.j.r.Summariser: summary +      2 in 00:00:07 =    0.3/s Avg:  4007 Min:  3471 Max:  4543 Err:     0 (0.00%) Active: 5 Started: 6 Finished: 1
2026-10-07 02:49:30,188 INFO o.a.j.t.JMeterThread: Thread is done: POST arrivals 1-2
2026-10-07 02:49:30,189 INFO o.a.j.t.JMeterThread: Thread finished: POST arrivals 1-2
2026-10-07 02:49:30,468 INFO o.a.j.t.JMeterThread: Thread started: POST arrivals 1-5
2026-10-07 02:49:32,220 INFO o.a.j.t.JMeterThread: Thread started: POST arrivals 1-6
2026-10-07 02:49:32,789 INFO o.a.j.t.JMeterThread: Thread is done: POST arrivals 1-3
2026-10-07 02:49:32,789 INFO o.a.j.t.JMeterThread: Thread finished: POST arrivals 1-3
2026-10-07 02:49:32,803 INFO o.a.j.t.JMeterThread: Thread is done: Search arrivals 2-1
2026-10-07 02:49:32,804 INFO o.a.j.t.JMeterThread: Thread finished: Search arrivals 2-1
2026-10-07 02:49:32,943 INFO o.a.j.t.JMeterThread: Thread started: POST arrivals 1-7
2026-10-07 02:49:34,610 INFO o.a.j.t.JMeterThread: Thread is done: POST arrivals 1-4
2026-10-07 02:49:34,610 INFO o.a.j.t.JMeterThread: Thread finished: POST arrivals 1-4
2026-10-07 02:49:34,628 INFO o.a.j.t.JMeterThread: Thread is done: Search arrivals 2-2
2026-10-07 02:49:34,628 INFO o.a.j.t.JMeterThread: Thread finished: Search arrivals 2-2
2026-10-07 02:49:34,884 INFO o.a.j.t.JMeterThread: Thread started: POST arrivals 1-8
2026-10-07 02:49:36,200 INFO o.a.j.t.JMeterThread: Thread started: POST arrivals 1-9
2026-10-07 02:49:38,022 INFO o.a.j.t.JMeterThread: Thread started: POST arrivals 1-10
2026-10-07 02:49:38,421 INFO o.a.j.t.JMeterThread: Thread is done: POST arrivals 1-5
2026-10-07 02:49:38,422 INFO o.a.j.t.JMeterThread: Thread finished: POST arrivals 1-5
2026-10-07 02:49:39,421 INFO o.a.j.t.JMeterThread: Thread is done: POST arrivals 1-6
2026-10-07 02:49:39,421 INFO o.a.j.t.JMeterThread: Thread finished: POST arrivals 1-6
2026-10-07 02:49:41,208 INFO o.a.j.t.JMeterThread: Thread is done: POST arrivals 1-7
2026-10-07 02:49:41,208 INFO o.a.j.t.JMeterThread: Thread finished: POST arrivals 1-7
2026-10-07 02:49:41,962 INFO o.a.j.t.JMeterThread: Thread started: POST arrivals 1-11
2026-10-07 02:49:42,600 INFO o.a.j.t.JMeterThread: Thread is done: POST arrivals 1-8
2026-10-07 02:49:42,601 INFO o.a.j.t.JMeterThread: Thread finished: POST arrivals 1-8
2026-10-07 02:49:42,884 INFO o.a.j.t.JMeterThread: Thread started: POST arrivals 1-12
2026-10-07 02:49:43,642 INFO o.a.j.t.JMeterThread: Thread is done: POST arrivals 1-9
2026-10-07 02:49:43,642 INFO o.a.j.t.JMeterThread: Thread finished: POST arrivals 1-9
2026-10-07 02:49:44,750 INFO o.a.j.t.JMeterThread: Thread started: POST arrivals 1-13
2026-10-07 02:49:44,826 INFO o.a.j.t.JMeterThread: Thread started: Search arrivals 2-3
2026-10-07 02:49:45,052 INFO o.a.j.t.JMeterThread: Thread started: POST arrivals 1-14
2026-10-07 02:49:45,412 INFO o.a.j.t.JMeterThread: Thread started: POST arrivals 1-15
2026-10-07 02:49:46,074 INFO o.a.j.t.JMeterThread: Thread started: POST arrivals 1-16
2026-10-07 02:49:46,680 INFO o.a.j.t.JMeterThread: Thread is done: POST arrivals 1-10
2026-10-07 02:49:46,680 INFO o.a.j.t.JMeterThread: Thread finished: POST arrivals 1-10
2026-10-07 02:49:47,504 INFO o.a.j.t.JMeterThread: Thread is done: POST arrivals 1-11
2026-10-07 02:49:47,505 INFO o.a.j.t.JMeterThread: Thread finished: POST arrivals 1-11
2026-10-07 02:49:48,644 INFO o.a.j.t.JMeterThread: Thread started: POST arrivals 1-17
2026-10-07 02:49:49,196 INFO o.a.j.t.JMeterThread: Thread is done: POST arrivals 1-12
2026-10-07 02:49:49,197 INFO o.a.j.t.JMeterThread: Thread finished: POST arrivals 1-12
2026-10-07 02:49:50,212 INFO o.a.j.t.JMeterThread: Thread is done: POST arrivals 1-13
2026-10-07 02:49:50,212 INFO o.a.j.t.JMeterThread: Thread finished: POST arrivals 1-13
2026-10-07 02:49:50,225 INFO o.a.j.t.JMeterThread: Thread is done: Search arrivals 2-3
2026-10-07 02:49:50,226 INFO o.a.j.t.JMeterThread: Thread finished: Search arrivals 2-3
2026-10-07 02:49:51,289 INFO o.a.j.t.JMeterThread: Thread is done: POST arrivals 1-14
2026-10-07 02:49:51,290 INFO o.a.j.t.JMeterThread: Thread finished: POST arrivals 1-14
2026-10-07 02:49:51,893 INFO o.a.j.t.JMeterThread: Thread started: POST arrivals 1-18
2026-10-07 02:49:51,949 INFO o.a.j.t.JMeterThread: Thread started: POST arrivals 1-19
2026-10-07 02:49:53,187 INFO o.a.j.t.JMeterThread: Thread started: POST arrivals 1-20
2026-10-07 02:49:54,195 INFO o.a.j.t.JMeterThread: Thread started: POST arrivals 1-21
2026-10-07 02:49:54,515 INFO o.a.j.t.JMeterThread: Thread started: POST arrivals 1-22
2026-10-07 02:49:54,700 INFO o.a.j.t.JMeterThread: Thread is done: POST arrivals 1-15
2026-10-07 02:49:54,700 INFO o.a.j.t.JMeterThread: Thread finished: POST arrivals 1-15
2026-10-07 02:49:55,147 INFO o.a.j.t.JMeterThread: Thread started: POST arrivals 1-23
2026-10-07 02:49:57,115 INFO o.a.j.t.JMeterThread: Thread started: POST arrivals 1-24
2026-10-07 02:49:57,743 INFO o.a.j.t.JMeterThread: Thread started: POST arrivals 1-25
2026-10-07 02:49:58,012 INFO o.a.j.t.JMeterThread: Thread is done: POST arrivals 1-16
2026-10-07 02:49:58,052 INFO o.a.j.t.JMeterThread: Thread finished: POST arrivals 1-16
2026-10-07 02:50:00,046 INFO o.a.j.t.JMeterThread: Thread started: POST arrivals 1-26
2026-10-07 02:50:00,498 INFO o.a.j.r.Summariser: summary +     18 in 00:00:30 =    0.6/s Avg:  7309 Min:  5026 Max: 11933 Err:     0 (0.00%) Active: 10 Started: 29 Finished: 19
2026-10-07 02:50:00,499 INFO o.a.j.r.Summariser: summary =     20 in 00:00:37 =    0.5/s Avg:  6979 Min:  3471 Max: 11933 Err:     0 (0.00%)
2026-10-07 02:50:00,501 INFO o.a.j.t.JMeterThread: Thread is done: POST arrivals 1-17
2026-10-07 02:50:00,501 INFO o.a.j.t.JMeterThread: Thread finished: POST arrivals 1-17
2026-10-07 02:50:01,103 INFO o.a.j.t.JMeterThread: Thread started: Search arrivals 2-4
2026-10-07 02:50:01,487 INFO o.a.j.t.JMeterThread: Thread is done: POST arrivals 1-18
2026-10-07 02:50:01,488 INFO o.a.j.t.JMeterThread: Thread finished: POST arrivals 1-18
2026-10-07 02:50:01,786 INFO o.a.j.t.JMeterThread: Thread started: POST arrivals 1-27
2026-10-07 02:50:02,582 INFO o.a.j.t.JMeterThread: Thread started: POST arrivals 1-28
2026-10-07 02:50:02,661 INFO o.a.j.t.JMeterThread: Thread started: Search arrivals 2-5
2026-10-07 02:50:03,624 INFO o.a.j.t.JMeterThread: Thread is done: POST arrivals 1-19
2026-10-07 02:50:03,624 INFO o.a.j.t.JMeterThread: Thread finished: POST arrivals 1-19
2026-10-07 02:50:04,215 INFO o.a.j.t.JMeterThread: Thread started: POST arrivals 1-29
2026-10-07 02:50:04,491 INFO o.a.j.t.JMeterThread: Thread started: POST arrivals 1-30
2026-10-07 02:50:06,545 INFO o.a.j.t.JMeterThread: Thread is done: POST arrivals 1-20
2026-10-07 02:50:06,545 INFO o.a.j.t.JMeterThread: Thread finished: POST arrivals 1-20
2026-10-07 02:50:07,990 INFO o.a.j.t.JMeterThread: Thread is done: POST arrivals 1-21
2026-10-07 02:50:07,990 INFO o.a.j.t.JMeterThread: Thread finished: POST arrivals 1-21
2026-10-07 02:50:08,925 INFO o.a.j.t.JMeterThread: Thread started: POST arrivals 1-31
2026-10-07 02:50:09,023 INFO o.a.j.t.JMeterThread: Thread started: POST arrivals 1-32
2026-10-07 02:50:09,873 INFO o.a.j.t.JMeterThread: Thread started: POST arrivals 1-33
2026-10-07 02:50:11,331 INFO o.a.j.t.JMeterThread: Thread is done: POST arrivals 1-22
2026-10-07 02:50:11,331 INFO o.a.j.t.JMeterThread: Thread finished: POST arrivals 1-22
2026-10-07 02:50:12,452 INFO o.a.j.t.JMeterThread: Thread is done: POST arrivals 1-23
2026-10-07 02:50:12,453 INFO o.a.j.t.JMeterThread: Thread finished: POST arrivals 1-23
2026-10-07 02:50:13,061 INFO o.a.j.t.JMeterThread: Thread started: POST arrivals 1-34
2026-10-07 02:50:13,826 INFO o.a.j.t.JMeterThread: Thread is done: POST arrivals 1-24
2026-10-07 02:50:13,827 INFO o.a.j.t.JMeterThread: Thread finished: POST arrivals 1-24
2026-10-07 02:50:15,244 INFO o.a.j.t.JMeterThread: Thread is done: POST arrivals 1-25
2026-10-07 02:50:15,245 INFO o.a.j.t.JMeterThread: Thread finished: POST arrivals 1-25
2026-10-07 02:50:17,610 INFO o.a.j.t.JMeterThread: Thread started: POST arrivals 1-35
2026-10-07 02:50:17,831 INFO o.a.j.t.JMeterThread: Thread is done: POST arrivals 1-26
2026-10-07 02:50:17,831 INFO o.a.j.t.JMeterThread: Thread finished: POST arrivals 1-26
2026-10-07 02:50:17,846 INFO o.a.j.t.JMeterThread: Thread is done: Search arrivals 2-4
2026-10-07 02:50:17,847 INFO o.a.j.t.JMeterThread: Thread finished: Search arrivals 2-4
2026-10-07 02:50:18,324 INFO o.a.j.t.JMeterThread: Thread started: POST arrivals 1-36
2026-10-07 02:50:19,164 INFO o.a.j.t.JMeterThread: Thread is done: POST arrivals 1-27
2026-10-07 02:50:19,165 INFO o.a.j.t.JMeterThread: Thread finished: POST arrivals 1-27
2026-10-07 02:50:19,983 INFO o.a.j.t.JMeterThread: Thread is done: POST arrivals 1-28
2026-10-07 02:50:19,984 INFO o.a.j.t.JMeterThread: Thread finished: POST arrivals 1-28
2026-10-07 02:50:19,998 INFO o.a.j.t.JMeterThread: Thread is done: Search arrivals 2-5
2026-10-07 02:50:19,998 INFO o.a.j.t.JMeterThread: Thread finished: Search arrivals 2-5
2026-10-07 02:50:21,092 INFO o.a.j.t.JMeterThread: Thread started: POST arrivals 1-37
2026-10-07 02:50:22,233 INFO o.a.j.t.JMeterThread: Thread is done: POST arrivals 1-29
2026-10-07 02:50:22,233 INFO o.a.j.t.JMeterThread: Thread finished: POST arrivals 1-29
2026-10-07 02:50:22,299 INFO o.a.j.t.JMeterThread: Thread started: POST arrivals 1-38
2026-10-07 02:50:22,461 INFO o.a.j.t.JMeterThread: Thread started: POST arrivals 1-39
2026-10-07 02:50:22,462 INFO o.a.j.t.JMeterThread: Thread started: POST arrivals 1-40
2026-10-07 02:50:24,462 INFO o.a.j.t.JMeterThread: Thread started: POST arrivals 1-41
2026-10-07 02:50:25,551 INFO o.a.j.t.JMeterThread: Thread is done: POST arrivals 1-30
2026-10-07 02:50:25,551 INFO o.a.j.t.JMeterThread: Thread finished: POST arrivals 1-30
2026-10-07 02:50:27,166 INFO o.a.j.t.JMeterThread: Thread started: Search arrivals 2-6
2026-10-07 02:50:27,335 INFO o.a.j.t.JMeterThread: Thread is done: POST arrivals 1-31
2026-10-07 02:50:27,335 INFO o.a.j.t.JMeterThread: Thread finished: POST arrivals 1-31
2026-10-07 02:50:28,671 INFO o.a.j.t.JMeterThread: Thread is done: POST arrivals 1-32
2026-10-07 02:50:28,671 INFO o.a.j.t.JMeterThread: Thread finished: POST arrivals 1-32
2026-10-07 02:50:29,079 INFO o.a.j.t.JMeterThread: Thread started: POST arrivals 1-42
2026-10-07 02:50:29,117 INFO o.a.j.t.JMeterThread: Thread started: POST arrivals 1-43
2026-10-07 02:50:29,621 INFO o.a.j.t.JMeterThread: Thread started: POST arrivals 1-44
2026-10-07 02:50:30,082 INFO o.a.j.t.JMeterThread: Thread started: POST arrivals 1-45
2026-10-07 02:50:31,018 INFO o.a.j.r.Summariser: summary +     18 in 00:00:31 =    0.6/s Avg: 16754 Min:  9589 Max: 21139 Err:     0 (0.00%) Active: 14 Started: 51 Finished: 37
2026-10-07 02:50:31,019 INFO o.a.j.r.Summariser: summary =     38 in 00:01:08 =    0.6/s Avg: 11609 Min:  3471 Max: 21139 Err:     0 (0.00%)
2026-10-07 02:50:31,019 INFO o.a.j.t.JMeterThread: Thread is done: POST arrivals 1-33
2026-10-07 02:50:31,020 INFO o.a.j.t.JMeterThread: Thread finished: POST arrivals 1-33
2026-10-07 02:50:31,896 INFO o.a.j.t.JMeterThread: Thread is done: POST arrivals 1-34
2026-10-07 02:50:31,897 INFO o.a.j.t.JMeterThread: Thread finished: POST arrivals 1-34
2026-10-07 02:50:34,906 INFO o.a.j.t.JMeterThread: Thread started: Search arrivals 2-7
2026-10-07 02:50:35,143 INFO o.a.j.t.JMeterThread: Thread started: POST arrivals 1-46
2026-10-07 02:50:35,312 INFO o.a.j.t.JMeterThread: Thread started: POST arrivals 1-47
2026-10-07 02:50:35,828 INFO o.a.j.t.JMeterThread: Thread is done: POST arrivals 1-35
2026-10-07 02:50:35,828 INFO o.a.j.t.JMeterThread: Thread finished: POST arrivals 1-35
2026-10-07 02:50:37,025 INFO o.a.j.t.JMeterThread: Thread started: POST arrivals 1-48
2026-10-07 02:50:37,642 INFO o.a.j.t.JMeterThread: Thread is done: POST arrivals 1-36
2026-10-07 02:50:37,643 INFO o.a.j.t.JMeterThread: Thread finished: POST arrivals 1-36
2026-10-07 02:50:38,889 INFO o.a.j.t.JMeterThread: Thread started: POST arrivals 1-49
2026-10-07 02:50:39,976 INFO o.a.j.t.JMeterThread: Thread is done: POST arrivals 1-37
2026-10-07 02:50:39,976 INFO o.a.j.t.JMeterThread: Thread finished: POST arrivals 1-37
2026-10-07 02:50:41,256 INFO o.a.j.t.JMeterThread: Thread started: POST arrivals 1-50
2026-10-07 02:50:42,123 INFO o.a.j.t.JMeterThread: Thread is done: POST arrivals 1-38
2026-10-07 02:50:42,123 INFO o.a.j.t.JMeterThread: Thread finished: POST arrivals 1-38
2026-10-07 02:50:42,210 INFO o.a.j.t.JMeterThread: Thread started: POST arrivals 1-51
2026-10-07 02:50:42,449 INFO o.a.j.t.JMeterThread: Thread started: Stats arrivals 3-1
2026-10-07 02:50:42,795 INFO o.a.j.t.JMeterThread: Thread started: POST arrivals 1-52
2026-10-07 02:50:42,891 INFO o.a.j.t.JMeterThread: Thread started: Search arrivals 2-8
2026-10-07 02:50:43,442 INFO o.a.j.t.JMeterThread: Thread is done: POST arrivals 1-39
2026-10-07 02:50:43,443 INFO o.a.j.t.JMeterThread: Thread finished: POST arrivals 1-39
2026-10-07 02:50:47,121 INFO o.a.j.t.JMeterThread: Thread is done: POST arrivals 1-40
2026-10-07 02:50:47,121 INFO o.a.j.t.JMeterThread: Thread finished: POST arrivals 1-40
2026-10-07 02:50:48,424 INFO o.a.j.t.JMeterThread: Thread started: Search arrivals 2-9
2026-10-07 02:50:48,508 INFO o.a.j.t.JMeterThread: Thread is done: POST arrivals 1-41
2026-10-07 02:50:48,508 INFO o.a.j.t.JMeterThread: Thread finished: POST arrivals 1-41
2026-10-07 02:50:48,527 INFO o.a.j.t.JMeterThread: Thread is done: Search arrivals 2-6
2026-10-07 02:50:48,527 INFO o.a.j.t.JMeterThread: Thread finished: Search arrivals 2-6
2026-10-07 02:50:48,743 INFO o.a.j.t.JMeterThread: Thread started: POST arrivals 1-53
2026-10-07 02:50:49,324 INFO o.a.j.t.JMeterThread: Thread is done: POST arrivals 1-42
2026-10-07 02:50:49,325 INFO o.a.j.t.JMeterThread: Thread finished: POST arrivals 1-42
2026-10-07 02:50:50,760 INFO o.a.j.t.JMeterThread: Thread is done: POST arrivals 1-43
2026-10-07 02:50:50,761 INFO o.a.j.t.JMeterThread: Thread finished: POST arrivals 1-43
2026-10-07 02:50:53,761 INFO o.a.j.t.JMeterThread: Thread is done: POST arrivals 1-44
2026-10-07 02:50:53,762 INFO o.a.j.t.JMeterThread: Thread finished: POST arrivals 1-44
2026-10-07 02:50:55,082 INFO o.a.j.t.JMeterThread: Thread started: Stats arrivals 3-2
2026-10-07 02:50:56,183 INFO o.a.j.t.JMeterThread: Thread started: POST arrivals 1-54
2026-10-07 02:50:56,572 INFO o.a.j.t.JMeterThread: Thread is done: POST arrivals 1-45
2026-10-07 02:50:56,572 INFO o.a.j.t.JMeterThread: Thread finished: POST arrivals 1-45
2026-10-07 02:50:56,588 INFO o.a.j.t.JMeterThread: Thread is done: Search arrivals 2-7
2026-10-07 02:50:56,589 INFO o.a.j.t.JMeterThread: Thread finished: Search arrivals 2-7
2026-10-07 02:50:56,950 INFO o.a.j.t.JMeterThread: Thread started: POST arrivals 1-55
2026-10-07 02:50:59,708 INFO o.a.j.t.JMeterThread: Thread is done: POST arrivals 1-46
2026-10-07 02:50:59,709 INFO o.a.j.t.JMeterThread: Thread finished: POST arrivals 1-46
2026-10-07 02:51:00,135 INFO o.a.j.t.JMeterThread: Thread started: Search arrivals 2-10
2026-10-07 02:51:01,043 INFO o.a.j.r.Summariser: summary +     16 in 00:00:30 =    0.5/s Avg: 21909 Min: 18213 Max: 26485 Err:     0 (0.00%) Active: 14 Started: 67 Finished: 53
2026-10-07 02:51:01,044 INFO o.a.j.r.Summariser: summary =     54 in 00:01:38 =    0.6/s Avg: 14661 Min:  3471 Max: 26485 Err:     0 (0.00%)
2026-10-07 02:51:01,045 INFO o.a.j.t.JMeterThread: Thread is done: POST arrivals 1-47
2026-10-07 02:51:01,045 INFO o.a.j.t.JMeterThread: Thread finished: POST arrivals 1-47
2026-10-07 02:51:01,341 INFO o.a.j.t.JMeterThread: Thread started: POST arrivals 1-56
2026-10-07 02:51:02,583 INFO o.a.j.t.JMeterThread: Thread is done: POST arrivals 1-48
2026-10-07 02:51:02,583 INFO o.a.j.t.JMeterThread: Thread finished: POST arrivals 1-48
2026-10-07 02:51:03,888 INFO o.a.j.t.JMeterThread: Thread is done: POST arrivals 1-49
2026-10-07 02:51:03,888 INFO o.a.j.t.JMeterThread: Thread finished: POST arrivals 1-49
2026-10-07 02:51:05,050 INFO o.a.j.t.JMeterThread: Thread is done: POST arrivals 1-50
2026-10-07 02:51:05,050 INFO o.a.j.t.JMeterThread: Thread finished: POST arrivals 1-50
2026-10-07 02:51:05,901 INFO o.a.j.t.JMeterThread: Thread is done: POST arrivals 1-51
2026-10-07 02:51:05,902 INFO o.a.j.t.JMeterThread: Thread finished: POST arrivals 1-51
2026-10-07 02:51:05,916 INFO o.a.j.t.JMeterThread: Thread is done: Stats arrivals 3-1
2026-10-07 02:51:05,916 INFO o.a.j.t.JMeterThread: Thread finished: Stats arrivals 3-1
2026-10-07 02:51:07,851 INFO o.a.j.t.JMeterThread: Thread started: POST arrivals 1-57
2026-10-07 02:51:08,390 INFO o.a.j.t.JMeterThread: Thread is done: POST arrivals 1-52
2026-10-07 02:51:08,390 INFO o.a.j.t.JMeterThread: Thread finished: POST arrivals 1-52
2026-10-07 02:51:08,411 INFO o.a.j.t.JMeterThread: Thread is done: Search arrivals 2-8
2026-10-07 02:51:08,411 INFO o.a.j.t.JMeterThread: Thread finished: Search arrivals 2-8
2026-10-07 02:51:08,428 INFO o.a.j.t.JMeterThread: Thread is done: Search arrivals 2-9
2026-10-07 02:51:08,428 INFO o.a.j.t.JMeterThread: Thread finished: Search arrivals 2-9
2026-10-07 02:51:10,055 INFO o.a.j.t.JMeterThread: Thread is done: POST arrivals 1-53
2026-10-07 02:51:10,055 INFO o.a.j.t.JMeterThread: Thread finished: POST arrivals 1-53
2026-10-07 02:51:10,070 INFO o.a.j.t.JMeterThread: Thread is done: Stats arrivals 3-2
2026-10-07 02:51:10,070 INFO o.a.j.t.JMeterThread: Thread finished: Stats arrivals 3-2
2026-10-07 02:51:10,078 INFO o.a.j.t.JMeterThread: Thread started: Search arrivals 2-11
2026-10-07 02:51:10,960 INFO o.a.j.t.JMeterThread: Thread started: POST arrivals 1-58
2026-10-07 02:51:11,051 INFO o.a.j.t.JMeterThread: Thread is done: POST arrivals 1-54
2026-10-07 02:51:11,051 INFO o.a.j.t.JMeterThread: Thread finished: POST arrivals 1-54
2026-10-07 02:51:12,421 INFO o.a.j.t.JMeterThread: Thread is done: POST arrivals 1-55
2026-10-07 02:51:12,421 INFO o.a.j.t.JMeterThread: Thread finished: POST arrivals 1-55
2026-10-07 02:51:12,437 INFO o.a.j.t.JMeterThread: Thread is done: Search arrivals 2-10
2026-10-07 02:51:12,437 INFO o.a.j.t.JMeterThread: Thread finished: Search arrivals 2-10
2026-10-07 02:51:12,576 INFO o.a.j.t.JMeterThread: Thread started: POST arrivals 1-59
2026-10-07 02:51:12,596 INFO o.a.j.t.JMeterThread: Thread started: Search arrivals 2-12
2026-10-07 02:51:13,521 INFO o.a.j.t.JMeterThread: Thread is done: POST arrivals 1-56
2026-10-07 02:51:13,521 INFO o.a.j.t.JMeterThread: Thread finished: POST arrivals 1-56
2026-10-07 02:51:13,613 INFO o.a.j.t.JMeterThread: Thread started: POST arrivals 1-60
2026-10-07 02:51:15,091 INFO o.a.j.t.JMeterThread: Thread is done: POST arrivals 1-57
2026-10-07 02:51:15,091 INFO o.a.j.t.JMeterThread: Thread finished: POST arrivals 1-57
2026-10-07 02:51:15,109 INFO o.a.j.t.JMeterThread: Thread is done: Search arrivals 2-11
2026-10-07 02:51:15,110 INFO o.a.j.t.JMeterThread: Thread finished: Search arrivals 2-11
2026-10-07 02:51:16,878 INFO o.a.j.t.JMeterThread: Thread started: Search arrivals 2-13
2026-10-07 02:51:17,686 INFO o.a.j.t.JMeterThread: Thread is done: POST arrivals 1-58
2026-10-07 02:51:17,686 INFO o.a.j.t.JMeterThread: Thread finished: POST arrivals 1-58
2026-10-07 02:51:17,855 INFO o.a.j.t.JMeterThread: Thread started: POST arrivals 1-61
2026-10-07 02:51:17,908 INFO o.a.j.t.JMeterThread: Thread started: POST arrivals 1-62
2026-10-07 02:51:18,629 INFO o.a.j.t.JMeterThread: Thread is done: POST arrivals 1-59
2026-10-07 02:51:18,630 INFO o.a.j.t.JMeterThread: Thread finished: POST arrivals 1-59
2026-10-07 02:51:18,647 INFO o.a.j.t.JMeterThread: Thread is done: Search arrivals 2-12
2026-10-07 02:51:18,647 INFO o.a.j.t.JMeterThread: Thread finished: Search arrivals 2-12
2026-10-07 02:51:19,223 INFO o.a.j.t.JMeterThread: Thread started: POST arrivals 1-63
2026-10-07 02:51:19,630 INFO o.a.j.t.JMeterThread: Thread is done: POST arrivals 1-60
2026-10-07 02:51:19,630 INFO o.a.j.t.JMeterThread: Thread finished: POST arrivals 1-60
2026-10-07 02:51:19,646 INFO o.a.j.t.JMeterThread: Thread is done: Search arrivals 2-13
2026-10-07 02:51:19,646 INFO o.a.j.t.JMeterThread: Thread finished: Search arrivals 2-13
2026-10-07 02:51:21,261 INFO o.a.j.t.JMeterThread: Thread is done: POST arrivals 1-61
2026-10-07 02:51:21,261 INFO o.a.j.t.JMeterThread: Thread finished: POST arrivals 1-61
2026-10-07 02:51:21,442 INFO o.a.j.t.JMeterThread: Thread started: POST arrivals 1-64
2026-10-07 02:51:23,827 INFO o.a.j.t.JMeterThread: Thread started: POST arrivals 1-65
2026-10-07 02:51:24,063 INFO o.a.j.t.JMeterThread: Thread is done: POST arrivals 1-62
2026-10-07 02:51:24,063 INFO o.a.j.t.JMeterThread: Thread finished: POST arrivals 1-62
2026-10-07 02:51:24,372 INFO o.a.j.t.JMeterThread: Thread started: POST arrivals 1-66
2026-10-07 02:51:26,016 INFO o.a.j.t.JMeterThread: Thread is done: POST arrivals 1-63
2026-10-07 02:51:26,016 INFO o.a.j.t.JMeterThread: Thread finished: POST arrivals 1-63
2026-10-07 02:51:27,261 INFO o.a.j.t.JMeterThread: Thread is done: POST arrivals 1-64
2026-10-07 02:51:27,261 INFO o.a.j.t.JMeterThread: Thread finished: POST arrivals 1-64
2026-10-07 02:51:27,895 INFO o.a.j.t.JMeterThread: Thread started: POST arrivals 1-67
2026-10-07 02:51:28,405 INFO o.a.j.t.JMeterThread: Thread started: Stats arrivals 3-3
2026-10-07 02:51:28,642 INFO o.a.j.t.JMeterThread: Thread is done: POST arrivals 1-65
2026-10-07 02:51:28,642 INFO o.a.j.t.JMeterThread: Thread finished: POST arrivals 1-65
2026-10-07 02:51:28,960 INFO o.a.j.t.JMeterThread: Thread started: Search arrivals 2-14
2026-10-07 02:51:29,669 INFO o.a.j.t.JMeterThread: Thread is done: POST arrivals 1-66
2026-10-07 02:51:29,669 INFO o.a.j.t.JMeterThread: Thread finished: POST arrivals 1-66
2026-10-07 02:51:30,004 INFO o.a.j.t.JMeterThread: Thread started: Search arrivals 2-15
2026-10-07 02:51:31,744 INFO o.a.j.r.Summariser: summary +     28 in 00:00:31 =    0.9/s Avg: 12844 Min:  2766 Max: 25590 Err:     0 (0.00%) Active: 4 Started: 85 Finished: 81
2026-10-07 02:51:31,746 INFO o.a.j.r.Summariser: summary =     82 in 00:02:08 =    0.6/s Avg: 14041 Min:  2766 Max: 26485 Err:     0 (0.00%)
2026-10-07 02:51:31,747 INFO o.a.j.t.JMeterThread: Thread is done: POST arrivals 1-67
2026-10-07 02:51:31,747 INFO o.a.j.t.JMeterThread: Thread finished: POST arrivals 1-67
2026-10-07 02:51:31,759 INFO o.a.j.t.JMeterThread: Thread is done: Stats arrivals 3-3
2026-10-07 02:51:31,759 INFO o.a.j.t.JMeterThread: Thread finished: Stats arrivals 3-3
2026-10-07 02:51:31,780 INFO o.a.j.t.JMeterThread: Thread is done: Search arrivals 2-14
2026-10-07 02:51:31,781 INFO o.a.j.t.JMeterThread: Thread finished: Search arrivals 2-14
2026-10-07 02:51:31,798 INFO o.a.j.t.JMeterThread: Thread is done: Search arrivals 2-15
2026-10-07 02:51:31,798 INFO o.a.j.t.JMeterThread: Thread finished: Search arrivals 2-15
2026-10-07 02:51:32,065 INFO o.a.j.t.JMeterThread: Thread started: POST arrivals 1-68
2026-10-07 02:51:32,591 INFO o.a.j.t.JMeterThread: Thread started: Search arrivals 2-16
2026-10-07 02:51:33,741 INFO o.a.j.t.JMeterThread: Thread is done: POST arrivals 1-68
2026-10-07 02:51:33,742 INFO o.a.j.t.JMeterThread: Thread finished: POST arrivals 1-68
2026-10-07 02:51:33,762 INFO o.a.j.t.JMeterThread: Thread is done: Search arrivals 2-16
2026-10-07 02:51:33,762 INFO o.a.j.t.JMeterThread: Thread finished: Search arrivals 2-16
2026-10-07 02:51:34,121 INFO o.a.j.t.JMeterThread: Thread started: POST arrivals 1-69
2026-10-07 02:51:35,664 INFO o.a.j.t.JMeterThread: Thread is done: POST arrivals 1-69
2026-10-07 02:51:35,664 INFO o.a.j.t.JMeterThread: Thread finished: POST arrivals 1-69
2026-10-07 02:51:39,742 INFO o.a.j.t.JMeterThread: Thread started: POST arrivals 1-70
2026-10-07 02:51:40,682 INFO o.a.j.t.JMeterThread: Thread started: POST arrivals 1-71
2026-10-07 02:51:40,751 INFO o.a.j.t.JMeterThread: Thread started: POST arrivals 1-72
2026-10-07 02:51:41,120 INFO o.a.j.t.JMeterThread: Thread is done: POST arrivals 1-70
2026-10-07 02:51:41,120 INFO o.a.j.t.JMeterThread: Thread finished: POST arrivals 1-70
2026-10-07 02:51:42,475 INFO o.a.j.t.JMeterThread: Thread is done: POST arrivals 1-71
2026-10-07 02:51:42,475 INFO o.a.j.t.JMeterThread: Thread finished: POST arrivals 1-71
2026-10-07 02:51:43,464 INFO o.a.j.t.JMeterThread: Thread started: POST arrivals 1-73
2026-10-07 02:51:44,013 INFO o.a.j.t.JMeterThread: Thread is done: POST arrivals 1-72
2026-10-07 02:51:44,013 INFO o.a.j.t.JMeterThread: Thread finished: POST arrivals 1-72
2026-10-07 02:51:45,145 INFO o.a.j.t.JMeterThread: Thread is done: POST arrivals 1-73
2026-10-07 02:51:45,145 INFO o.a.j.t.JMeterThread: Thread finished: POST arrivals 1-73
2026-10-07 02:51:45,874 INFO o.a.j.t.JMeterThread: Thread started: Search arrivals 2-17
2026-10-07 02:51:45,903 INFO o.a.j.t.JMeterThread: Thread is done: Search arrivals 2-17
2026-10-07 02:51:45,904 INFO o.a.j.t.JMeterThread: Thread finished: Search arrivals 2-17
2026-10-07 02:51:46,822 INFO o.a.j.t.JMeterThread: Thread started: POST arrivals 1-74
2026-10-07 02:51:47,269 INFO o.a.j.t.JMeterThread: Thread started: Stats arrivals 3-4
2026-10-07 02:51:49,277 INFO o.a.j.t.JMeterThread: Thread is done: POST arrivals 1-74
2026-10-07 02:51:49,277 INFO o.a.j.t.JMeterThread: Thread finished: POST arrivals 1-74
2026-10-07 02:51:49,293 INFO o.a.j.t.JMeterThread: Thread is done: Stats arrivals 3-4
2026-10-07 02:51:49,293 INFO o.a.j.t.JMeterThread: Thread finished: Stats arrivals 3-4
2026-10-07 02:51:50,863 INFO o.a.j.t.JMeterThread: Thread started: POST arrivals 1-75
2026-10-07 02:51:52,020 INFO o.a.j.t.JMeterThread: Thread is done: POST arrivals 1-75
2026-10-07 02:51:52,021 INFO o.a.j.t.JMeterThread: Thread finished: POST arrivals 1-75
2026-10-07 02:51:53,198 INFO o.a.j.t.JMeterThread: Thread started: Stats arrivals 3-5
2026-10-07 02:51:53,220 INFO o.a.j.t.JMeterThread: Thread is done: Stats arrivals 3-5
2026-10-07 02:51:53,220 INFO o.a.j.t.JMeterThread: Thread finished: Stats arrivals 3-5
2026-10-07 02:51:56,581 INFO o.a.j.t.JMeterThread: Thread started: Search arrivals 2-18
2026-10-07 02:51:56,605 INFO o.a.j.t.JMeterThread: Thread is done: Search arrivals 2-18
2026-10-07 02:51:56,612 INFO o.a.j.t.JMeterThread: Thread finished: Search arrivals 2-18
2026-10-07 02:51:58,228 INFO o.a.j.t.JMeterThread: Thread started: POST arrivals 1-76
2026-10-07 02:51:59,700 INFO o.a.j.t.JMeterThread: Thread started: POST arrivals 1-77
2026-10-07 02:51:59,771 INFO o.a.j.t.JMeterThread: Thread started: POST arrivals 1-78
2026-10-07 02:51:59,967 INFO o.a.j.t.JMeterThread: Thread is done: POST arrivals 1-76
2026-10-07 02:51:59,967 INFO o.a.j.t.JMeterThread: Thread finished: POST arrivals 1-76
2026-10-07 02:52:00,189 INFO o.a.j.t.JMeterThread: Thread started: Search arrivals 2-19
2026-10-07 02:52:02,506 INFO o.a.j.t.JMeterThread: Thread started: Search arrivals 2-20
2026-10-07 02:52:03,669 INFO o.a.j.r.Summariser: summary +     18 in 00:00:32 =    0.6/s Avg:  1767 Min:    19 Max:  3964 Err:     0 (0.00%) Active: 4 Started: 103 Finished: 99
2026-10-07 02:52:03,671 INFO o.a.j.r.Summariser: summary =    100 in 00:02:40 =    0.6/s Avg: 11831 Min:    19 Max: 26485 Err:     0 (0.00%)
2026-10-07 02:52:03,671 INFO o.a.j.t.JMeterThread: Thread is done: POST arrivals 1-77
2026-10-07 02:52:03,671 INFO o.a.j.t.JMeterThread: Thread finished: POST arrivals 1-77
2026-10-07 02:52:03,826 INFO o.a.j.t.JMeterThread: Thread started: Search arrivals 2-21
2026-10-07 02:52:05,633 INFO o.a.j.t.JMeterThread: Thread started: POST arrivals 1-79
2026-10-07 02:52:06,279 INFO o.a.j.t.JMeterThread: Thread is done: POST arrivals 1-78
2026-10-07 02:52:06,279 INFO o.a.j.t.JMeterThread: Thread finished: POST arrivals 1-78
2026-10-07 02:52:06,297 INFO o.a.j.t.JMeterThread: Thread is done: Search arrivals 2-19
2026-10-07 02:52:06,299 INFO o.a.j.t.JMeterThread: Thread finished: Search arrivals 2-19
2026-10-07 02:52:06,317 INFO o.a.j.t.JMeterThread: Thread is done: Search arrivals 2-20
2026-10-07 02:52:06,317 INFO o.a.j.t.JMeterThread: Thread finished: Search arrivals 2-20
2026-10-07 02:52:06,337 INFO o.a.j.t.JMeterThread: Thread is done: Search arrivals 2-21
2026-10-07 02:52:06,337 INFO o.a.j.t.JMeterThread: Thread finished: Search arrivals 2-21
2026-10-07 02:52:06,943 INFO o.a.j.t.JMeterThread: Thread started: POST arrivals 1-80
2026-10-07 02:52:07,077 INFO o.a.j.t.JMeterThread: Thread is done: POST arrivals 1-79
2026-10-07 02:52:07,077 INFO o.a.j.t.JMeterThread: Thread finished: POST arrivals 1-79
2026-10-07 02:52:08,406 INFO o.a.j.t.JMeterThread: Thread started: POST arrivals 1-81
2026-10-07 02:52:08,429 INFO o.a.j.t.JMeterThread: Thread started: POST arrivals 1-82
2026-10-07 02:52:08,785 INFO o.a.j.t.JMeterThread: Thread is done: POST arrivals 1-80
2026-10-07 02:52:08,785 INFO o.a.j.t.JMeterThread: Thread finished: POST arrivals 1-80
2026-10-07 02:52:08,817 INFO o.a.j.t.JMeterThread: Thread started: Search arrivals 2-22
2026-10-07 02:52:09,544 INFO o.a.j.t.JMeterThread: Thread started: POST arrivals 1-83
2026-10-07 02:52:09,732 INFO o.a.j.t.JMeterThread: Thread started: POST arrivals 1-84
2026-10-07 02:52:10,601 INFO o.a.j.t.JMeterThread: Thread is done: POST arrivals 1-81
2026-10-07 02:52:10,601 INFO o.a.j.t.JMeterThread: Thread finished: POST arrivals 1-81
2026-10-07 02:52:12,135 INFO o.a.j.t.JMeterThread: Thread started: POST arrivals 1-85
2026-10-07 02:52:13,683 INFO o.a.j.t.JMeterThread: Thread is done: POST arrivals 1-82
2026-10-07 02:52:13,684 INFO o.a.j.t.JMeterThread: Thread finished: POST arrivals 1-82
2026-10-07 02:52:13,702 INFO o.a.j.t.JMeterThread: Thread is done: Search arrivals 2-22
2026-10-07 02:52:13,702 INFO o.a.j.t.JMeterThread: Thread finished: Search arrivals 2-22
2026-10-07 02:52:15,043 INFO o.a.j.t.JMeterThread: Thread started: POST arrivals 1-86
2026-10-07 02:52:16,878 INFO o.a.j.t.JMeterThread: Thread started: POST arrivals 1-87
2026-10-07 02:52:17,059 INFO o.a.j.t.JMeterThread: Thread is done: POST arrivals 1-83
2026-10-07 02:52:17,059 INFO o.a.j.t.JMeterThread: Thread finished: POST arrivals 1-83
2026-10-07 02:52:17,633 INFO o.a.j.t.JMeterThread: Thread started: Search arrivals 2-23
2026-10-07 02:52:19,968 INFO o.a.j.t.JMeterThread: Thread is done: POST arrivals 1-84
2026-10-07 02:52:19,968 INFO o.a.j.t.JMeterThread: Thread finished: POST arrivals 1-84
2026-10-07 02:52:20,707 INFO o.a.j.t.JMeterThread: Thread started: POST arrivals 1-88
2026-10-07 02:52:21,014 INFO o.a.j.t.JMeterThread: Thread started: POST arrivals 1-89
2026-10-07 02:52:21,659 INFO o.a.j.t.JMeterThread: Thread started: POST arrivals 1-90
2026-10-07 02:52:21,716 INFO o.a.j.t.JMeterThread: Thread started: POST arrivals 1-91
2026-10-07 02:52:23,728 INFO o.a.j.t.JMeterThread: Thread is done: POST arrivals 1-85
2026-10-07 02:52:23,728 INFO o.a.j.t.JMeterThread: Thread finished: POST arrivals 1-85
2026-10-07 02:52:24,278 INFO o.a.j.t.JMeterThread: Thread started: POST arrivals 1-92
2026-10-07 02:52:25,551 INFO o.a.j.t.JMeterThread: Thread is done: POST arrivals 1-86
2026-10-07 02:52:25,551 INFO o.a.j.t.JMeterThread: Thread finished: POST arrivals 1-86
2026-10-07 02:52:27,789 INFO o.a.j.t.JMeterThread: Thread is done: POST arrivals 1-87
2026-10-07 02:52:27,790 INFO o.a.j.t.JMeterThread: Thread finished: POST arrivals 1-87
2026-10-07 02:52:27,808 INFO o.a.j.t.JMeterThread: Thread is done: Search arrivals 2-23
2026-10-07 02:52:27,808 INFO o.a.j.t.JMeterThread: Thread finished: Search arrivals 2-23
2026-10-07 02:52:28,718 INFO o.a.j.t.JMeterThread: Thread is done: POST arrivals 1-88
2026-10-07 02:52:28,718 INFO o.a.j.t.JMeterThread: Thread finished: POST arrivals 1-88
2026-10-07 02:52:29,547 INFO o.a.j.t.JMeterThread: Thread started: POST arrivals 1-93
2026-10-07 02:52:30,050 INFO o.a.j.r.Summariser: summary +     17 in 00:00:26 =    0.6/s Avg:  6616 Min:  1441 Max: 11588 Err:     0 (0.00%) Active: 5 Started: 121 Finished: 116
2026-10-07 02:52:30,051 INFO o.a.j.r.Summariser: summary =    117 in 00:03:07 =    0.6/s Avg: 11074 Min:    19 Max: 26485 Err:     0 (0.00%)
2026-10-07 02:52:30,052 INFO o.a.j.t.JMeterThread: Thread is done: POST arrivals 1-89
2026-10-07 02:52:30,052 INFO o.a.j.t.JMeterThread: Thread finished: POST arrivals 1-89
2026-10-07 02:52:30,658 INFO o.a.j.t.JMeterThread: Thread started: Search arrivals 2-24
2026-10-07 02:52:31,033 INFO o.a.j.t.JMeterThread: Thread is done: POST arrivals 1-90
2026-10-07 02:52:31,033 INFO o.a.j.t.JMeterThread: Thread finished: POST arrivals 1-90
2026-10-07 02:52:31,089 INFO o.a.j.t.JMeterThread: Thread started: POST arrivals 1-94
2026-10-07 02:52:31,420 INFO o.a.j.t.JMeterThread: Thread started: Search arrivals 2-25
2026-10-07 02:52:32,235 INFO o.a.j.t.JMeterThread: Thread started: POST arrivals 1-95
2026-10-07 02:52:32,368 INFO o.a.j.t.JMeterThread: Thread started: POST arrivals 1-96
2026-10-07 02:52:33,055 INFO o.a.j.t.JMeterThread: Thread is done: POST arrivals 1-91
2026-10-07 02:52:33,055 INFO o.a.j.t.JMeterThread: Thread finished: POST arrivals 1-91
2026-10-07 02:52:34,588 INFO o.a.j.t.JMeterThread: Thread is done: POST arrivals 1-92
2026-10-07 02:52:34,588 INFO o.a.j.t.JMeterThread: Thread finished: POST arrivals 1-92
2026-10-07 02:52:34,767 INFO o.a.j.t.JMeterThread: Thread started: POST arrivals 1-97
2026-10-07 02:52:35,480 INFO o.a.j.t.JMeterThread: Thread is done: POST arrivals 1-93
2026-10-07 02:52:35,480 INFO o.a.j.t.JMeterThread: Thread finished: POST arrivals 1-93
2026-10-07 02:52:35,502 INFO o.a.j.t.JMeterThread: Thread is done: Search arrivals 2-24
2026-10-07 02:52:35,502 INFO o.a.j.t.JMeterThread: Thread finished: Search arrivals 2-24
2026-10-07 02:52:36,633 INFO o.a.j.t.JMeterThread: Thread started: POST arrivals 1-98
2026-10-07 02:52:36,874 INFO o.a.j.t.JMeterThread: Thread is done: POST arrivals 1-94
2026-10-07 02:52:36,874 INFO o.a.j.t.JMeterThread: Thread finished: POST arrivals 1-94
2026-10-07 02:52:36,903 INFO o.a.j.t.JMeterThread: Thread is done: Search arrivals 2-25
2026-10-07 02:52:36,903 INFO o.a.j.t.JMeterThread: Thread finished: Search arrivals 2-25
2026-10-07 02:52:37,531 INFO o.a.j.t.JMeterThread: Thread started: POST arrivals 1-99
2026-10-07 02:52:38,540 INFO o.a.j.t.JMeterThread: Thread is done: POST arrivals 1-95
2026-10-07 02:52:38,540 INFO o.a.j.t.JMeterThread: Thread finished: POST arrivals 1-95
2026-10-07 02:52:39,390 INFO o.a.j.t.JMeterThread: Thread started: Search arrivals 2-26
2026-10-07 02:52:39,832 INFO o.a.j.t.JMeterThread: Thread is done: POST arrivals 1-96
2026-10-07 02:52:39,832 INFO o.a.j.t.JMeterThread: Thread finished: POST arrivals 1-96
2026-10-07 02:52:40,116 INFO o.a.j.t.JMeterThread: Thread started: Search arrivals 2-27
2026-10-07 02:52:40,713 INFO o.a.j.t.JMeterThread: Thread is done: POST arrivals 1-97
2026-10-07 02:52:40,713 INFO o.a.j.t.JMeterThread: Thread finished: POST arrivals 1-97
2026-10-07 02:52:41,318 INFO o.a.j.t.JMeterThread: Thread started: POST arrivals 1-100
2026-10-07 02:52:41,771 INFO o.a.j.t.JMeterThread: Thread is done: POST arrivals 1-98
2026-10-07 02:52:41,771 INFO o.a.j.t.JMeterThread: Thread finished: POST arrivals 1-98
2026-10-07 02:52:42,086 INFO o.a.j.t.JMeterThread: Thread started: Stats arrivals 3-6
2026-10-07 02:52:42,856 INFO o.a.j.t.JMeterThread: Thread started: POST arrivals 1-101
2026-10-07 02:52:43,061 INFO o.a.j.t.JMeterThread: Thread started: POST arrivals 1-102
2026-10-07 02:52:44,897 INFO o.a.j.t.JMeterThread: Thread is done: POST arrivals 1-99
2026-10-07 02:52:44,897 INFO o.a.j.t.JMeterThread: Thread finished: POST arrivals 1-99
2026-10-07 02:52:44,921 INFO o.a.j.t.JMeterThread: Thread is done: Search arrivals 2-26
2026-10-07 02:52:44,921 INFO o.a.j.t.JMeterThread: Thread finished: Search arrivals 2-26
2026-10-07 02:52:44,946 INFO o.a.j.t.JMeterThread: Thread is done: Search arrivals 2-27
2026-10-07 02:52:44,946 INFO o.a.j.t.JMeterThread: Thread finished: Search arrivals 2-27
2026-10-07 02:52:46,137 INFO o.a.j.t.JMeterThread: Thread started: Search arrivals 2-28
2026-10-07 02:52:46,433 INFO o.a.j.t.JMeterThread: Thread is done: POST arrivals 1-100
2026-10-07 02:52:46,433 INFO o.a.j.t.JMeterThread: Thread finished: POST arrivals 1-100
2026-10-07 02:52:46,449 INFO o.a.j.t.JMeterThread: Thread is done: Stats arrivals 3-6
2026-10-07 02:52:46,450 INFO o.a.j.t.JMeterThread: Thread finished: Stats arrivals 3-6
2026-10-07 02:52:48,427 INFO o.a.j.t.JMeterThread: Thread is done: POST arrivals 1-101
2026-10-07 02:52:48,427 INFO o.a.j.t.JMeterThread: Thread finished: POST arrivals 1-101
2026-10-07 02:52:49,387 INFO o.a.j.t.JMeterThread: Thread started: POST arrivals 1-103
2026-10-07 02:52:49,504 INFO o.a.j.t.JMeterThread: Thread started: POST arrivals 1-104
2026-10-07 02:52:49,538 INFO o.a.j.t.JMeterThread: Thread is done: POST arrivals 1-102
2026-10-07 02:52:49,538 INFO o.a.j.t.JMeterThread: Thread finished: POST arrivals 1-102
2026-10-07 02:52:49,567 INFO o.a.j.t.JMeterThread: Thread is done: Search arrivals 2-28
2026-10-07 02:52:49,567 INFO o.a.j.t.JMeterThread: Thread finished: Search arrivals 2-28
2026-10-07 02:52:50,392 INFO o.a.j.t.JMeterThread: Thread started: POST arrivals 1-105
2026-10-07 02:52:50,949 INFO o.a.j.t.JMeterThread: Thread is done: POST arrivals 1-103
2026-10-07 02:52:50,950 INFO o.a.j.t.JMeterThread: Thread finished: POST arrivals 1-103
2026-10-07 02:52:52,858 INFO o.a.j.t.JMeterThread: Thread is done: POST arrivals 1-104
2026-10-07 02:52:52,858 INFO o.a.j.t.JMeterThread: Thread finished: POST arrivals 1-104
2026-10-07 02:52:55,222 INFO o.a.j.t.JMeterThread: Thread is done: POST arrivals 1-105
2026-10-07 02:52:55,222 INFO o.a.j.t.JMeterThread: Thread finished: POST arrivals 1-105
2026-10-07 02:52:55,727 INFO o.a.j.t.JMeterThread: Thread started: POST arrivals 1-106
2026-10-07 02:52:57,705 INFO o.a.j.t.JMeterThread: Thread is done: POST arrivals 1-106
2026-10-07 02:52:57,705 INFO o.a.j.t.JMeterThread: Thread finished: POST arrivals 1-106
2026-10-07 02:52:58,191 INFO o.a.j.t.JMeterThread: Thread started: POST arrivals 1-107
2026-10-07 02:52:58,953 INFO o.a.j.t.JMeterThread: Thread started: POST arrivals 1-108
2026-10-07 02:52:59,610 INFO o.a.j.t.JMeterThread: Thread is done: POST arrivals 1-107
2026-10-07 02:52:59,610 INFO o.a.j.t.JMeterThread: Thread finished: POST arrivals 1-107
2026-10-07 02:53:00,620 INFO o.a.j.t.JMeterThread: Thread started: POST arrivals 1-109
2026-10-07 02:53:01,656 INFO o.a.j.r.Summariser: summary +     25 in 00:00:32 =    0.8/s Avg:  5453 Min:  1414 Max: 11335 Err:     0 (0.00%) Active: 2 Started: 143 Finished: 141
2026-10-07 02:53:01,656 INFO o.a.j.r.Summariser: summary =    142 in 00:03:38 =    0.7/s Avg: 10084 Min:    19 Max: 26485 Err:     0 (0.00%)
2026-10-07 02:53:01,657 INFO o.a.j.t.JMeterThread: Thread is done: POST arrivals 1-108
2026-10-07 02:53:01,657 INFO o.a.j.t.JMeterThread: Thread finished: POST arrivals 1-108
2026-10-07 02:53:02,811 INFO o.a.j.t.JMeterThread: Thread started: POST arrivals 1-110
2026-10-07 02:53:03,629 INFO o.a.j.t.JMeterThread: Thread is done: POST arrivals 1-109
2026-10-07 02:53:03,629 INFO o.a.j.t.JMeterThread: Thread finished: POST arrivals 1-109
2026-10-07 02:53:05,126 INFO o.a.j.t.JMeterThread: Thread is done: POST arrivals 1-110
2026-10-07 02:53:05,127 INFO o.a.j.t.JMeterThread: Thread finished: POST arrivals 1-110
2026-10-07 02:53:06,042 INFO o.a.j.t.JMeterThread: Thread started: Search arrivals 2-29
2026-10-07 02:53:06,072 INFO o.a.j.t.JMeterThread: Thread is done: Search arrivals 2-29
2026-10-07 02:53:06,072 INFO o.a.j.t.JMeterThread: Thread finished: Search arrivals 2-29
2026-10-07 02:53:07,229 INFO o.a.j.t.JMeterThread: Thread started: POST arrivals 1-111
2026-10-07 02:53:07,358 INFO o.a.j.t.JMeterThread: Thread started: POST arrivals 1-112
2026-10-07 02:53:07,657 INFO o.a.j.t.JMeterThread: Thread started: Search arrivals 2-30
2026-10-07 02:53:07,795 INFO o.a.j.t.JMeterThread: Thread started: POST arrivals 1-113
2026-10-07 02:53:08,566 INFO o.a.j.t.JMeterThread: Thread started: POST arrivals 1-114
2026-10-07 02:53:09,018 INFO o.a.j.t.JMeterThread: Thread is done: POST arrivals 1-111
2026-10-07 02:53:09,019 INFO o.a.j.t.JMeterThread: Thread finished: POST arrivals 1-111
2026-10-07 02:53:11,414 INFO o.a.j.t.JMeterThread: Thread started: POST arrivals 1-115
2026-10-07 02:53:11,754 INFO o.a.j.t.JMeterThread: Thread started: POST arrivals 1-116
2026-10-07 02:53:12,022 INFO o.a.j.t.JMeterThread: Thread is done: POST arrivals 1-112
2026-10-07 02:53:12,022 INFO o.a.j.t.JMeterThread: Thread finished: POST arrivals 1-112
2026-10-07 02:53:12,044 INFO o.a.j.t.JMeterThread: Thread is done: Search arrivals 2-30
2026-10-07 02:53:12,044 INFO o.a.j.t.JMeterThread: Thread finished: Search arrivals 2-30
2026-10-07 02:53:12,943 INFO o.a.j.t.JMeterThread: Thread is done: POST arrivals 1-113
2026-10-07 02:53:12,943 INFO o.a.j.t.JMeterThread: Thread finished: POST arrivals 1-113
2026-10-07 02:53:13,225 INFO o.a.j.t.JMeterThread: Thread started: Search arrivals 2-31
2026-10-07 02:53:13,393 INFO o.a.j.t.JMeterThread: Thread started: POST arrivals 1-117
2026-10-07 02:53:13,666 INFO o.a.j.t.JMeterThread: Thread started: Search arrivals 2-32
2026-10-07 02:53:14,570 INFO o.a.j.t.JMeterThread: Thread is done: POST arrivals 1-114
2026-10-07 02:53:14,570 INFO o.a.j.t.JMeterThread: Thread finished: POST arrivals 1-114
2026-10-07 02:53:15,007 INFO o.a.j.t.JMeterThread: Thread started: POST arrivals 1-118
2026-10-07 02:53:15,431 INFO o.a.j.t.JMeterThread: Thread started: Search arrivals 2-33
2026-10-07 02:53:15,787 INFO o.a.j.t.JMeterThread: Thread is done: POST arrivals 1-115
2026-10-07 02:53:15,787 INFO o.a.j.t.JMeterThread: Thread finished: POST arrivals 1-115
2026-10-07 02:53:16,402 INFO o.a.j.t.JMeterThread: Thread started: POST arrivals 1-119
2026-10-07 02:53:16,653 INFO o.a.j.t.JMeterThread: Thread started: POST arrivals 1-120
2026-10-07 02:53:19,344 INFO o.a.j.t.JMeterThread: Thread is done: POST arrivals 1-116
2026-10-07 02:53:19,344 INFO o.a.j.t.JMeterThread: Thread finished: POST arrivals 1-116
2026-10-07 02:53:19,370 INFO o.a.j.t.JMeterThread: Thread is done: Search arrivals 2-31
2026-10-07 02:53:19,370 INFO o.a.j.t.JMeterThread: Thread finished: Search arrivals 2-31
2026-10-07 02:53:20,977 INFO o.a.j.t.JMeterThread: Thread is done: POST arrivals 1-117
2026-10-07 02:53:20,977 INFO o.a.j.t.JMeterThread: Thread finished: POST arrivals 1-117
2026-10-07 02:53:21,006 INFO o.a.j.t.JMeterThread: Thread is done: Search arrivals 2-32
2026-10-07 02:53:21,007 INFO o.a.j.t.JMeterThread: Thread finished: Search arrivals 2-32
2026-10-07 02:53:21,162 INFO o.a.j.t.JMeterThread: Thread started: POST arrivals 1-121
2026-10-07 02:53:21,464 INFO o.a.j.t.JMeterThread: Thread started: POST arrivals 1-122
2026-10-07 02:53:21,483 INFO o.a.j.t.JMeterThread: Thread started: POST arrivals 1-123
2026-10-07 02:53:23,330 INFO o.a.j.t.JMeterThread: Thread started: POST arrivals 1-124
2026-10-07 02:53:24,270 INFO o.a.j.t.JMeterThread: Thread started: POST arrivals 1-125
2026-10-07 02:53:24,428 INFO o.a.j.t.JMeterThread: Thread is done: POST arrivals 1-118
2026-10-07 02:53:24,428 INFO o.a.j.t.JMeterThread: Thread finished: POST arrivals 1-118
2026-10-07 02:53:24,454 INFO o.a.j.t.JMeterThread: Thread is done: Search arrivals 2-33
2026-10-07 02:53:24,454 INFO o.a.j.t.JMeterThread: Thread finished: Search arrivals 2-33
2026-10-07 02:53:24,492 INFO o.a.j.t.JMeterThread: Thread started: POST arrivals 1-126
2026-10-07 02:53:24,976 INFO o.a.j.t.JMeterThread: Thread started: POST arrivals 1-127
2026-10-07 02:53:24,979 INFO o.a.j.t.JMeterThread: Thread started: POST arrivals 1-128
2026-10-07 02:53:26,427 INFO o.a.j.t.JMeterThread: Thread is done: POST arrivals 1-119
2026-10-07 02:53:26,427 INFO o.a.j.t.JMeterThread: Thread finished: POST arrivals 1-119
2026-10-07 02:53:29,224 INFO o.a.j.t.JMeterThread: Thread is done: POST arrivals 1-120
2026-10-07 02:53:29,224 INFO o.a.j.t.JMeterThread: Thread finished: POST arrivals 1-120
2026-10-07 02:53:29,793 INFO o.a.j.t.JMeterThread: Thread started: Search arrivals 2-34
2026-10-07 02:53:29,945 INFO o.a.j.t.JMeterThread: Thread started: POST arrivals 1-129
2026-10-07 02:53:31,133 INFO o.a.j.t.JMeterThread: Thread started: POST arrivals 1-130
2026-10-07 02:53:32,797 INFO o.a.j.r.Summariser: summary +     18 in 00:00:31 =    0.6/s Avg:  6277 Min:    28 Max: 12569 Err:     0 (0.00%) Active: 11 Started: 170 Finished: 159
2026-10-07 02:53:32,799 INFO o.a.j.r.Summariser: summary =    160 in 00:04:09 =    0.6/s Avg:  9656 Min:    19 Max: 26485 Err:     0 (0.00%)
2026-10-07 02:53:32,799 INFO o.a.j.t.JMeterThread: Thread is done: POST arrivals 1-121
2026-10-07 02:53:32,799 INFO o.a.j.t.JMeterThread: Thread finished: POST arrivals 1-121
2026-10-07 02:53:33,789 INFO o.a.j.t.JMeterThread: Thread started: POST arrivals 1-131
2026-10-07 02:53:35,513 INFO o.a.j.t.JMeterThread: Thread is done: POST arrivals 1-122
2026-10-07 02:53:35,513 INFO o.a.j.t.JMeterThread: Thread finished: POST arrivals 1-122
2026-10-07 02:53:35,712 INFO o.a.j.t.JMeterThread: Thread started: Search arrivals 2-35
2026-10-07 02:53:36,294 INFO o.a.j.t.JMeterThread: Thread started: POST arrivals 1-132
2026-10-07 02:53:37,023 INFO o.a.j.t.JMeterThread: Thread started: POST arrivals 1-133
2026-10-07 02:53:37,629 INFO o.a.j.t.JMeterThread: Thread started: POST arrivals 1-134
2026-10-07 02:53:38,574 INFO o.a.j.t.JMeterThread: Thread is done: POST arrivals 1-123
2026-10-07 02:53:38,574 INFO o.a.j.t.JMeterThread: Thread finished: POST arrivals 1-123
2026-10-07 02:53:39,353 INFO o.a.j.t.JMeterThread: Thread started: POST arrivals 1-135
2026-10-07 02:53:40,370 INFO o.a.j.t.JMeterThread: Thread started: POST arrivals 1-136
2026-10-07 02:53:40,782 INFO o.a.j.t.JMeterThread: Thread started: POST arrivals 1-137
2026-10-07 02:53:41,735 INFO o.a.j.t.JMeterThread: Thread is done: POST arrivals 1-124
2026-10-07 02:53:41,735 INFO o.a.j.t.JMeterThread: Thread finished: POST arrivals 1-124
2026-10-07 02:53:43,001 INFO o.a.j.t.JMeterThread: Thread is done: POST arrivals 1-125
2026-10-07 02:53:43,001 INFO o.a.j.t.JMeterThread: Thread finished: POST arrivals 1-125
2026-10-07 02:53:43,628 INFO o.a.j.t.JMeterThread: Thread started: Stats arrivals 3-7
2026-10-07 02:53:43,927 INFO o.a.j.t.JMeterThread: Thread started: POST arrivals 1-138
2026-10-07 02:53:44,128 INFO o.a.j.t.JMeterThread: Thread is done: POST arrivals 1-126
2026-10-07 02:53:44,128 INFO o.a.j.t.JMeterThread: Thread finished: POST arrivals 1-126
2026-10-07 02:53:45,433 INFO o.a.j.t.JMeterThread: Thread started: POST arrivals 1-139
2026-10-07 02:53:46,067 INFO o.a.j.t.JMeterThread: Thread started: POST arrivals 1-140
2026-10-07 02:53:46,514 INFO o.a.j.t.JMeterThread: Thread is done: POST arrivals 1-127
2026-10-07 02:53:46,514 INFO o.a.j.t.JMeterThread: Thread finished: POST arrivals 1-127
2026-10-07 02:53:46,628 INFO o.a.j.t.JMeterThread: Thread started: Search arrivals 2-36
2026-10-07 02:53:47,675 INFO o.a.j.t.JMeterThread: Thread started: POST arrivals 1-141
2026-10-07 02:53:48,158 INFO o.a.j.t.JMeterThread: Thread is done: POST arrivals 1-128
2026-10-07 02:53:48,158 INFO o.a.j.t.JMeterThread: Thread finished: POST arrivals 1-128
2026-10-07 02:53:48,180 INFO o.a.j.t.JMeterThread: Thread is done: Search arrivals 2-34
2026-10-07 02:53:48,180 INFO o.a.j.t.JMeterThread: Thread finished: Search arrivals 2-34
2026-10-07 02:53:49,342 INFO o.a.j.t.JMeterThread: Thread is done: POST arrivals 1-129
2026-10-07 02:53:49,343 INFO o.a.j.t.JMeterThread: Thread finished: POST arrivals 1-129
2026-10-07 02:53:49,515 INFO o.a.j.t.JMeterThread: Thread started: POST arrivals 1-142
2026-10-07 02:53:50,144 INFO o.a.j.t.JMeterThread: Thread started: POST arrivals 1-143
2026-10-07 02:53:50,464 INFO o.a.j.t.JMeterThread: Thread started: POST arrivals 1-144
2026-10-07 02:53:50,481 INFO o.a.j.t.JMeterThread: Thread is done: POST arrivals 1-130
2026-10-07 02:53:50,481 INFO o.a.j.t.JMeterThread: Thread finished: POST arrivals 1-130
2026-10-07 02:53:51,626 INFO o.a.j.t.JMeterThread: Thread started: POST arrivals 1-145
2026-10-07 02:53:53,035 INFO o.a.j.t.JMeterThread: Thread is done: POST arrivals 1-131
2026-10-07 02:53:53,035 INFO o.a.j.t.JMeterThread: Thread finished: POST arrivals 1-131
2026-10-07 02:53:53,061 INFO o.a.j.t.JMeterThread: Thread is done: Search arrivals 2-35
2026-10-07 02:53:53,061 INFO o.a.j.t.JMeterThread: Thread finished: Search arrivals 2-35
2026-10-07 02:53:56,167 INFO o.a.j.t.JMeterThread: Thread started: POST arrivals 1-146
2026-10-07 02:53:56,200 INFO o.a.j.t.JMeterThread: Thread started: POST arrivals 1-147
2026-10-07 02:53:56,584 INFO o.a.j.t.JMeterThread: Thread is done: POST arrivals 1-132
2026-10-07 02:53:56,584 INFO o.a.j.t.JMeterThread: Thread finished: POST arrivals 1-132
2026-10-07 02:53:57,486 INFO o.a.j.t.JMeterThread: Thread is done: POST arrivals 1-133
2026-10-07 02:53:57,486 INFO o.a.j.t.JMeterThread: Thread finished: POST arrivals 1-133
2026-10-07 02:53:57,891 INFO o.a.j.t.JMeterThread: Thread started: POST arrivals 1-148
2026-10-07 02:53:58,721 INFO o.a.j.t.JMeterThread: Thread started: Search arrivals 2-37
2026-10-07 02:53:59,741 INFO o.a.j.t.JMeterThread: Thread started: POST arrivals 1-149
2026-10-07 02:54:01,764 INFO o.a.j.r.Summariser: summary +     15 in 00:00:29 =    0.5/s Avg: 19413 Min: 14048 Max: 24134 Err:     0 (0.00%) Active: 19 Started: 193 Finished: 174
2026-10-07 02:54:01,765 INFO o.a.j.r.Summariser: summary =    175 in 00:04:38 =    0.6/s Avg: 10492 Min:    19 Max: 26485 Err:     0 (0.00%)
2026-10-07 02:54:01,765 INFO o.a.j.t.JMeterThread: Thread is done: POST arrivals 1-134
2026-10-07 02:54:01,765 INFO o.a.j.t.JMeterThread: Thread finished: POST arrivals 1-134
2026-10-07 02:54:02,424 INFO o.a.j.t.JMeterThread: Thread started: POST arrivals 1-150
2026-10-07 02:54:03,422 INFO o.a.j.t.JMeterThread: Thread is done: POST arrivals 1-135
2026-10-07 02:54:03,422 INFO o.a.j.t.JMeterThread: Thread finished: POST arrivals 1-135
2026-10-07 02:54:03,909 INFO o.a.j.t.JMeterThread: Thread started: Search arrivals 2-38
2026-10-07 02:54:04,794 INFO o.a.j.t.JMeterThread: Thread is done: POST arrivals 1-136
2026-10-07 02:54:04,794 INFO o.a.j.t.JMeterThread: Thread finished: POST arrivals 1-136
2026-10-07 02:54:05,077 INFO o.a.j.t.JMeterThread: Thread started: Search arrivals 2-39
2026-10-07 02:54:05,607 INFO o.a.j.t.JMeterThread: Thread is done: POST arrivals 1-137
2026-10-07 02:54:05,607 INFO o.a.j.t.JMeterThread: Thread finished: POST arrivals 1-137
2026-10-07 02:54:05,625 INFO o.a.j.t.JMeterThread: Thread is done: Stats arrivals 3-7
2026-10-07 02:54:05,625 INFO o.a.j.t.JMeterThread: Thread finished: Stats arrivals 3-7
2026-10-07 02:54:06,366 INFO o.a.j.t.JMeterThread: Thread started: Stats arrivals 3-8
2026-10-07 02:54:06,657 INFO o.a.j.t.JMeterThread: Thread started: POST arrivals 1-151
2026-10-07 02:54:07,107 INFO o.a.j.t.JMeterThread: Thread started: Stats arrivals 3-9
2026-10-07 02:54:07,604 INFO o.a.j.t.JMeterThread: Thread started: POST arrivals 1-152
2026-10-07 02:54:08,512 INFO o.a.j.t.JMeterThread: Thread is done: POST arrivals 1-138
2026-10-07 02:54:08,512 INFO o.a.j.t.JMeterThread: Thread finished: POST arrivals 1-138
2026-10-07 02:54:09,540 INFO o.a.j.t.JMeterThread: Thread is done: POST arrivals 1-139
2026-10-07 02:54:09,540 INFO o.a.j.t.JMeterThread: Thread finished: POST arrivals 1-139
2026-10-07 02:54:10,327 INFO o.a.j.t.JMeterThread: Thread started: POST arrivals 1-153
2026-10-07 02:54:10,459 INFO o.a.j.t.JMeterThread: Thread started: POST arrivals 1-154
2026-10-07 02:54:11,427 INFO o.a.j.t.JMeterThread: Thread started: Search arrivals 2-40
2026-10-07 02:54:12,510 INFO o.a.j.t.JMeterThread: Thread started: POST arrivals 1-155
2026-10-07 02:54:12,777 INFO o.a.j.t.JMeterThread: Thread is done: POST arrivals 1-140
2026-10-07 02:54:12,777 INFO o.a.j.t.JMeterThread: Thread finished: POST arrivals 1-140
2026-10-07 02:54:12,799 INFO o.a.j.t.JMeterThread: Thread is done: Search arrivals 2-36
2026-10-07 02:54:12,799 INFO o.a.j.t.JMeterThread: Thread finished: Search arrivals 2-36
2026-10-07 02:54:12,951 INFO o.a.j.t.JMeterThread: Thread started: POST arrivals 1-156
2026-10-07 02:54:14,503 INFO o.a.j.t.JMeterThread: Thread is done: POST arrivals 1-141
2026-10-07 02:54:14,504 INFO o.a.j.t.JMeterThread: Thread finished: POST arrivals 1-141
2026-10-07 02:54:15,318 INFO o.a.j.t.JMeterThread: Thread started: POST arrivals 1-157
2026-10-07 02:54:15,640 INFO o.a.j.t.JMeterThread: Thread is done: POST arrivals 1-142
2026-10-07 02:54:15,640 INFO o.a.j.t.JMeterThread: Thread finished: POST arrivals 1-142
2026-10-07 02:54:16,564 INFO o.a.j.t.JMeterThread: Thread is done: POST arrivals 1-143
2026-10-07 02:54:16,564 INFO o.a.j.t.JMeterThread: Thread finished: POST arrivals 1-143
2026-10-07 02:54:17,380 INFO o.a.j.t.JMeterThread: Thread started: POST arrivals 1-158
2026-10-07 02:54:17,686 INFO o.a.j.t.JMeterThread: Thread is done: POST arrivals 1-144
2026-10-07 02:54:17,686 INFO o.a.j.t.JMeterThread: Thread finished: POST arrivals 1-144
2026-10-07 02:54:18,388 INFO o.a.j.t.JMeterThread: Thread started: POST arrivals 1-159
2026-10-07 02:54:18,609 INFO o.a.j.t.JMeterThread: Thread started: POST arrivals 1-160
2026-10-07 02:54:18,682 INFO o.a.j.t.JMeterThread: Thread started: POST arrivals 1-161
2026-10-07 02:54:18,829 INFO o.a.j.t.JMeterThread: Thread is done: POST arrivals 1-145
2026-10-07 02:54:18,830 INFO o.a.j.t.JMeterThread: Thread finished: POST arrivals 1-145
2026-10-07 02:54:19,257 INFO o.a.j.t.JMeterThread: Thread started: POST arrivals 1-162
2026-10-07 02:54:19,728 INFO o.a.j.t.JMeterThread: Thread is done: POST arrivals 1-146
2026-10-07 02:54:19,728 INFO o.a.j.t.JMeterThread: Thread finished: POST arrivals 1-146
2026-10-07 02:54:21,316 INFO o.a.j.t.JMeterThread: Thread is done: POST arrivals 1-147
2026-10-07 02:54:21,316 INFO o.a.j.t.JMeterThread: Thread finished: POST arrivals 1-147
2026-10-07 02:54:22,062 INFO o.a.j.t.JMeterThread: Thread is done: POST arrivals 1-148
2026-10-07 02:54:22,062 INFO o.a.j.t.JMeterThread: Thread finished: POST arrivals 1-148
2026-10-07 02:54:22,087 INFO o.a.j.t.JMeterThread: Thread is done: Search arrivals 2-37
2026-10-07 02:54:22,088 INFO o.a.j.t.JMeterThread: Thread finished: Search arrivals 2-37
2026-10-07 02:54:22,326 INFO o.a.j.t.JMeterThread: Thread started: Search arrivals 2-41
2026-10-07 02:54:22,871 INFO o.a.j.t.JMeterThread: Thread started: POST arrivals 1-163
2026-10-07 02:54:22,938 INFO o.a.j.t.JMeterThread: Thread is done: POST arrivals 1-149
2026-10-07 02:54:22,938 INFO o.a.j.t.JMeterThread: Thread finished: POST arrivals 1-149
2026-10-07 02:54:23,376 INFO o.a.j.t.JMeterThread: Thread started: POST arrivals 1-164
2026-10-07 02:54:24,421 INFO o.a.j.t.JMeterThread: Thread is done: POST arrivals 1-150
2026-10-07 02:54:24,421 INFO o.a.j.t.JMeterThread: Thread finished: POST arrivals 1-150
2026-10-07 02:54:24,442 INFO o.a.j.t.JMeterThread: Thread is done: Search arrivals 2-38
2026-10-07 02:54:24,442 INFO o.a.j.t.JMeterThread: Thread finished: Search arrivals 2-38
2026-10-07 02:54:24,466 INFO o.a.j.t.JMeterThread: Thread is done: Search arrivals 2-39
2026-10-07 02:54:24,466 INFO o.a.j.t.JMeterThread: Thread finished: Search arrivals 2-39
2026-10-07 02:54:24,485 INFO o.a.j.t.JMeterThread: Thread is done: Stats arrivals 3-8
2026-10-07 02:54:24,486 INFO o.a.j.t.JMeterThread: Thread finished: Stats arrivals 3-8
2026-10-07 02:54:25,639 INFO o.a.j.t.JMeterThread: Thread is done: POST arrivals 1-151
2026-10-07 02:54:25,639 INFO o.a.j.t.JMeterThread: Thread finished: POST arrivals 1-151
2026-10-07 02:54:25,657 INFO o.a.j.t.JMeterThread: Thread is done: Stats arrivals 3-9
2026-10-07 02:54:25,657 INFO o.a.j.t.JMeterThread: Thread finished: Stats arrivals 3-9
2026-10-07 02:54:27,767 INFO o.a.j.t.JMeterThread: Thread is done: POST arrivals 1-152
2026-10-07 02:54:27,767 INFO o.a.j.t.JMeterThread: Thread finished: POST arrivals 1-152
2026-10-07 02:54:28,838 INFO o.a.j.t.JMeterThread: Thread started: POST arrivals 1-165
2026-10-07 02:54:29,198 INFO o.a.j.t.JMeterThread: Thread is done: POST arrivals 1-153
2026-10-07 02:54:29,198 INFO o.a.j.t.JMeterThread: Thread finished: POST arrivals 1-153
2026-10-07 02:54:30,751 INFO o.a.j.t.JMeterThread: Thread started: POST arrivals 1-166
2026-10-07 02:54:32,081 INFO o.a.j.r.Summariser: summary +     27 in 00:00:30 =    0.9/s Avg: 23269 Min: 18118 Max: 27220 Err:     0 (0.00%) Active: 15 Started: 216 Finished: 201
2026-10-07 02:54:32,081 INFO o.a.j.r.Summariser: summary =    202 in 00:05:09 =    0.7/s Avg: 12200 Min:    19 Max: 27220 Err:     0 (0.00%)
2026-10-07 02:54:32,081 INFO o.a.j.t.JMeterThread: Thread is done: POST arrivals 1-154
2026-10-07 02:54:32,081 INFO o.a.j.t.JMeterThread: Thread finished: POST arrivals 1-154
2026-10-07 02:54:32,104 INFO o.a.j.t.JMeterThread: Thread is done: Search arrivals 2-40
2026-10-07 02:54:32,104 INFO o.a.j.t.JMeterThread: Thread finished: Search arrivals 2-40
2026-10-07 02:54:32,156 INFO o.a.j.t.JMeterThread: Thread started: POST arrivals 1-167
2026-10-07 02:54:32,178 INFO o.a.j.t.JMeterThread: Thread started: POST arrivals 1-168
2026-10-07 02:54:32,359 INFO o.a.j.t.JMeterThread: Thread started: POST arrivals 1-169
2026-10-07 02:54:33,519 INFO o.a.j.t.JMeterThread: Thread is done: POST arrivals 1-155
2026-10-07 02:54:33,519 INFO o.a.j.t.JMeterThread: Thread finished: POST arrivals 1-155
2026-10-07 02:54:35,150 INFO o.a.j.t.JMeterThread: Thread started: POST arrivals 1-170
2026-10-07 02:54:35,809 INFO o.a.j.t.JMeterThread: Thread is done: POST arrivals 1-156
2026-10-07 02:54:35,809 INFO o.a.j.t.JMeterThread: Thread finished: POST arrivals 1-156
2026-10-07 02:54:36,624 INFO o.a.j.t.JMeterThread: Thread started: Search arrivals 2-42
2026-10-07 02:54:37,104 INFO o.a.j.t.JMeterThread: Thread started: POST arrivals 1-171
2026-10-07 02:54:38,795 INFO o.a.j.t.JMeterThread: Thread started: POST arrivals 1-172
2026-10-07 02:54:39,368 INFO o.a.j.t.JMeterThread: Thread started: POST arrivals 1-173
2026-10-07 02:54:39,554 INFO o.a.j.t.JMeterThread: Thread is done: POST arrivals 1-157
2026-10-07 02:54:39,554 INFO o.a.j.t.JMeterThread: Thread finished: POST arrivals 1-157
2026-10-07 02:54:41,340 INFO o.a.j.t.JMeterThread: Thread is done: POST arrivals 1-158
2026-10-07 02:54:41,340 INFO o.a.j.t.JMeterThread: Thread finished: POST arrivals 1-158
2026-10-07 02:54:41,936 INFO o.a.j.t.JMeterThread: Thread started: POST arrivals 1-174
2026-10-07 02:54:43,061 INFO o.a.j.t.JMeterThread: Thread is done: POST arrivals 1-159
2026-10-07 02:54:43,061 INFO o.a.j.t.JMeterThread: Thread finished: POST arrivals 1-159
2026-10-07 02:54:44,271 INFO o.a.j.t.JMeterThread: Thread is done: POST arrivals 1-160
2026-10-07 02:54:44,271 INFO o.a.j.t.JMeterThread: Thread finished: POST arrivals 1-160
2026-10-07 02:54:45,466 INFO o.a.j.t.JMeterThread: Thread is done: POST arrivals 1-161
2026-10-07 02:54:45,466 INFO o.a.j.t.JMeterThread: Thread finished: POST arrivals 1-161
2026-10-07 02:54:45,927 INFO o.a.j.t.JMeterThread: Thread started: POST arrivals 1-175
2026-10-07 02:54:49,420 INFO o.a.j.t.JMeterThread: Thread is done: POST arrivals 1-162
2026-10-07 02:54:49,420 INFO o.a.j.t.JMeterThread: Thread finished: POST arrivals 1-162
2026-10-07 02:54:49,444 INFO o.a.j.t.JMeterThread: Thread is done: Search arrivals 2-41
2026-10-07 02:54:49,444 INFO o.a.j.t.JMeterThread: Thread finished: Search arrivals 2-41
2026-10-07 02:54:49,904 INFO o.a.j.t.JMeterThread: Thread started: POST arrivals 1-176
2026-10-07 02:54:50,790 INFO o.a.j.t.JMeterThread: Thread is done: POST arrivals 1-163
2026-10-07 02:54:50,790 INFO o.a.j.t.JMeterThread: Thread finished: POST arrivals 1-163
2026-10-07 02:54:53,719 INFO o.a.j.t.JMeterThread: Thread started: Stats arrivals 3-10
2026-10-07 02:54:54,135 INFO o.a.j.t.JMeterThread: Thread is done: POST arrivals 1-164
2026-10-07 02:54:54,135 INFO o.a.j.t.JMeterThread: Thread finished: POST arrivals 1-164
2026-10-07 02:54:54,524 INFO o.a.j.t.JMeterThread: Thread started: POST arrivals 1-177
2026-10-07 02:54:55,116 INFO o.a.j.t.JMeterThread: Thread is done: POST arrivals 1-165
2026-10-07 02:54:55,116 INFO o.a.j.t.JMeterThread: Thread finished: POST arrivals 1-165
2026-10-07 02:54:58,738 INFO o.a.j.t.JMeterThread: Thread is done: POST arrivals 1-166
2026-10-07 02:54:58,738 INFO o.a.j.t.JMeterThread: Thread finished: POST arrivals 1-166
2026-10-07 02:54:58,820 INFO o.a.j.t.JMeterThread: Thread started: POST arrivals 1-178
2026-10-07 02:54:59,364 INFO o.a.j.t.JMeterThread: Thread started: POST arrivals 1-179
2026-10-07 02:54:59,664 INFO o.a.j.t.JMeterThread: Thread is done: POST arrivals 1-167
2026-10-07 02:54:59,665 INFO o.a.j.t.JMeterThread: Thread finished: POST arrivals 1-167
2026-10-07 02:54:59,933 INFO o.a.j.t.JMeterThread: Thread started: POST arrivals 1-180
2026-10-07 02:55:00,237 INFO o.a.j.t.JMeterThread: Thread started: POST arrivals 1-181
2026-10-07 02:55:00,434 INFO o.a.j.t.JMeterThread: Thread started: POST arrivals 1-182
2026-10-07 02:55:01,499 INFO o.a.j.t.JMeterThread: Thread started: Search arrivals 2-43
2026-10-07 02:55:01,851 INFO o.a.j.r.Summariser: summary +     16 in 00:00:30 =    0.5/s Avg: 26075 Min: 20675 Max: 30755 Err:     0 (0.00%) Active: 18 Started: 235 Finished: 217
2026-10-07 02:55:01,852 INFO o.a.j.r.Summariser: summary =    218 in 00:05:38 =    0.6/s Avg: 13218 Min:    19 Max: 30755 Err:     0 (0.00%)
2026-10-07 02:55:01,852 INFO o.a.j.t.JMeterThread: Thread is done: POST arrivals 1-168
2026-10-07 02:55:01,853 INFO o.a.j.t.JMeterThread: Thread finished: POST arrivals 1-168
2026-10-07 02:55:03,060 INFO o.a.j.t.JMeterThread: Thread started: POST arrivals 1-183
2026-10-07 02:55:03,354 INFO o.a.j.t.JMeterThread: Thread started: Search arrivals 2-44
2026-10-07 02:55:03,720 INFO o.a.j.t.JMeterThread: Thread started: Search arrivals 2-45
2026-10-07 02:55:04,433 INFO o.a.j.t.JMeterThread: Thread is done: POST arrivals 1-169
2026-10-07 02:55:04,433 INFO o.a.j.t.JMeterThread: Thread finished: POST arrivals 1-169
2026-10-07 02:55:04,525 INFO o.a.j.t.JMeterThread: Thread started: POST arrivals 1-184
2026-10-07 02:55:04,915 INFO o.a.j.t.JMeterThread: Thread started: POST arrivals 1-185
2026-10-07 02:55:06,179 INFO o.a.j.t.JMeterThread: Thread is done: POST arrivals 1-170
2026-10-07 02:55:06,180 INFO o.a.j.t.JMeterThread: Thread finished: POST arrivals 1-170
2026-10-07 02:55:06,682 INFO o.a.j.t.JMeterThread: Thread is done: Search arrivals 2-42
2026-10-07 02:55:06,682 INFO o.a.j.t.JMeterThread: Thread finished: Search arrivals 2-42
2026-10-07 02:55:07,765 INFO o.a.j.t.JMeterThread: Thread is done: POST arrivals 1-171
2026-10-07 02:55:07,765 INFO o.a.j.t.JMeterThread: Thread finished: POST arrivals 1-171
2026-10-07 02:55:10,522 INFO o.a.j.t.JMeterThread: Thread started: POST arrivals 1-186
2026-10-07 02:55:10,827 INFO o.a.j.t.JMeterThread: Thread started: Search arrivals 2-46
2026-10-07 02:55:11,280 INFO o.a.j.t.JMeterThread: Thread is done: POST arrivals 1-172
2026-10-07 02:55:11,280 INFO o.a.j.t.JMeterThread: Thread finished: POST arrivals 1-172
2026-10-07 02:55:11,846 INFO o.a.j.t.JMeterThread: Thread started: POST arrivals 1-187
2026-10-07 02:55:12,973 INFO o.a.j.t.JMeterThread: Thread started: POST arrivals 1-188
2026-10-07 02:55:13,163 INFO o.a.j.t.JMeterThread: Thread started: POST arrivals 1-189
2026-10-07 02:55:13,730 INFO o.a.j.t.JMeterThread: Thread is done: POST arrivals 1-173
2026-10-07 02:55:13,730 INFO o.a.j.t.JMeterThread: Thread finished: POST arrivals 1-173
2026-10-07 02:55:14,070 INFO o.a.j.t.JMeterThread: Thread started: POST arrivals 1-190
2026-10-07 02:55:14,616 INFO o.a.j.t.JMeterThread: Thread started: POST arrivals 1-191
2026-10-07 02:55:14,853 INFO o.a.j.t.JMeterThread: Thread started: Search arrivals 2-47
2026-10-07 02:55:16,124 INFO o.a.j.t.JMeterThread: Thread started: POST arrivals 1-192
2026-10-07 02:55:16,861 INFO o.a.j.t.JMeterThread: Thread started: POST arrivals 1-193
2026-10-07 02:55:16,968 INFO o.a.j.t.JMeterThread: Thread started: Stats arrivals 3-11
2026-10-07 02:55:17,092 INFO o.a.j.t.JMeterThread: Thread is done: POST arrivals 1-174
2026-10-07 02:55:17,092 INFO o.a.j.t.JMeterThread: Thread finished: POST arrivals 1-174
2026-10-07 02:55:17,979 INFO o.a.j.t.JMeterThread: Thread is done: POST arrivals 1-175
2026-10-07 02:55:17,979 INFO o.a.j.t.JMeterThread: Thread finished: POST arrivals 1-175
2026-10-07 02:55:18,851 INFO o.a.j.t.JMeterThread: Thread started: Search arrivals 2-48
2026-10-07 02:55:18,854 INFO o.a.j.t.JMeterThread: Thread started: POST arrivals 1-194
2026-10-07 02:55:19,171 INFO o.a.j.t.JMeterThread: Thread is done: POST arrivals 1-176
2026-10-07 02:55:19,171 INFO o.a.j.t.JMeterThread: Thread finished: POST arrivals 1-176
2026-10-07 02:55:19,191 INFO o.a.j.t.JMeterThread: Thread is done: Stats arrivals 3-10
2026-10-07 02:55:19,192 INFO o.a.j.t.JMeterThread: Thread finished: Stats arrivals 3-10
2026-10-07 02:55:19,608 INFO o.a.j.t.JMeterThread: Thread started: POST arrivals 1-195
2026-10-07 02:55:21,355 INFO o.a.j.t.JMeterThread: Thread is done: POST arrivals 1-177
2026-10-07 02:55:21,355 INFO o.a.j.t.JMeterThread: Thread finished: POST arrivals 1-177
2026-10-07 02:55:22,853 INFO o.a.j.t.JMeterThread: Thread started: POST arrivals 1-196
2026-10-07 02:55:23,111 INFO o.a.j.t.JMeterThread: Thread started: POST arrivals 1-197
2026-10-07 02:55:24,052 INFO o.a.j.t.JMeterThread: Thread is done: POST arrivals 1-178
2026-10-07 02:55:24,052 INFO o.a.j.t.JMeterThread: Thread finished: POST arrivals 1-178
2026-10-07 02:55:24,801 INFO o.a.j.t.JMeterThread: Thread started: POST arrivals 1-198
2026-10-07 02:55:25,747 INFO o.a.j.t.JMeterThread: Thread is done: POST arrivals 1-179
2026-10-07 02:55:25,748 INFO o.a.j.t.JMeterThread: Thread finished: POST arrivals 1-179
2026-10-07 02:55:25,854 INFO o.a.j.t.JMeterThread: Thread started: POST arrivals 1-199
2026-10-07 02:55:26,212 INFO o.a.j.t.JMeterThread: Thread started: POST arrivals 1-200
2026-10-07 02:55:26,497 INFO o.a.j.t.JMeterThread: Thread started: POST arrivals 1-201
2026-10-07 02:55:27,761 INFO o.a.j.t.JMeterThread: Thread started: POST arrivals 1-202
2026-10-07 02:55:28,487 INFO o.a.j.t.JMeterThread: Thread started: POST arrivals 1-203
2026-10-07 02:55:28,938 INFO o.a.j.t.JMeterThread: Thread started: POST arrivals 1-204
2026-10-07 02:55:29,449 INFO o.a.j.t.JMeterThread: Thread is done: POST arrivals 1-180
2026-10-07 02:55:29,449 INFO o.a.j.t.JMeterThread: Thread finished: POST arrivals 1-180
2026-10-07 02:55:29,741 INFO o.a.j.t.JMeterThread: Thread started: POST arrivals 1-205
2026-10-07 02:55:30,511 INFO o.a.j.r.Summariser: summary +     15 in 00:00:29 =    0.5/s Avg: 30052 Min: 25230 Max: 35154 Err:     0 (0.00%) Active: 32 Started: 264 Finished: 232
2026-10-07 02:55:30,512 INFO o.a.j.r.Summariser: summary =    233 in 00:06:07 =    0.6/s Avg: 14302 Min:    19 Max: 35154 Err:     0 (0.00%)
2026-10-07 02:55:30,513 INFO o.a.j.t.JMeterThread: Thread is done: POST arrivals 1-181
2026-10-07 02:55:30,513 INFO o.a.j.t.JMeterThread: Thread finished: POST arrivals 1-181
2026-10-07 02:55:32,276 INFO o.a.j.t.JMeterThread: Thread is done: POST arrivals 1-182
2026-10-07 02:55:32,276 INFO o.a.j.t.JMeterThread: Thread finished: POST arrivals 1-182
2026-10-07 02:55:32,302 INFO o.a.j.t.JMeterThread: Thread is done: Search arrivals 2-43
2026-10-07 02:55:32,302 INFO o.a.j.t.JMeterThread: Thread finished: Search arrivals 2-43
2026-10-07 02:55:33,733 INFO o.a.j.t.JMeterThread: Thread is done: POST arrivals 1-183
2026-10-07 02:55:33,733 INFO o.a.j.t.JMeterThread: Thread finished: POST arrivals 1-183
2026-10-07 02:55:33,758 INFO o.a.j.t.JMeterThread: Thread is done: Search arrivals 2-44
2026-10-07 02:55:33,758 INFO o.a.j.t.JMeterThread: Thread finished: Search arrivals 2-44
2026-10-07 02:55:33,784 INFO o.a.j.t.JMeterThread: Thread is done: Search arrivals 2-45
2026-10-07 02:55:33,784 INFO o.a.j.t.JMeterThread: Thread finished: Search arrivals 2-45
2026-10-07 02:55:34,841 INFO o.a.j.t.JMeterThread: Thread is done: POST arrivals 1-184
2026-10-07 02:55:34,842 INFO o.a.j.t.JMeterThread: Thread finished: POST arrivals 1-184
2026-10-07 02:55:36,700 INFO o.a.j.t.JMeterThread: Thread started: POST arrivals 1-206
2026-10-07 02:55:36,954 INFO o.a.j.t.JMeterThread: Thread started: POST arrivals 1-207
2026-10-07 02:55:37,659 INFO o.a.j.t.JMeterThread: Thread is done: POST arrivals 1-185
2026-10-07 02:55:37,659 INFO o.a.j.t.JMeterThread: Thread finished: POST arrivals 1-185
2026-10-07 02:55:38,054 INFO o.a.j.t.JMeterThread: Thread started: POST arrivals 1-208
2026-10-07 02:55:38,431 INFO o.a.j.t.JMeterThread: Thread is done: POST arrivals 1-186
2026-10-07 02:55:38,431 INFO o.a.j.t.JMeterThread: Thread finished: POST arrivals 1-186
2026-10-07 02:55:38,464 INFO o.a.j.t.JMeterThread: Thread is done: Search arrivals 2-46
2026-10-07 02:55:38,464 INFO o.a.j.t.JMeterThread: Thread finished: Search arrivals 2-46
2026-10-07 02:55:40,144 INFO o.a.j.t.JMeterThread: Thread started: POST arrivals 1-209
2026-10-07 02:55:40,162 INFO o.a.j.t.JMeterThread: Thread is done: POST arrivals 1-187
2026-10-07 02:55:40,162 INFO o.a.j.t.JMeterThread: Thread finished: POST arrivals 1-187
2026-10-07 02:55:40,950 INFO o.a.j.t.JMeterThread: Thread started: POST arrivals 1-210
2026-10-07 02:55:41,257 INFO o.a.j.t.JMeterThread: Thread is done: POST arrivals 1-188
2026-10-07 02:55:41,258 INFO o.a.j.t.JMeterThread: Thread finished: POST arrivals 1-188
2026-10-07 02:55:41,746 INFO o.a.j.t.JMeterThread: Thread started: POST arrivals 1-211
2026-10-07 02:55:42,048 INFO o.a.j.t.JMeterThread: Thread started: POST arrivals 1-212
2026-10-07 02:55:42,416 INFO o.a.j.t.JMeterThread: Thread is done: POST arrivals 1-189
2026-10-07 02:55:42,416 INFO o.a.j.t.JMeterThread: Thread finished: POST arrivals 1-189
2026-10-07 02:55:44,684 INFO o.a.j.t.JMeterThread: Thread started: POST arrivals 1-213
2026-10-07 02:55:46,234 INFO o.a.j.t.JMeterThread: Thread is done: POST arrivals 1-190
2026-10-07 02:55:46,234 INFO o.a.j.t.JMeterThread: Thread finished: POST arrivals 1-190
2026-10-07 02:55:48,335 INFO o.a.j.t.JMeterThread: Thread started: POST arrivals 1-214
2026-10-07 02:55:49,431 INFO o.a.j.t.JMeterThread: Thread is done: POST arrivals 1-191
2026-10-07 02:55:49,431 INFO o.a.j.t.JMeterThread: Thread finished: POST arrivals 1-191
2026-10-07 02:55:49,457 INFO o.a.j.t.JMeterThread: Thread is done: Search arrivals 2-47
2026-10-07 02:55:49,458 INFO o.a.j.t.JMeterThread: Thread finished: Search arrivals 2-47
2026-10-07 02:55:49,980 INFO o.a.j.t.JMeterThread: Thread started: POST arrivals 1-215
2026-10-07 02:55:50,538 INFO o.a.j.t.JMeterThread: Thread started: POST arrivals 1-216
2026-10-07 02:55:51,927 INFO o.a.j.t.JMeterThread: Thread is done: POST arrivals 1-192
2026-10-07 02:55:51,927 INFO o.a.j.t.JMeterThread: Thread finished: POST arrivals 1-192
2026-10-07 02:55:52,732 INFO o.a.j.t.JMeterThread: Thread started: POST arrivals 1-217
2026-10-07 02:55:52,881 INFO o.a.j.t.JMeterThread: Thread is done: POST arrivals 1-193
2026-10-07 02:55:52,882 INFO o.a.j.t.JMeterThread: Thread finished: POST arrivals 1-193
2026-10-07 02:55:52,900 INFO o.a.j.t.JMeterThread: Thread is done: Stats arrivals 3-11
2026-10-07 02:55:52,900 INFO o.a.j.t.JMeterThread: Thread finished: Stats arrivals 3-11
2026-10-07 02:55:52,930 INFO o.a.j.t.JMeterThread: Thread is done: Search arrivals 2-48
2026-10-07 02:55:52,930 INFO o.a.j.t.JMeterThread: Thread finished: Search arrivals 2-48
2026-10-07 02:55:54,258 INFO o.a.j.t.JMeterThread: Thread started: POST arrivals 1-218
2026-10-07 02:55:55,243 INFO o.a.j.t.JMeterThread: Thread started: POST arrivals 1-219
2026-10-07 02:55:55,333 INFO o.a.j.t.JMeterThread: Thread is done: POST arrivals 1-194
2026-10-07 02:55:55,333 INFO o.a.j.t.JMeterThread: Thread finished: POST arrivals 1-194
2026-10-07 02:55:56,756 INFO o.a.j.t.JMeterThread: Thread started: POST arrivals 1-220
2026-10-07 02:55:56,770 INFO o.a.j.t.JMeterThread: Thread started: POST arrivals 1-221
2026-10-07 02:55:57,910 INFO o.a.j.t.JMeterThread: Thread started: POST arrivals 1-222
2026-10-07 02:55:58,180 INFO o.a.j.t.JMeterThread: Thread is done: POST arrivals 1-195
2026-10-07 02:55:58,180 INFO o.a.j.t.JMeterThread: Thread finished: POST arrivals 1-195
2026-10-07 02:55:59,148 INFO o.a.j.t.JMeterThread: Thread started: POST arrivals 1-223
2026-10-07 02:55:59,658 INFO o.a.j.t.JMeterThread: Thread is done: POST arrivals 1-196
2026-10-07 02:55:59,658 INFO o.a.j.t.JMeterThread: Thread finished: POST arrivals 1-196
2026-10-07 02:56:00,925 INFO o.a.j.t.JMeterThread: Thread started: POST arrivals 1-224
2026-10-07 02:56:01,817 INFO o.a.j.t.JMeterThread: Thread started: POST arrivals 1-225
2026-10-07 02:56:01,843 INFO o.a.j.t.JMeterThread: Thread started: Search arrivals 2-49
2026-10-07 02:56:03,126 INFO o.a.j.r.Summariser: summary +     23 in 00:00:33 =    0.7/s Avg: 32759 Min: 27636 Max: 40011 Err:     0 (0.00%) Active: 30 Started: 285 Finished: 255
2026-10-07 02:56:03,127 INFO o.a.j.r.Summariser: summary =    256 in 00:06:40 =    0.6/s Avg: 15960 Min:    19 Max: 40011 Err:     0 (0.00%)
2026-10-07 02:56:03,129 INFO o.a.j.t.JMeterThread: Thread is done: POST arrivals 1-197
2026-10-07 02:56:03,129 INFO o.a.j.t.JMeterThread: Thread finished: POST arrivals 1-197
2026-10-07 02:56:03,585 INFO o.a.j.t.JMeterThread: Thread started: Stats arrivals 3-12
2026-10-07 02:56:03,902 INFO o.a.j.t.JMeterThread: Thread started: Search arrivals 2-50
2026-10-07 02:56:04,112 INFO o.a.j.t.JMeterThread: Thread started: Search arrivals 2-51
2026-10-07 02:56:04,304 INFO o.a.j.t.JMeterThread: Thread is done: POST arrivals 1-198
2026-10-07 02:56:04,304 INFO o.a.j.t.JMeterThread: Thread finished: POST arrivals 1-198
2026-10-07 02:56:05,237 INFO o.a.j.t.JMeterThread: Thread started: Search arrivals 2-52
2026-10-07 02:56:05,719 INFO o.a.j.t.JMeterThread: Thread is done: POST arrivals 1-199
2026-10-07 02:56:05,719 INFO o.a.j.t.JMeterThread: Thread finished: POST arrivals 1-199
2026-10-07 02:56:05,995 INFO o.a.j.t.JMeterThread: Thread started: POST arrivals 1-226
2026-10-07 02:56:07,116 INFO o.a.j.t.JMeterThread: Thread is done: POST arrivals 1-200
2026-10-07 02:56:07,116 INFO o.a.j.t.JMeterThread: Thread finished: POST arrivals 1-200
2026-10-07 02:56:07,517 INFO o.a.j.t.JMeterThread: Thread started: POST arrivals 1-227
2026-10-07 02:56:08,205 INFO o.a.j.t.JMeterThread: Thread started: Search arrivals 2-53
2026-10-07 02:56:09,469 INFO o.a.j.t.JMeterThread: Thread started: POST arrivals 1-228
2026-10-07 02:56:09,624 INFO o.a.j.t.JMeterThread: Thread is done: POST arrivals 1-201
2026-10-07 02:56:09,624 INFO o.a.j.t.JMeterThread: Thread finished: POST arrivals 1-201
2026-10-07 02:56:09,683 INFO o.a.j.t.JMeterThread: Thread started: POST arrivals 1-229
2026-10-07 02:56:10,710 INFO o.a.j.t.JMeterThread: Thread started: POST arrivals 1-230
2026-10-07 02:56:10,828 INFO o.a.j.t.JMeterThread: Thread is done: POST arrivals 1-202
2026-10-07 02:56:10,828 INFO o.a.j.t.JMeterThread: Thread finished: POST arrivals 1-202
2026-10-07 02:56:11,772 INFO o.a.j.t.JMeterThread: Thread is done: POST arrivals 1-203
2026-10-07 02:56:11,772 INFO o.a.j.t.JMeterThread: Thread finished: POST arrivals 1-203
2026-10-07 02:56:13,499 INFO o.a.j.t.JMeterThread: Thread started: Stats arrivals 3-13
2026-10-07 02:56:13,853 INFO o.a.j.t.JMeterThread: Thread is done: POST arrivals 1-204
2026-10-07 02:56:13,853 INFO o.a.j.t.JMeterThread: Thread finished: POST arrivals 1-204
2026-10-07 02:56:14,494 INFO o.a.j.t.JMeterThread: Thread started: POST arrivals 1-231
2026-10-07 02:56:16,070 INFO o.a.j.t.JMeterThread: Thread started: POST arrivals 1-232
2026-10-07 02:56:16,994 INFO o.a.j.t.JMeterThread: Thread is done: POST arrivals 1-205
2026-10-07 02:56:16,995 INFO o.a.j.t.JMeterThread: Thread finished: POST arrivals 1-205
2026-10-07 02:56:17,255 INFO o.a.j.t.JMeterThread: Thread started: POST arrivals 1-233
2026-10-07 02:56:18,732 INFO o.a.j.t.JMeterThread: Thread is done: POST arrivals 1-206
2026-10-07 02:56:18,732 INFO o.a.j.t.JMeterThread: Thread finished: POST arrivals 1-206
2026-10-07 02:56:19,480 INFO o.a.j.t.JMeterThread: Thread started: POST arrivals 1-234
2026-10-07 02:56:20,007 INFO o.a.j.t.JMeterThread: Thread is done: POST arrivals 1-207
2026-10-07 02:56:20,007 INFO o.a.j.t.JMeterThread: Thread finished: POST arrivals 1-207
2026-10-07 02:56:22,385 INFO o.a.j.t.JMeterThread: Thread is done: POST arrivals 1-208
2026-10-07 02:56:22,385 INFO o.a.j.t.JMeterThread: Thread finished: POST arrivals 1-208
2026-10-07 02:56:23,307 INFO o.a.j.t.JMeterThread: Thread is done: POST arrivals 1-209
2026-10-07 02:56:23,307 INFO o.a.j.t.JMeterThread: Thread finished: POST arrivals 1-209
2026-10-07 02:56:23,914 INFO o.a.j.t.JMeterThread: Thread started: POST arrivals 1-235
2026-10-07 02:56:24,038 INFO o.a.j.t.JMeterThread: Thread started: POST arrivals 1-236
2026-10-07 02:56:24,252 INFO o.a.j.t.JMeterThread: Thread started: POST arrivals 1-237
2026-10-07 02:56:24,740 INFO o.a.j.t.JMeterThread: Thread started: POST arrivals 1-238
2026-10-07 02:56:26,307 INFO o.a.j.t.JMeterThread: Thread started: POST arrivals 1-239
2026-10-07 02:56:27,345 INFO o.a.j.t.JMeterThread: Thread is done: POST arrivals 1-210
2026-10-07 02:56:27,345 INFO o.a.j.t.JMeterThread: Thread finished: POST arrivals 1-210
2026-10-07 02:56:27,886 INFO o.a.j.t.JMeterThread: Thread started: Stats arrivals 3-14
2026-10-07 02:56:28,052 INFO o.a.j.t.JMeterThread: Thread started: POST arrivals 1-240
2026-10-07 02:56:28,558 INFO o.a.j.t.JMeterThread: Thread started: POST arrivals 1-241
2026-10-07 02:56:29,146 INFO o.a.j.t.JMeterThread: Thread started: POST arrivals 1-242
2026-10-07 02:56:29,241 INFO o.a.j.t.JMeterThread: Thread is done: POST arrivals 1-211
2026-10-07 02:56:29,242 INFO o.a.j.t.JMeterThread: Thread finished: POST arrivals 1-211
2026-10-07 02:56:29,263 INFO o.a.j.t.JMeterThread: Thread started: POST arrivals 1-243
2026-10-07 02:56:29,510 INFO o.a.j.t.JMeterThread: Thread started: POST arrivals 1-244
2026-10-07 02:56:31,686 INFO o.a.j.r.Summariser: summary +     15 in 00:00:29 =    0.5/s Avg: 43864 Min: 39500 Max: 49632 Err:     0 (0.00%) Active: 41 Started: 311 Finished: 270
2026-10-07 02:56:31,687 INFO o.a.j.r.Summariser: summary =    271 in 00:07:08 =    0.6/s Avg: 17505 Min:    19 Max: 49632 Err:     0 (0.00%)
2026-10-07 02:56:31,688 INFO o.a.j.t.JMeterThread: Thread is done: POST arrivals 1-212
2026-10-07 02:56:31,688 INFO o.a.j.t.JMeterThread: Thread finished: POST arrivals 1-212
2026-10-07 02:56:31,718 INFO o.a.j.t.JMeterThread: Thread started: Stats arrivals 3-15
2026-10-07 02:56:31,870 INFO o.a.j.t.JMeterThread: Thread started: Search arrivals 2-54
2026-10-07 02:56:32,676 INFO o.a.j.t.JMeterThread: Thread started: POST arrivals 1-245
2026-10-07 02:56:32,768 INFO o.a.j.t.JMeterThread: Thread started: POST arrivals 1-246
2026-10-07 02:56:33,933 INFO o.a.j.t.JMeterThread: Thread is done: POST arrivals 1-213
2026-10-07 02:56:33,934 INFO o.a.j.t.JMeterThread: Thread finished: POST arrivals 1-213
2026-10-07 02:56:34,975 INFO o.a.j.t.JMeterThread: Thread started: POST arrivals 1-247
2026-10-07 02:56:35,381 INFO o.a.j.t.JMeterThread: Thread is done: POST arrivals 1-214
2026-10-07 02:56:35,382 INFO o.a.j.t.JMeterThread: Thread finished: POST arrivals 1-214
2026-10-07 02:56:35,684 INFO o.a.j.t.JMeterThread: Thread started: POST arrivals 1-248
2026-10-07 02:56:35,752 INFO o.a.j.t.JMeterThread: Thread started: POST arrivals 1-249
2026-10-07 02:56:35,970 INFO o.a.j.t.JMeterThread: Thread started: Search arrivals 2-55
2026-10-07 02:56:36,747 INFO o.a.j.t.JMeterThread: Thread started: POST arrivals 1-250
2026-10-07 02:56:37,076 INFO o.a.j.t.JMeterThread: Thread started: POST arrivals 1-251
2026-10-07 02:56:37,243 INFO o.a.j.t.JMeterThread: Thread started: POST arrivals 1-252
2026-10-07 02:56:38,879 INFO o.a.j.t.JMeterThread: Thread is done: POST arrivals 1-215
2026-10-07 02:56:38,879 INFO o.a.j.t.JMeterThread: Thread finished: POST arrivals 1-215
2026-10-07 02:56:40,253 INFO o.a.j.t.JMeterThread: Thread is done: POST arrivals 1-216
2026-10-07 02:56:40,253 INFO o.a.j.t.JMeterThread: Thread finished: POST arrivals 1-216
2026-10-07 02:56:41,045 INFO o.a.j.t.JMeterThread: Thread is done: POST arrivals 1-217
2026-10-07 02:56:41,045 INFO o.a.j.t.JMeterThread: Thread finished: POST arrivals 1-217
2026-10-07 02:56:41,425 INFO o.a.j.t.JMeterThread: Thread started: POST arrivals 1-253
2026-10-07 02:56:41,738 INFO o.a.j.t.JMeterThread: Thread started: POST arrivals 1-254
2026-10-07 02:56:42,500 INFO o.a.j.t.JMeterThread: Thread is done: POST arrivals 1-218
2026-10-07 02:56:42,500 INFO o.a.j.t.JMeterThread: Thread finished: POST arrivals 1-218
2026-10-07 02:56:43,916 INFO o.a.j.t.JMeterThread: Thread started: POST arrivals 1-255
2026-10-07 02:56:45,508 INFO o.a.j.t.JMeterThread: Thread is done: POST arrivals 1-219
2026-10-07 02:56:45,508 INFO o.a.j.t.JMeterThread: Thread finished: POST arrivals 1-219
2026-10-07 02:56:48,274 INFO o.a.j.t.JMeterThread: Thread is done: POST arrivals 1-220
2026-10-07 02:56:48,274 INFO o.a.j.t.JMeterThread: Thread finished: POST arrivals 1-220
2026-10-07 02:56:49,166 INFO o.a.j.t.JMeterThread: Thread started: POST arrivals 1-256
2026-10-07 02:56:51,352 INFO o.a.j.t.JMeterThread: Thread started: Search arrivals 2-56
2026-10-07 02:56:51,383 INFO o.a.j.t.JMeterThread: Thread is done: POST arrivals 1-221
2026-10-07 02:56:51,383 INFO o.a.j.t.JMeterThread: Thread finished: POST arrivals 1-221
2026-10-07 02:56:52,732 INFO o.a.j.t.JMeterThread: Thread is done: POST arrivals 1-222
2026-10-07 02:56:52,732 INFO o.a.j.t.JMeterThread: Thread finished: POST arrivals 1-222
2026-10-07 02:56:53,084 INFO o.a.j.t.JMeterThread: Thread started: Stats arrivals 3-16
2026-10-07 02:56:54,404 INFO o.a.j.t.JMeterThread: Thread is done: POST arrivals 1-223
2026-10-07 02:56:54,405 INFO o.a.j.t.JMeterThread: Thread finished: POST arrivals 1-223
2026-10-07 02:56:54,513 INFO o.a.j.t.JMeterThread: Thread started: Search arrivals 2-57
2026-10-07 02:56:55,714 INFO o.a.j.t.JMeterThread: Thread is done: POST arrivals 1-224
2026-10-07 02:56:55,714 INFO o.a.j.t.JMeterThread: Thread finished: POST arrivals 1-224
2026-10-07 02:56:56,813 INFO o.a.j.t.JMeterThread: Thread is done: POST arrivals 1-225
2026-10-07 02:56:56,813 INFO o.a.j.t.JMeterThread: Thread finished: POST arrivals 1-225
2026-10-07 02:56:56,843 INFO o.a.j.t.JMeterThread: Thread is done: Search arrivals 2-49
2026-10-07 02:56:56,844 INFO o.a.j.t.JMeterThread: Thread finished: Search arrivals 2-49
2026-10-07 02:56:56,865 INFO o.a.j.t.JMeterThread: Thread is done: Stats arrivals 3-12
2026-10-07 02:56:56,866 INFO o.a.j.t.JMeterThread: Thread finished: Stats arrivals 3-12
2026-10-07 02:56:56,904 INFO o.a.j.t.JMeterThread: Thread is done: Search arrivals 2-50
2026-10-07 02:56:56,904 INFO o.a.j.t.JMeterThread: Thread finished: Search arrivals 2-50
2026-10-07 02:56:56,930 INFO o.a.j.t.JMeterThread: Thread is done: Search arrivals 2-51
2026-10-07 02:56:56,930 INFO o.a.j.t.JMeterThread: Thread finished: Search arrivals 2-51
2026-10-07 02:56:56,961 INFO o.a.j.t.JMeterThread: Thread is done: Search arrivals 2-52
2026-10-07 02:56:56,962 INFO o.a.j.t.JMeterThread: Thread finished: Search arrivals 2-52
2026-10-07 02:56:57,589 INFO o.a.j.t.JMeterThread: Thread started: POST arrivals 1-257
2026-10-07 02:56:57,834 INFO o.a.j.t.JMeterThread: Thread is done: POST arrivals 1-226
2026-10-07 02:56:57,834 INFO o.a.j.t.JMeterThread: Thread finished: POST arrivals 1-226
2026-10-07 02:56:58,507 INFO o.a.j.t.JMeterThread: Thread started: POST arrivals 1-258
2026-10-07 02:56:58,636 INFO o.a.j.t.JMeterThread: Thread started: Stats arrivals 3-17
2026-10-07 02:56:58,698 INFO o.a.j.t.JMeterThread: Thread started: Search arrivals 2-58
2026-10-07 02:56:58,793 INFO o.a.j.t.JMeterThread: Thread started: POST arrivals 1-259
2026-10-07 02:56:58,890 INFO o.a.j.t.JMeterThread: Thread started: POST arrivals 1-260
2026-10-07 02:56:58,930 INFO o.a.j.t.JMeterThread: Thread started: POST arrivals 1-261
2026-10-07 02:56:59,199 INFO o.a.j.t.JMeterThread: Thread started: POST arrivals 1-262
2026-10-07 02:57:00,244 INFO o.a.j.r.Summariser: summary +     20 in 00:00:29 =    0.7/s Avg: 51902 Min: 47042 Max: 55252 Err:     0 (0.00%) Active: 47 Started: 337 Finished: 290
2026-10-07 02:57:00,244 INFO o.a.j.r.Summariser: summary =    291 in 00:07:37 =    0.6/s Avg: 19869 Min:    19 Max: 55252 Err:     0 (0.00%)
2026-10-07 02:57:00,245 INFO o.a.j.t.JMeterThread: Thread is done: POST arrivals 1-227
2026-10-07 02:57:00,245 INFO o.a.j.t.JMeterThread: Thread finished: POST arrivals 1-227
2026-10-07 02:57:00,278 INFO o.a.j.t.JMeterThread: Thread is done: Search arrivals 2-53
2026-10-07 02:57:00,278 INFO o.a.j.t.JMeterThread: Thread finished: Search arrivals 2-53
2026-10-07 02:57:01,561 INFO o.a.j.t.JMeterThread: Thread started: POST arrivals 1-263
2026-10-07 02:57:01,910 INFO o.a.j.t.JMeterThread: Thread is done: POST arrivals 1-228
2026-10-07 02:57:01,910 INFO o.a.j.t.JMeterThread: Thread finished: POST arrivals 1-228
2026-10-07 02:57:02,998 INFO o.a.j.t.JMeterThread: Thread is done: POST arrivals 1-229
2026-10-07 02:57:02,998 INFO o.a.j.t.JMeterThread: Thread finished: POST arrivals 1-229
2026-10-07 02:57:03,651 INFO o.a.j.t.JMeterThread: Thread started: Search arrivals 2-59
2026-10-07 02:57:03,973 INFO o.a.j.t.JMeterThread: Thread started: Search arrivals 2-60
2026-10-07 02:57:04,461 INFO o.a.j.t.JMeterThread: Thread is done: POST arrivals 1-230
2026-10-07 02:57:04,461 INFO o.a.j.t.JMeterThread: Thread finished: POST arrivals 1-230
2026-10-07 02:57:04,484 INFO o.a.j.t.JMeterThread: Thread is done: Stats arrivals 3-13
2026-10-07 02:57:04,484 INFO o.a.j.t.JMeterThread: Thread finished: Stats arrivals 3-13
2026-10-07 02:57:05,506 INFO o.a.j.t.JMeterThread: Thread started: POST arrivals 1-264
2026-10-07 02:57:05,537 INFO o.a.j.t.JMeterThread: Thread is done: POST arrivals 1-231
2026-10-07 02:57:05,538 INFO o.a.j.t.JMeterThread: Thread finished: POST arrivals 1-231
2026-10-07 02:57:06,252 INFO o.a.j.t.JMeterThread: Thread started: POST arrivals 1-265
2026-10-07 02:57:06,749 INFO o.a.j.t.JMeterThread: Thread started: POST arrivals 1-266
2026-10-07 02:57:06,956 INFO o.a.j.t.JMeterThread: Thread is done: POST arrivals 1-232
2026-10-07 02:57:06,956 INFO o.a.j.t.JMeterThread: Thread finished: POST arrivals 1-232
2026-10-07 02:57:07,661 INFO o.a.j.t.JMeterThread: Thread started: Search arrivals 2-61
2026-10-07 02:57:08,106 INFO o.a.j.t.JMeterThread: Thread started: Search arrivals 2-62
2026-10-07 02:57:09,563 INFO o.a.j.t.JMeterThread: Thread is done: POST arrivals 1-233
2026-10-07 02:57:09,563 INFO o.a.j.t.JMeterThread: Thread finished: POST arrivals 1-233
2026-10-07 02:57:10,470 INFO o.a.j.t.JMeterThread: Thread is done: POST arrivals 1-234
2026-10-07 02:57:10,471 INFO o.a.j.t.JMeterThread: Thread finished: POST arrivals 1-234
2026-10-07 02:57:11,375 INFO o.a.j.t.JMeterThread: Thread started: POST arrivals 1-267
2026-10-07 02:57:11,446 INFO o.a.j.t.JMeterThread: Thread is done: POST arrivals 1-235
2026-10-07 02:57:11,446 INFO o.a.j.t.JMeterThread: Thread finished: POST arrivals 1-235
2026-10-07 02:57:13,027 INFO o.a.j.t.JMeterThread: Thread is done: POST arrivals 1-236
2026-10-07 02:57:13,027 INFO o.a.j.t.JMeterThread: Thread finished: POST arrivals 1-236
2026-10-07 02:57:15,626 INFO o.a.j.t.JMeterThread: Thread started: Search arrivals 2-63
2026-10-07 02:57:15,816 INFO o.a.j.t.JMeterThread: Thread is done: POST arrivals 1-237
2026-10-07 02:57:15,816 INFO o.a.j.t.JMeterThread: Thread finished: POST arrivals 1-237
2026-10-07 02:57:16,889 INFO o.a.j.t.JMeterThread: Thread started: Search arrivals 2-64
2026-10-07 02:57:17,776 INFO o.a.j.t.JMeterThread: Thread is done: POST arrivals 1-238
2026-10-07 02:57:17,776 INFO o.a.j.t.JMeterThread: Thread finished: POST arrivals 1-238
2026-10-07 02:57:17,875 INFO o.a.j.t.JMeterThread: Thread started: POST arrivals 1-268
2026-10-07 02:57:18,422 INFO o.a.j.t.JMeterThread: Thread started: POST arrivals 1-269
2026-10-07 02:57:18,518 INFO o.a.j.t.JMeterThread: Thread started: POST arrivals 1-270
2026-10-07 02:57:18,985 INFO o.a.j.t.JMeterThread: Thread started: POST arrivals 1-271
2026-10-07 02:57:18,992 INFO o.a.j.t.JMeterThread: Thread is done: POST arrivals 1-239
2026-10-07 02:57:18,992 INFO o.a.j.t.JMeterThread: Thread finished: POST arrivals 1-239
2026-10-07 02:57:19,015 INFO o.a.j.t.JMeterThread: Thread is done: Stats arrivals 3-14
2026-10-07 02:57:19,015 INFO o.a.j.t.JMeterThread: Thread finished: Stats arrivals 3-14
2026-10-07 02:57:19,075 INFO o.a.j.t.JMeterThread: Thread started: Search arrivals 2-65
2026-10-07 02:57:19,740 INFO o.a.j.t.JMeterThread: Thread started: POST arrivals 1-272
2026-10-07 02:57:20,374 INFO o.a.j.t.JMeterThread: Thread is done: POST arrivals 1-240
2026-10-07 02:57:20,374 INFO o.a.j.t.JMeterThread: Thread finished: POST arrivals 1-240
2026-10-07 02:57:21,290 INFO o.a.j.t.JMeterThread: Thread started: POST arrivals 1-273
2026-10-07 02:57:21,401 INFO o.a.j.t.JMeterThread: Thread is done: POST arrivals 1-241
2026-10-07 02:57:21,401 INFO o.a.j.t.JMeterThread: Thread finished: POST arrivals 1-241
2026-10-07 02:57:21,480 INFO o.a.j.t.JMeterThread: Thread started: POST arrivals 1-274
2026-10-07 02:57:23,593 INFO o.a.j.t.JMeterThread: Thread started: POST arrivals 1-275
2026-10-07 02:57:23,625 INFO o.a.j.t.JMeterThread: Thread is done: POST arrivals 1-242
2026-10-07 02:57:23,625 INFO o.a.j.t.JMeterThread: Thread finished: POST arrivals 1-242
2026-10-07 02:57:24,074 INFO o.a.j.t.JMeterThread: Thread started: POST arrivals 1-276
2026-10-07 02:57:25,235 INFO o.a.j.t.JMeterThread: Thread is done: POST arrivals 1-243
2026-10-07 02:57:25,235 INFO o.a.j.t.JMeterThread: Thread finished: POST arrivals 1-243
2026-10-07 02:57:25,693 INFO o.a.j.t.JMeterThread: Thread started: POST arrivals 1-277
2026-10-07 02:57:26,754 INFO o.a.j.t.JMeterThread: Thread is done: POST arrivals 1-244
2026-10-07 02:57:26,754 INFO o.a.j.t.JMeterThread: Thread finished: POST arrivals 1-244
2026-10-07 02:57:26,773 INFO o.a.j.t.JMeterThread: Thread is done: Stats arrivals 3-15
2026-10-07 02:57:26,774 INFO o.a.j.t.JMeterThread: Thread finished: Stats arrivals 3-15
2026-10-07 02:57:26,807 INFO o.a.j.t.JMeterThread: Thread is done: Search arrivals 2-54
2026-10-07 02:57:26,807 INFO o.a.j.t.JMeterThread: Thread finished: Search arrivals 2-54
2026-10-07 02:57:28,195 INFO o.a.j.t.JMeterThread: Thread is done: POST arrivals 1-245
2026-10-07 02:57:28,196 INFO o.a.j.t.JMeterThread: Thread finished: POST arrivals 1-245
2026-10-07 02:57:29,606 INFO o.a.j.t.JMeterThread: Thread is done: POST arrivals 1-246
2026-10-07 02:57:29,606 INFO o.a.j.t.JMeterThread: Thread finished: POST arrivals 1-246
2026-10-07 02:57:30,550 INFO o.a.j.t.JMeterThread: Thread started: POST arrivals 1-278
2026-10-07 02:57:30,904 INFO o.a.j.t.JMeterThread: Thread started: POST arrivals 1-279
2026-10-07 02:57:31,020 INFO o.a.j.r.Summariser: summary +     25 in 00:00:31 =    0.8/s Avg: 52956 Min: 47529 Max: 57239 Err:     0 (0.00%) Active: 46 Started: 361 Finished: 315
2026-10-07 02:57:31,021 INFO o.a.j.r.Summariser: summary =    316 in 00:08:08 =    0.6/s Avg: 22486 Min:    19 Max: 57239 Err:     0 (0.00%)
2026-10-07 02:57:31,021 INFO o.a.j.t.JMeterThread: Thread is done: POST arrivals 1-247
2026-10-07 02:57:31,021 INFO o.a.j.t.JMeterThread: Thread finished: POST arrivals 1-247
2026-10-07 02:57:31,540 INFO o.a.j.t.JMeterThread: Thread started: Search arrivals 2-66
2026-10-07 02:57:32,093 INFO o.a.j.t.JMeterThread: Thread is done: POST arrivals 1-248
2026-10-07 02:57:32,093 INFO o.a.j.t.JMeterThread: Thread finished: POST arrivals 1-248
2026-10-07 02:57:34,535 INFO o.a.j.t.JMeterThread: Thread started: POST arrivals 1-280
2026-10-07 02:57:34,551 INFO o.a.j.t.JMeterThread: Thread is done: POST arrivals 1-249
2026-10-07 02:57:34,552 INFO o.a.j.t.JMeterThread: Thread finished: POST arrivals 1-249
2026-10-07 02:57:34,587 INFO o.a.j.t.JMeterThread: Thread is done: Search arrivals 2-55
2026-10-07 02:57:34,588 INFO o.a.j.t.JMeterThread: Thread finished: Search arrivals 2-55
2026-10-07 02:57:35,791 INFO o.a.j.t.JMeterThread: Thread is done: POST arrivals 1-250
2026-10-07 02:57:35,791 INFO o.a.j.t.JMeterThread: Thread finished: POST arrivals 1-250
2026-10-07 02:57:37,735 INFO o.a.j.t.JMeterThread: Thread is done: POST arrivals 1-251
2026-10-07 02:57:37,735 INFO o.a.j.t.JMeterThread: Thread finished: POST arrivals 1-251
2026-10-07 02:57:40,251 INFO o.a.j.t.JMeterThread: Thread started: POST arrivals 1-281
2026-10-07 02:57:40,555 INFO o.a.j.t.JMeterThread: Thread started: POST arrivals 1-282
2026-10-07 02:57:41,477 INFO o.a.j.t.JMeterThread: Thread is done: POST arrivals 1-252
2026-10-07 02:57:41,477 INFO o.a.j.t.JMeterThread: Thread finished: POST arrivals 1-252
2026-10-07 02:57:43,966 INFO o.a.j.t.JMeterThread: Thread is done: POST arrivals 1-253
2026-10-07 02:57:43,966 INFO o.a.j.t.JMeterThread: Thread finished: POST arrivals 1-253
2026-10-07 02:57:44,314 INFO o.a.j.t.JMeterThread: Thread started: POST arrivals 1-283
2026-10-07 02:57:44,842 INFO o.a.j.t.JMeterThread: Thread is done: POST arrivals 1-254
2026-10-07 02:57:44,842 INFO o.a.j.t.JMeterThread: Thread finished: POST arrivals 1-254
2026-10-07 02:57:46,642 INFO o.a.j.t.JMeterThread: Thread is done: POST arrivals 1-255
2026-10-07 02:57:46,642 INFO o.a.j.t.JMeterThread: Thread finished: POST arrivals 1-255
2026-10-07 02:57:48,294 INFO o.a.j.t.JMeterThread: Thread started: POST arrivals 1-284
2026-10-07 02:57:48,378 INFO o.a.j.t.JMeterThread: Thread is done: POST arrivals 1-256
2026-10-07 02:57:48,379 INFO o.a.j.t.JMeterThread: Thread finished: POST arrivals 1-256
2026-10-07 02:57:48,414 INFO o.a.j.t.JMeterThread: Thread is done: Search arrivals 2-56
2026-10-07 02:57:48,414 INFO o.a.j.t.JMeterThread: Thread finished: Search arrivals 2-56
2026-10-07 02:57:48,434 INFO o.a.j.t.JMeterThread: Thread is done: Stats arrivals 3-16
2026-10-07 02:57:48,434 INFO o.a.j.t.JMeterThread: Thread finished: Stats arrivals 3-16
2026-10-07 02:57:48,475 INFO o.a.j.t.JMeterThread: Thread is done: Search arrivals 2-57
2026-10-07 02:57:48,475 INFO o.a.j.t.JMeterThread: Thread finished: Search arrivals 2-57
2026-10-07 02:57:48,660 INFO o.a.j.t.JMeterThread: Thread started: POST arrivals 1-285
2026-10-07 02:57:51,260 INFO o.a.j.t.JMeterThread: Thread started: Search arrivals 2-67
2026-10-07 02:57:51,353 INFO o.a.j.t.JMeterThread: Thread is done: POST arrivals 1-257
2026-10-07 02:57:51,353 INFO o.a.j.t.JMeterThread: Thread finished: POST arrivals 1-257
2026-10-07 02:57:51,618 INFO o.a.j.t.JMeterThread: Thread started: POST arrivals 1-286
2026-10-07 02:57:51,656 INFO o.a.j.t.JMeterThread: Thread started: POST arrivals 1-287
2026-10-07 02:57:52,056 INFO o.a.j.t.JMeterThread: Thread started: POST arrivals 1-288
2026-10-07 02:57:53,009 INFO o.a.j.t.JMeterThread: Thread started: POST arrivals 1-289
2026-10-07 02:57:54,808 INFO o.a.j.t.JMeterThread: Thread is done: POST arrivals 1-258
2026-10-07 02:57:54,808 INFO o.a.j.t.JMeterThread: Thread finished: POST arrivals 1-258
2026-10-07 02:57:54,830 INFO o.a.j.t.JMeterThread: Thread is done: Stats arrivals 3-17
2026-10-07 02:57:54,831 INFO o.a.j.t.JMeterThread: Thread finished: Stats arrivals 3-17
2026-10-07 02:57:54,866 INFO o.a.j.t.JMeterThread: Thread is done: Search arrivals 2-58
2026-10-07 02:57:54,866 INFO o.a.j.t.JMeterThread: Thread finished: Search arrivals 2-58
2026-10-07 02:57:55,120 INFO o.a.j.t.JMeterThread: Thread started: POST arrivals 1-290
2026-10-07 02:57:55,477 INFO o.a.j.t.JMeterThread: Thread started: POST arrivals 1-291
2026-10-07 02:57:55,482 INFO o.a.j.t.JMeterThread: Thread started: POST arrivals 1-292
2026-10-07 02:57:55,492 INFO o.a.j.t.JMeterThread: Thread started: POST arrivals 1-293
2026-10-07 02:57:56,148 INFO o.a.j.t.JMeterThread: Thread started: POST arrivals 1-294
2026-10-07 02:57:56,174 INFO o.a.j.t.JMeterThread: Thread started: POST arrivals 1-295
2026-10-07 02:57:56,437 INFO o.a.j.t.JMeterThread: Thread started: Search arrivals 2-68
2026-10-07 02:57:57,044 INFO o.a.j.t.JMeterThread: Thread started: POST arrivals 1-296
2026-10-07 02:57:57,483 INFO o.a.j.t.JMeterThread: Thread is done: POST arrivals 1-259
2026-10-07 02:57:57,483 INFO o.a.j.t.JMeterThread: Thread finished: POST arrivals 1-259
2026-10-07 02:57:57,505 INFO o.a.j.t.JMeterThread: Thread started: POST arrivals 1-297
2026-10-07 02:58:01,026 INFO o.a.j.r.Summariser: summary +     19 in 00:00:30 =    0.6/s Avg: 58679 Min: 53760 Max: 64228 Err:     0 (0.00%) Active: 48 Started: 382 Finished: 334
2026-10-07 02:58:01,027 INFO o.a.j.r.Summariser: summary =    335 in 00:08:38 =    0.6/s Avg: 24539 Min:    19 Max: 64228 Err:     0 (0.00%)
2026-10-07 02:58:01,027 INFO o.a.j.t.JMeterThread: Thread is done: POST arrivals 1-260
2026-10-07 02:58:01,027 INFO o.a.j.t.JMeterThread: Thread finished: POST arrivals 1-260
2026-10-07 02:58:02,267 INFO o.a.j.t.JMeterThread: Thread started: POST arrivals 1-298
2026-10-07 02:58:02,747 INFO o.a.j.t.JMeterThread: Thread is done: POST arrivals 1-261
2026-10-07 02:58:02,748 INFO o.a.j.t.JMeterThread: Thread finished: POST arrivals 1-261
2026-10-07 02:58:03,299 INFO o.a.j.t.JMeterThread: Thread started: POST arrivals 1-299
2026-10-07 02:58:03,698 INFO o.a.j.t.JMeterThread: Thread started: POST arrivals 1-300
2026-10-07 02:58:04,287 INFO o.a.j.t.JMeterThread: Thread started: POST arrivals 1-301
2026-10-07 02:58:04,423 INFO o.a.j.t.JMeterThread: Thread started: POST arrivals 1-302
2026-10-07 02:58:04,559 INFO o.a.j.t.JMeterThread: Thread started: Search arrivals 2-69
2026-10-07 02:58:05,193 INFO o.a.j.t.JMeterThread: Thread is done: POST arrivals 1-262
2026-10-07 02:58:05,193 INFO o.a.j.t.JMeterThread: Thread finished: POST arrivals 1-262
2026-10-07 02:58:06,085 INFO o.a.j.t.JMeterThread: Thread is done: POST arrivals 1-263
2026-10-07 02:58:06,085 INFO o.a.j.t.JMeterThread: Thread finished: POST arrivals 1-263
2026-10-07 02:58:06,118 INFO o.a.j.t.JMeterThread: Thread is done: Search arrivals 2-59
2026-10-07 02:58:06,119 INFO o.a.j.t.JMeterThread: Thread finished: Search arrivals 2-59
2026-10-07 02:58:06,149 INFO o.a.j.t.JMeterThread: Thread is done: Search arrivals 2-60
2026-10-07 02:58:06,149 INFO o.a.j.t.JMeterThread: Thread finished: Search arrivals 2-60
2026-10-07 02:58:07,531 INFO o.a.j.t.JMeterThread: Thread is done: POST arrivals 1-264
2026-10-07 02:58:07,531 INFO o.a.j.t.JMeterThread: Thread finished: POST arrivals 1-264
2026-10-07 02:58:09,393 INFO o.a.j.t.JMeterThread: Thread is done: POST arrivals 1-266
2026-10-07 02:58:09,393 INFO o.a.j.t.JMeterThread: Thread finished: POST arrivals 1-266
2026-10-07 02:58:10,378 INFO o.a.j.t.JMeterThread: Thread is done: POST arrivals 1-265
2026-10-07 02:58:10,378 INFO o.a.j.t.JMeterThread: Thread finished: POST arrivals 1-265
2026-10-07 02:58:10,409 INFO o.a.j.t.JMeterThread: Thread is done: Search arrivals 2-61
2026-10-07 02:58:10,410 INFO o.a.j.t.JMeterThread: Thread finished: Search arrivals 2-61
2026-10-07 02:58:10,442 INFO o.a.j.t.JMeterThread: Thread is done: Search arrivals 2-62
2026-10-07 02:58:10,442 INFO o.a.j.t.JMeterThread: Thread finished: Search arrivals 2-62
2026-10-07 02:58:11,055 INFO o.a.j.t.JMeterThread: Thread started: Search arrivals 2-70
2026-10-07 02:58:11,807 INFO o.a.j.t.JMeterThread: Thread is done: POST arrivals 1-267
2026-10-07 02:58:11,807 INFO o.a.j.t.JMeterThread: Thread finished: POST arrivals 1-267
2026-10-07 02:58:11,841 INFO o.a.j.t.JMeterThread: Thread is done: Search arrivals 2-63
2026-10-07 02:58:11,843 INFO o.a.j.t.JMeterThread: Thread finished: Search arrivals 2-63
2026-10-07 02:58:11,876 INFO o.a.j.t.JMeterThread: Thread is done: Search arrivals 2-64
2026-10-07 02:58:11,876 INFO o.a.j.t.JMeterThread: Thread finished: Search arrivals 2-64
2026-10-07 02:58:11,969 INFO o.a.j.t.JMeterThread: Thread started: Search arrivals 2-71
2026-10-07 02:58:12,834 INFO o.a.j.t.JMeterThread: Thread is done: POST arrivals 1-268
2026-10-07 02:58:12,838 INFO o.a.j.t.JMeterThread: Thread finished: POST arrivals 1-268
2026-10-07 02:58:14,176 INFO o.a.j.t.JMeterThread: Thread is done: POST arrivals 1-269
2026-10-07 02:58:14,176 INFO o.a.j.t.JMeterThread: Thread finished: POST arrivals 1-269
2026-10-07 02:58:14,464 INFO o.a.j.t.JMeterThread: Thread started: POST arrivals 1-303
2026-10-07 02:58:15,386 INFO o.a.j.t.JMeterThread: Thread started: POST arrivals 1-304
2026-10-07 02:58:15,809 INFO o.a.j.t.JMeterThread: Thread started: POST arrivals 1-305
2026-10-07 02:58:15,912 INFO o.a.j.t.JMeterThread: Thread is done: POST arrivals 1-270
2026-10-07 02:58:15,912 INFO o.a.j.t.JMeterThread: Thread finished: POST arrivals 1-270
2026-10-07 02:58:16,656 INFO o.a.j.t.JMeterThread: Thread started: POST arrivals 1-306
2026-10-07 02:58:17,221 INFO o.a.j.t.JMeterThread: Thread is done: POST arrivals 1-271
2026-10-07 02:58:17,221 INFO o.a.j.t.JMeterThread: Thread finished: POST arrivals 1-271
2026-10-07 02:58:17,268 INFO o.a.j.t.JMeterThread: Thread is done: Search arrivals 2-65
2026-10-07 02:58:17,268 INFO o.a.j.t.JMeterThread: Thread finished: Search arrivals 2-65
2026-10-07 02:58:18,081 INFO o.a.j.t.JMeterThread: Thread is done: POST arrivals 1-272
2026-10-07 02:58:18,081 INFO o.a.j.t.JMeterThread: Thread finished: POST arrivals 1-272
2026-10-07 02:58:19,107 INFO o.a.j.t.JMeterThread: Thread is done: POST arrivals 1-273
2026-10-07 02:58:19,107 INFO o.a.j.t.JMeterThread: Thread finished: POST arrivals 1-273
2026-10-07 02:58:19,348 INFO o.a.j.t.JMeterThread: Thread started: POST arrivals 1-307
2026-10-07 02:58:19,350 INFO o.a.j.t.JMeterThread: Thread started: POST arrivals 1-308
2026-10-07 02:58:20,614 INFO o.a.j.t.JMeterThread: Thread started: POST arrivals 1-309
2026-10-07 02:58:21,876 INFO o.a.j.t.JMeterThread: Thread is done: POST arrivals 1-274
2026-10-07 02:58:21,876 INFO o.a.j.t.JMeterThread: Thread finished: POST arrivals 1-274
2026-10-07 02:58:23,163 INFO o.a.j.t.JMeterThread: Thread is done: POST arrivals 1-275
2026-10-07 02:58:23,163 INFO o.a.j.t.JMeterThread: Thread finished: POST arrivals 1-275
2026-10-07 02:58:23,276 INFO o.a.j.t.JMeterThread: Thread started: POST arrivals 1-310
2026-10-07 02:58:25,182 INFO o.a.j.t.JMeterThread: Thread is done: POST arrivals 1-276
2026-10-07 02:58:25,182 INFO o.a.j.t.JMeterThread: Thread finished: POST arrivals 1-276
2026-10-07 02:58:25,329 INFO o.a.j.t.JMeterThread: Thread started: POST arrivals 1-311
2026-10-07 02:58:26,359 INFO o.a.j.t.JMeterThread: Thread is done: POST arrivals 1-277
2026-10-07 02:58:26,359 INFO o.a.j.t.JMeterThread: Thread finished: POST arrivals 1-277
2026-10-07 02:58:26,728 INFO o.a.j.t.JMeterThread: Thread started: POST arrivals 1-312
2026-10-07 02:58:26,946 INFO o.a.j.t.JMeterThread: Thread started: POST arrivals 1-313
2026-10-07 02:58:26,980 INFO o.a.j.t.JMeterThread: Thread started: POST arrivals 1-314
2026-10-07 02:58:27,844 INFO o.a.j.t.JMeterThread: Thread is done: POST arrivals 1-278
2026-10-07 02:58:27,844 INFO o.a.j.t.JMeterThread: Thread finished: POST arrivals 1-278
2026-10-07 02:58:28,750 INFO o.a.j.t.JMeterThread: Thread started: Search arrivals 2-72
2026-10-07 02:58:28,896 INFO o.a.j.t.JMeterThread: Thread started: POST arrivals 1-315
2026-10-07 02:58:29,437 INFO o.a.j.t.JMeterThread: Thread started: POST arrivals 1-316
2026-10-07 02:58:29,758 INFO o.a.j.t.JMeterThread: Thread is done: POST arrivals 1-279
2026-10-07 02:58:29,758 INFO o.a.j.t.JMeterThread: Thread finished: POST arrivals 1-279
2026-10-07 02:58:29,792 INFO o.a.j.t.JMeterThread: Thread is done: Search arrivals 2-66
2026-10-07 02:58:29,792 INFO o.a.j.t.JMeterThread: Thread finished: Search arrivals 2-66
2026-10-07 02:58:31,022 INFO o.a.j.t.JMeterThread: Thread started: POST arrivals 1-317
2026-10-07 02:58:31,708 INFO o.a.j.t.JMeterThread: Thread started: POST arrivals 1-318
2026-10-07 02:58:32,018 INFO o.a.j.r.Summariser: summary +     28 in 00:00:31 =    0.9/s Avg: 59954 Min: 54955 Max: 65993 Err:     0 (0.00%) Active: 45 Started: 407 Finished: 362
2026-10-07 02:58:32,019 INFO o.a.j.r.Summariser: summary =    363 in 00:09:09 =    0.7/s Avg: 27271 Min:    19 Max: 65993 Err:     0 (0.00%)
2026-10-07 02:58:32,019 INFO o.a.j.t.JMeterThread: Thread is done: POST arrivals 1-280
2026-10-07 02:58:32,019 INFO o.a.j.t.JMeterThread: Thread finished: POST arrivals 1-280
2026-10-07 02:58:32,047 INFO o.a.j.t.JMeterThread: Thread started: POST arrivals 1-319
2026-10-07 02:58:32,504 INFO o.a.j.t.JMeterThread: Thread started: POST arrivals 1-320
2026-10-07 02:58:33,974 INFO o.a.j.t.JMeterThread: Thread is done: POST arrivals 1-281
2026-10-07 02:58:33,974 INFO o.a.j.t.JMeterThread: Thread finished: POST arrivals 1-281
2026-10-07 02:58:34,941 INFO o.a.j.t.JMeterThread: Thread started: POST arrivals 1-321
2026-10-07 02:58:35,509 INFO o.a.j.t.JMeterThread: Thread is done: POST arrivals 1-282
2026-10-07 02:58:35,509 INFO o.a.j.t.JMeterThread: Thread finished: POST arrivals 1-282
2026-10-07 02:58:35,535 INFO o.a.j.t.JMeterThread: Thread started: POST arrivals 1-322
2026-10-07 02:58:36,944 INFO o.a.j.t.JMeterThread: Thread started: POST arrivals 1-323
2026-10-07 02:58:37,399 INFO o.a.j.t.JMeterThread: Thread started: POST arrivals 1-324
2026-10-07 02:58:37,573 INFO o.a.j.t.JMeterThread: Thread is done: POST arrivals 1-283
2026-10-07 02:58:37,573 INFO o.a.j.t.JMeterThread: Thread finished: POST arrivals 1-283
2026-10-07 02:58:39,589 INFO o.a.j.t.JMeterThread: Thread is done: POST arrivals 1-284
2026-10-07 02:58:39,589 INFO o.a.j.t.JMeterThread: Thread finished: POST arrivals 1-284
2026-10-07 02:58:40,453 INFO o.a.j.t.JMeterThread: Thread started: POST arrivals 1-325
2026-10-07 02:58:40,896 INFO o.a.j.t.JMeterThread: Thread started: POST arrivals 1-326
2026-10-07 02:58:41,019 INFO o.a.j.t.JMeterThread: Thread is done: POST arrivals 1-285
2026-10-07 02:58:41,019 INFO o.a.j.t.JMeterThread: Thread finished: POST arrivals 1-285
2026-10-07 02:58:41,058 INFO o.a.j.t.JMeterThread: Thread is done: Search arrivals 2-67
2026-10-07 02:58:41,059 INFO o.a.j.t.JMeterThread: Thread finished: Search arrivals 2-67
2026-10-07 02:58:41,753 INFO o.a.j.t.JMeterThread: Thread started: POST arrivals 1-327
2026-10-07 02:58:42,732 INFO o.a.j.t.JMeterThread: Thread started: POST arrivals 1-328
2026-10-07 02:58:42,870 INFO o.a.j.t.JMeterThread: Thread is done: POST arrivals 1-286
2026-10-07 02:58:42,870 INFO o.a.j.t.JMeterThread: Thread finished: POST arrivals 1-286
2026-10-07 02:58:43,276 INFO o.a.j.t.JMeterThread: Thread started: Search arrivals 2-73
2026-10-07 02:58:43,768 INFO o.a.j.t.JMeterThread: Thread started: POST arrivals 1-329
2026-10-07 02:58:43,854 INFO o.a.j.t.JMeterThread: Thread started: POST arrivals 1-330
2026-10-07 02:58:44,044 INFO o.a.j.t.JMeterThread: Thread started: POST arrivals 1-331
2026-10-07 02:58:44,649 INFO o.a.j.t.JMeterThread: Thread started: POST arrivals 1-332
2026-10-07 02:58:45,855 INFO o.a.j.t.JMeterThread: Thread is done: POST arrivals 1-287
2026-10-07 02:58:45,856 INFO o.a.j.t.JMeterThread: Thread finished: POST arrivals 1-287
2026-10-07 02:58:46,092 INFO o.a.j.t.JMeterThread: Thread started: POST arrivals 1-333
2026-10-07 02:58:46,933 INFO o.a.j.t.JMeterThread: Thread is done: POST arrivals 1-288
2026-10-07 02:58:46,935 INFO o.a.j.t.JMeterThread: Thread finished: POST arrivals 1-288
2026-10-07 02:58:47,363 INFO o.a.j.t.JMeterThread: Thread started: POST arrivals 1-334
2026-10-07 02:58:48,262 INFO o.a.j.t.JMeterThread: Thread started: POST arrivals 1-335
2026-10-07 02:58:48,494 INFO o.a.j.t.JMeterThread: Thread started: POST arrivals 1-336
2026-10-07 02:58:48,514 INFO o.a.j.t.JMeterThread: Thread is done: POST arrivals 1-289
2026-10-07 02:58:48,514 INFO o.a.j.t.JMeterThread: Thread finished: POST arrivals 1-289
2026-10-07 02:58:49,593 INFO o.a.j.t.JMeterThread: Thread is done: POST arrivals 1-290
2026-10-07 02:58:49,593 INFO o.a.j.t.JMeterThread: Thread finished: POST arrivals 1-290
2026-10-07 02:58:49,865 INFO o.a.j.t.JMeterThread: Thread started: POST arrivals 1-337
2026-10-07 02:58:51,164 INFO o.a.j.t.JMeterThread: Thread is done: POST arrivals 1-292
2026-10-07 02:58:51,164 INFO o.a.j.t.JMeterThread: Thread finished: POST arrivals 1-292
2026-10-07 02:58:51,702 INFO o.a.j.t.JMeterThread: Thread started: POST arrivals 1-338
2026-10-07 02:58:52,407 INFO o.a.j.t.JMeterThread: Thread started: POST arrivals 1-339
2026-10-07 02:58:54,747 INFO o.a.j.t.JMeterThread: Thread is done: POST arrivals 1-291
2026-10-07 02:58:54,747 INFO o.a.j.t.JMeterThread: Thread finished: POST arrivals 1-291
2026-10-07 02:58:58,027 INFO o.a.j.t.JMeterThread: Thread is done: POST arrivals 1-293
2026-10-07 02:58:58,027 INFO o.a.j.t.JMeterThread: Thread finished: POST arrivals 1-293
2026-10-07 02:58:59,842 INFO o.a.j.t.JMeterThread: Thread is done: POST arrivals 1-294
2026-10-07 02:58:59,842 INFO o.a.j.t.JMeterThread: Thread finished: POST arrivals 1-294
2026-10-07 02:59:01,830 INFO o.a.j.t.JMeterThread: Thread started: Search arrivals 2-74
2026-10-07 02:59:02,845 INFO o.a.j.r.Summariser: summary +     16 in 00:00:31 =    0.5/s Avg: 55844 Min: 49798 Max: 66668 Err:     0 (0.00%) Active: 52 Started: 430 Finished: 378
2026-10-07 02:59:02,846 INFO o.a.j.r.Summariser: summary =    379 in 00:09:39 =    0.7/s Avg: 28477 Min:    19 Max: 66668 Err:     0 (0.00%)
2026-10-07 02:59:02,846 INFO o.a.j.t.JMeterThread: Thread is done: POST arrivals 1-295
2026-10-07 02:59:02,846 INFO o.a.j.t.JMeterThread: Thread finished: POST arrivals 1-295
2026-10-07 02:59:02,880 INFO o.a.j.t.JMeterThread: Thread is done: Search arrivals 2-68
2026-10-07 02:59:02,880 INFO o.a.j.t.JMeterThread: Thread finished: Search arrivals 2-68
2026-10-07 02:59:04,135 INFO o.a.j.t.JMeterThread: Thread started: POST arrivals 1-340
2026-10-07 02:59:04,186 INFO o.a.j.t.JMeterThread: Thread started: POST arrivals 1-341
2026-10-07 02:59:06,610 INFO o.a.j.t.JMeterThread: Thread is done: POST arrivals 1-296
2026-10-07 02:59:06,610 INFO o.a.j.t.JMeterThread: Thread finished: POST arrivals 1-296
2026-10-07 02:59:08,128 INFO o.a.j.t.JMeterThread: Thread started: Stats arrivals 3-18
2026-10-07 02:59:09,272 INFO o.a.j.t.JMeterThread: Thread is done: POST arrivals 1-297
2026-10-07 02:59:09,272 INFO o.a.j.t.JMeterThread: Thread finished: POST arrivals 1-297
2026-10-07 02:59:09,937 INFO o.a.j.t.JMeterThread: Thread started: POST arrivals 1-342
2026-10-07 02:59:10,431 INFO o.a.j.t.JMeterThread: Thread started: POST arrivals 1-343
2026-10-07 02:59:12,224 INFO o.a.j.t.JMeterThread: Thread is done: POST arrivals 1-298
2026-10-07 02:59:12,224 INFO o.a.j.t.JMeterThread: Thread finished: POST arrivals 1-298
2026-10-07 02:59:13,757 INFO o.a.j.t.JMeterThread: Thread started: POST arrivals 1-344
2026-10-07 02:59:15,423 INFO o.a.j.t.JMeterThread: Thread is done: POST arrivals 1-299
2026-10-07 02:59:15,423 INFO o.a.j.t.JMeterThread: Thread finished: POST arrivals 1-299
2026-10-07 02:59:15,516 INFO o.a.j.t.JMeterThread: Thread started: POST arrivals 1-345
2026-10-07 02:59:15,850 INFO o.a.j.t.JMeterThread: Thread started: POST arrivals 1-346
2026-10-07 02:59:16,491 INFO o.a.j.t.JMeterThread: Thread started: Search arrivals 2-75
2026-10-07 02:59:16,598 INFO o.a.j.t.JMeterThread: Thread started: POST arrivals 1-347
2026-10-07 02:59:16,754 INFO o.a.j.t.JMeterThread: Thread is done: POST arrivals 1-300
2026-10-07 02:59:16,754 INFO o.a.j.t.JMeterThread: Thread finished: POST arrivals 1-300
2026-10-07 02:59:17,850 INFO o.a.j.t.JMeterThread: Thread is done: POST arrivals 1-301
2026-10-07 02:59:17,850 INFO o.a.j.t.JMeterThread: Thread finished: POST arrivals 1-301
2026-10-07 02:59:18,488 INFO o.a.j.t.JMeterThread: Thread started: POST arrivals 1-348
2026-10-07 02:59:20,053 INFO o.a.j.t.JMeterThread: Thread started: POST arrivals 1-349
2026-10-07 02:59:20,114 INFO o.a.j.t.JMeterThread: Thread is done: POST arrivals 1-302
2026-10-07 02:59:20,114 INFO o.a.j.t.JMeterThread: Thread finished: POST arrivals 1-302
2026-10-07 02:59:20,154 INFO o.a.j.t.JMeterThread: Thread is done: Search arrivals 2-69
2026-10-07 02:59:20,154 INFO o.a.j.t.JMeterThread: Thread finished: Search arrivals 2-69
2026-10-07 02:59:20,186 INFO o.a.j.t.JMeterThread: Thread is done: Search arrivals 2-70
2026-10-07 02:59:20,187 INFO o.a.j.t.JMeterThread: Thread finished: Search arrivals 2-70
2026-10-07 02:59:20,225 INFO o.a.j.t.JMeterThread: Thread is done: Search arrivals 2-71
2026-10-07 02:59:20,225 INFO o.a.j.t.JMeterThread: Thread finished: Search arrivals 2-71
2026-10-07 02:59:21,180 INFO o.a.j.t.JMeterThread: Thread started: POST arrivals 1-350
2026-10-07 02:59:21,805 INFO o.a.j.t.JMeterThread: Thread is done: POST arrivals 1-303
2026-10-07 02:59:21,805 INFO o.a.j.t.JMeterThread: Thread finished: POST arrivals 1-303
2026-10-07 02:59:21,911 INFO o.a.j.t.JMeterThread: Thread started: POST arrivals 1-351
2026-10-07 02:59:23,013 INFO o.a.j.t.JMeterThread: Thread is done: POST arrivals 1-304
2026-10-07 02:59:23,013 INFO o.a.j.t.JMeterThread: Thread finished: POST arrivals 1-304
2026-10-07 02:59:23,358 INFO o.a.j.t.JMeterThread: Thread started: POST arrivals 1-352
2026-10-07 02:59:24,190 INFO o.a.j.t.JMeterThread: Thread is done: POST arrivals 1-305
2026-10-07 02:59:24,190 INFO o.a.j.t.JMeterThread: Thread finished: POST arrivals 1-305
2026-10-07 02:59:25,211 INFO o.a.j.t.JMeterThread: Thread started: Search arrivals 2-76
2026-10-07 02:59:27,409 INFO o.a.j.t.JMeterThread: Thread is done: POST arrivals 1-306
2026-10-07 02:59:27,409 INFO o.a.j.t.JMeterThread: Thread finished: POST arrivals 1-306
2026-10-07 02:59:27,437 INFO o.a.j.t.JMeterThread: Thread started: Search arrivals 2-77
2026-10-07 02:59:27,718 INFO o.a.j.t.JMeterThread: Thread started: POST arrivals 1-353
2026-10-07 02:59:28,534 INFO o.a.j.t.JMeterThread: Thread started: POST arrivals 1-354
2026-10-07 02:59:28,570 INFO o.a.j.t.JMeterThread: Thread started: POST arrivals 1-355
2026-10-07 02:59:31,097 INFO o.a.j.r.Summariser: summary +     16 in 00:00:28 =    0.6/s Avg: 70684 Min: 66440 Max: 75688 Err:     0 (0.00%) Active: 56 Started: 450 Finished: 394
2026-10-07 02:59:31,098 INFO o.a.j.r.Summariser: summary =    395 in 00:10:08 =    0.7/s Avg: 30187 Min:    19 Max: 75688 Err:     0 (0.00%)
2026-10-07 02:59:31,099 INFO o.a.j.t.JMeterThread: Thread is done: POST arrivals 1-307
2026-10-07 02:59:31,099 INFO o.a.j.t.JMeterThread: Thread finished: POST arrivals 1-307
2026-10-07 02:59:31,513 INFO o.a.j.t.JMeterThread: Thread started: Search arrivals 2-78
2026-10-07 02:59:31,953 INFO o.a.j.t.JMeterThread: Thread is done: POST arrivals 1-308
2026-10-07 02:59:31,953 INFO o.a.j.t.JMeterThread: Thread finished: POST arrivals 1-308
2026-10-07 02:59:34,493 INFO o.a.j.t.JMeterThread: Thread started: Stats arrivals 3-19
2026-10-07 02:59:36,266 INFO o.a.j.t.JMeterThread: Thread is done: POST arrivals 1-309
2026-10-07 02:59:36,267 INFO o.a.j.t.JMeterThread: Thread finished: POST arrivals 1-309
2026-10-07 02:59:37,879 INFO o.a.j.t.JMeterThread: Thread is done: POST arrivals 1-310
2026-10-07 02:59:37,879 INFO o.a.j.t.JMeterThread: Thread finished: POST arrivals 1-310
2026-10-07 02:59:38,182 INFO o.a.j.t.JMeterThread: Thread started: Stats arrivals 3-20
2026-10-07 02:59:38,492 INFO o.a.j.t.JMeterThread: Thread started: POST arrivals 1-356
2026-10-07 02:59:39,407 INFO o.a.j.t.JMeterThread: Thread is done: POST arrivals 1-311
2026-10-07 02:59:39,408 INFO o.a.j.t.JMeterThread: Thread finished: POST arrivals 1-311
2026-10-07 02:59:40,238 INFO o.a.j.t.JMeterThread: Thread is done: POST arrivals 1-312
2026-10-07 02:59:40,238 INFO o.a.j.t.JMeterThread: Thread finished: POST arrivals 1-312
2026-10-07 02:59:40,650 INFO o.a.j.t.JMeterThread: Thread started: POST arrivals 1-357
2026-10-07 02:59:41,463 INFO o.a.j.t.JMeterThread: Thread started: POST arrivals 1-358
2026-10-07 02:59:41,667 INFO o.a.j.t.JMeterThread: Thread started: POST arrivals 1-359
2026-10-07 02:59:41,924 INFO o.a.j.t.JMeterThread: Thread started: POST arrivals 1-360
2026-10-07 02:59:42,198 INFO o.a.j.t.JMeterThread: Thread started: POST arrivals 1-361
2026-10-07 02:59:43,224 INFO o.a.j.t.JMeterThread: Thread is done: POST arrivals 1-313
2026-10-07 02:59:43,224 INFO o.a.j.t.JMeterThread: Thread finished: POST arrivals 1-313
2026-10-07 02:59:44,340 INFO o.a.j.t.JMeterThread: Thread is done: POST arrivals 1-314
2026-10-07 02:59:44,340 INFO o.a.j.t.JMeterThread: Thread finished: POST arrivals 1-314
2026-10-07 02:59:44,506 INFO o.a.j.t.JMeterThread: Thread is done: Search arrivals 2-72
2026-10-07 02:59:44,506 INFO o.a.j.t.JMeterThread: Thread finished: Search arrivals 2-72
2026-10-07 02:59:45,502 INFO o.a.j.t.JMeterThread: Thread started: POST arrivals 1-362
2026-10-07 02:59:47,596 INFO o.a.j.t.JMeterThread: Thread started: POST arrivals 1-363
2026-10-07 02:59:47,982 INFO o.a.j.t.JMeterThread: Thread is done: POST arrivals 1-315
2026-10-07 02:59:47,982 INFO o.a.j.t.JMeterThread: Thread finished: POST arrivals 1-315
2026-10-07 02:59:48,783 INFO o.a.j.t.JMeterThread: Thread started: POST arrivals 1-364
2026-10-07 02:59:49,122 INFO o.a.j.t.JMeterThread: Thread started: POST arrivals 1-365
2026-10-07 02:59:49,729 INFO o.a.j.t.JMeterThread: Thread is done: POST arrivals 1-316
2026-10-07 02:59:49,729 INFO o.a.j.t.JMeterThread: Thread finished: POST arrivals 1-316
2026-10-07 02:59:50,060 INFO o.a.j.t.JMeterThread: Thread started: POST arrivals 1-366
2026-10-07 02:59:50,803 INFO o.a.j.t.JMeterThread: Thread is done: POST arrivals 1-317
2026-10-07 02:59:50,803 INFO o.a.j.t.JMeterThread: Thread finished: POST arrivals 1-317
2026-10-07 02:59:51,504 INFO o.a.j.t.JMeterThread: Thread started: POST arrivals 1-367
2026-10-07 02:59:51,743 INFO o.a.j.t.JMeterThread: Thread is done: POST arrivals 1-318
2026-10-07 02:59:51,743 INFO o.a.j.t.JMeterThread: Thread finished: POST arrivals 1-318
2026-10-07 02:59:52,295 INFO o.a.j.t.JMeterThread: Thread started: POST arrivals 1-368
2026-10-07 02:59:52,432 INFO o.a.j.t.JMeterThread: Thread started: POST arrivals 1-369
2026-10-07 02:59:52,829 INFO o.a.j.t.JMeterThread: Thread is done: POST arrivals 1-319
2026-10-07 02:59:52,829 INFO o.a.j.t.JMeterThread: Thread finished: POST arrivals 1-319
2026-10-07 02:59:53,675 INFO o.a.j.t.JMeterThread: Thread started: Search arrivals 2-79
2026-10-07 02:59:53,971 INFO o.a.j.t.JMeterThread: Thread is done: POST arrivals 1-320
2026-10-07 02:59:53,971 INFO o.a.j.t.JMeterThread: Thread finished: POST arrivals 1-320
2026-10-07 02:59:54,900 INFO o.a.j.t.JMeterThread: Thread is done: POST arrivals 1-321
2026-10-07 02:59:54,900 INFO o.a.j.t.JMeterThread: Thread finished: POST arrivals 1-321
2026-10-07 02:59:56,551 INFO o.a.j.t.JMeterThread: Thread is done: POST arrivals 1-322
2026-10-07 02:59:56,551 INFO o.a.j.t.JMeterThread: Thread finished: POST arrivals 1-322
2026-10-07 02:59:56,844 INFO o.a.j.t.JMeterThread: Thread started: POST arrivals 1-370
2026-10-07 02:59:57,451 INFO o.a.j.t.JMeterThread: Thread is done: POST arrivals 1-323
2026-10-07 02:59:57,451 INFO o.a.j.t.JMeterThread: Thread finished: POST arrivals 1-323
2026-10-07 02:59:57,662 INFO o.a.j.t.JMeterThread: Thread started: POST arrivals 1-371
2026-10-07 02:59:58,238 INFO o.a.j.t.JMeterThread: Thread is done: POST arrivals 1-324
2026-10-07 02:59:58,238 INFO o.a.j.t.JMeterThread: Thread finished: POST arrivals 1-324
2026-10-07 02:59:58,338 INFO o.a.j.t.JMeterThread: Thread started: POST arrivals 1-372
2026-10-07 02:59:59,706 INFO o.a.j.t.JMeterThread: Thread is done: POST arrivals 1-325
2026-10-07 02:59:59,706 INFO o.a.j.t.JMeterThread: Thread finished: POST arrivals 1-325
2026-10-07 02:59:59,824 INFO o.a.j.t.JMeterThread: Thread started: POST arrivals 1-373
2026-10-07 03:00:00,088 INFO o.a.j.t.JMeterThread: Thread started: Search arrivals 2-80
2026-10-07 03:00:00,526 INFO o.a.j.t.JMeterThread: Thread started: POST arrivals 1-374
2026-10-07 03:00:00,781 INFO o.a.j.r.Summariser: summary +     20 in 00:00:30 =    0.7/s Avg: 78134 Min: 72601 Max: 81464 Err:     0 (0.00%) Active: 60 Started: 474 Finished: 414
2026-10-07 03:00:00,782 INFO o.a.j.r.Summariser: summary =    415 in 00:10:37 =    0.7/s Avg: 32497 Min:    19 Max: 81464 Err:     0 (0.00%)
2026-10-07 03:00:00,782 INFO o.a.j.t.JMeterThread: Thread is done: POST arrivals 1-326
2026-10-07 03:00:00,782 INFO o.a.j.t.JMeterThread: Thread finished: POST arrivals 1-326
2026-10-07 03:00:02,988 INFO o.a.j.t.JMeterThread: Thread is done: POST arrivals 1-327
2026-10-07 03:00:02,988 INFO o.a.j.t.JMeterThread: Thread finished: POST arrivals 1-327
2026-10-07 03:00:04,537 INFO o.a.j.t.JMeterThread: Thread is done: POST arrivals 1-328
2026-10-07 03:00:04,537 INFO o.a.j.t.JMeterThread: Thread finished: POST arrivals 1-328
2026-10-07 03:00:04,606 INFO o.a.j.t.JMeterThread: Thread is done: Search arrivals 2-73
2026-10-07 03:00:04,606 INFO o.a.j.t.JMeterThread: Thread finished: Search arrivals 2-73
2026-10-07 03:00:04,618 INFO o.a.j.t.JMeterThread: Thread started: Search arrivals 2-81
2026-10-07 03:00:05,236 INFO o.a.j.t.JMeterThread: Thread started: POST arrivals 1-375
2026-10-07 03:00:05,259 INFO o.a.j.t.JMeterThread: Thread started: POST arrivals 1-376
2026-10-07 03:00:05,310 INFO o.a.j.t.JMeterThread: Thread started: POST arrivals 1-377
2026-10-07 03:00:06,243 INFO o.a.j.t.JMeterThread: Thread started: POST arrivals 1-378
2026-10-07 03:00:07,629 INFO o.a.j.t.JMeterThread: Thread is done: POST arrivals 1-329
2026-10-07 03:00:07,629 INFO o.a.j.t.JMeterThread: Thread finished: POST arrivals 1-329
2026-10-07 03:00:08,036 INFO o.a.j.t.JMeterThread: Thread started: POST arrivals 1-379
2026-10-07 03:00:08,332 INFO o.a.j.t.JMeterThread: Thread started: Search arrivals 2-82
2026-10-07 03:00:09,038 INFO o.a.j.t.JMeterThread: Thread is done: POST arrivals 1-330
2026-10-07 03:00:09,038 INFO o.a.j.t.JMeterThread: Thread finished: POST arrivals 1-330
2026-10-07 03:00:09,727 INFO o.a.j.t.JMeterThread: Thread started: POST arrivals 1-380
2026-10-07 03:00:11,330 INFO o.a.j.t.JMeterThread: Thread is done: POST arrivals 1-331
2026-10-07 03:00:11,330 INFO o.a.j.t.JMeterThread: Thread finished: POST arrivals 1-331
2026-10-07 03:00:11,778 INFO o.a.j.t.JMeterThread: Thread started: POST arrivals 1-381
2026-10-07 03:00:13,046 INFO o.a.j.t.JMeterThread: Thread started: POST arrivals 1-382
2026-10-07 03:00:15,473 INFO o.a.j.t.JMeterThread: Thread is done: POST arrivals 1-332
2026-10-07 03:00:15,473 INFO o.a.j.t.JMeterThread: Thread finished: POST arrivals 1-332
2026-10-07 03:00:17,306 INFO o.a.j.t.JMeterThread: Thread is done: POST arrivals 1-333
2026-10-07 03:00:17,306 INFO o.a.j.t.JMeterThread: Thread finished: POST arrivals 1-333
2026-10-07 03:00:17,642 INFO o.a.j.t.JMeterThread: Thread started: POST arrivals 1-383
2026-10-07 03:00:17,999 INFO o.a.j.t.JMeterThread: Thread started: POST arrivals 1-384
2026-10-07 03:00:19,055 INFO o.a.j.t.JMeterThread: Thread is done: POST arrivals 1-334
2026-10-07 03:00:19,055 INFO o.a.j.t.JMeterThread: Thread finished: POST arrivals 1-334
2026-10-07 03:00:19,484 INFO o.a.j.t.JMeterThread: Thread started: POST arrivals 1-385
2026-10-07 03:00:19,659 INFO o.a.j.t.JMeterThread: Thread started: POST arrivals 1-386
2026-10-07 03:00:20,053 INFO o.a.j.t.JMeterThread: Thread started: POST arrivals 1-387
2026-10-07 03:00:20,237 INFO o.a.j.t.JMeterThread: Thread is done: POST arrivals 1-335
2026-10-07 03:00:20,237 INFO o.a.j.t.JMeterThread: Thread finished: POST arrivals 1-335
2026-10-07 03:00:21,336 INFO o.a.j.t.JMeterThread: Thread is done: POST arrivals 1-336
2026-10-07 03:00:21,336 INFO o.a.j.t.JMeterThread: Thread finished: POST arrivals 1-336
2026-10-07 03:00:23,515 INFO o.a.j.t.JMeterThread: Thread started: POST arrivals 1-388
2026-10-07 03:00:23,686 INFO o.a.j.t.JMeterThread: Thread started: POST arrivals 1-389
2026-10-07 03:00:24,058 INFO o.a.j.t.JMeterThread: Thread started: POST arrivals 1-390
2026-10-07 03:00:24,685 INFO o.a.j.t.JMeterThread: Thread started: POST arrivals 1-391
2026-10-07 03:00:24,855 INFO o.a.j.t.JMeterThread: Thread started: POST arrivals 1-392
2026-10-07 03:00:25,317 INFO o.a.j.t.JMeterThread: Thread is done: POST arrivals 1-337
2026-10-07 03:00:25,317 INFO o.a.j.t.JMeterThread: Thread finished: POST arrivals 1-337
2026-10-07 03:00:25,763 INFO o.a.j.t.JMeterThread: Thread started: POST arrivals 1-393
2026-10-07 03:00:26,702 INFO o.a.j.t.JMeterThread: Thread is done: POST arrivals 1-338
2026-10-07 03:00:26,702 INFO o.a.j.t.JMeterThread: Thread finished: POST arrivals 1-338
2026-10-07 03:00:27,651 INFO o.a.j.t.JMeterThread: Thread started: POST arrivals 1-394
2026-10-07 03:00:27,863 INFO o.a.j.t.JMeterThread: Thread started: POST arrivals 1-395
2026-10-07 03:00:29,994 INFO o.a.j.t.JMeterThread: Thread is done: POST arrivals 1-339
2026-10-07 03:00:29,994 INFO o.a.j.t.JMeterThread: Thread finished: POST arrivals 1-339
2026-10-07 03:00:30,040 INFO o.a.j.r.Summariser: summary +     15 in 00:00:29 =    0.5/s Avg: 89029 Min: 81232 Max: 97585 Err:     0 (0.00%) Active: 68 Started: 497 Finished: 429
2026-10-07 03:00:30,041 INFO o.a.j.r.Summariser: summary =    430 in 00:11:07 =    0.6/s Avg: 34470 Min:    19 Max: 97585 Err:     0 (0.00%)
2026-10-07 03:00:30,041 INFO o.a.j.t.JMeterThread: Thread is done: Search arrivals 2-74
2026-10-07 03:00:30,041 INFO o.a.j.t.JMeterThread: Thread finished: Search arrivals 2-74
2026-10-07 03:00:30,832 INFO o.a.j.t.JMeterThread: Thread started: POST arrivals 1-396
2026-10-07 03:00:30,954 INFO o.a.j.t.JMeterThread: Thread is done: POST arrivals 1-340
2026-10-07 03:00:30,954 INFO o.a.j.t.JMeterThread: Thread finished: POST arrivals 1-340
2026-10-07 03:00:31,926 INFO o.a.j.t.JMeterThread: Thread started: POST arrivals 1-397
2026-10-07 03:00:33,045 INFO o.a.j.t.JMeterThread: Thread started: POST arrivals 1-398
2026-10-07 03:00:34,463 INFO o.a.j.t.JMeterThread: Thread is done: POST arrivals 1-341
2026-10-07 03:00:34,464 INFO o.a.j.t.JMeterThread: Thread finished: POST arrivals 1-341
2026-10-07 03:00:34,493 INFO o.a.j.t.JMeterThread: Thread is done: Stats arrivals 3-18
2026-10-07 03:00:34,494 INFO o.a.j.t.JMeterThread: Thread finished: Stats arrivals 3-18
2026-10-07 03:00:34,650 INFO o.a.j.t.JMeterThread: Thread started: POST arrivals 1-399
2026-10-07 03:00:35,563 INFO o.a.j.t.JMeterThread: Thread is done: POST arrivals 1-342
2026-10-07 03:00:35,563 INFO o.a.j.t.JMeterThread: Thread finished: POST arrivals 1-342
2026-10-07 03:00:35,859 INFO o.a.j.t.JMeterThread: Thread started: Stats arrivals 3-21
2026-10-07 03:00:35,859 INFO o.a.j.t.o.EvenArrivalsRamp: Generating 0 events, beginRate = 0.0 / sec, endRate = 0.0 / sec, duration = 360.0 sec
2026-10-07 03:00:35,860 INFO o.a.j.t.o.OpenModelThreadGroup: There will be no more events, so will wait for 407 sec till the end of the schedule
2026-10-07 03:00:36,478 INFO o.a.j.t.JMeterThread: Thread started: POST arrivals 1-400
2026-10-07 03:00:36,567 INFO o.a.j.t.JMeterThread: Thread started: POST arrivals 1-401
2026-10-07 03:00:37,030 INFO o.a.j.t.JMeterThread: Thread started: POST arrivals 1-402
2026-10-07 03:00:37,079 INFO o.a.j.t.JMeterThread: Thread started: Search arrivals 2-83
2026-10-07 03:00:37,838 INFO o.a.j.t.JMeterThread: Thread is done: POST arrivals 1-343
2026-10-07 03:00:37,838 INFO o.a.j.t.JMeterThread: Thread finished: POST arrivals 1-343
2026-10-07 03:00:38,495 INFO o.a.j.t.JMeterThread: Thread started: POST arrivals 1-403
2026-10-07 03:00:40,219 INFO o.a.j.t.JMeterThread: Thread is done: POST arrivals 1-344
2026-10-07 03:00:40,220 INFO o.a.j.t.JMeterThread: Thread finished: POST arrivals 1-344
2026-10-07 03:00:40,651 INFO o.a.j.t.JMeterThread: Thread started: POST arrivals 1-404
2026-10-07 03:00:41,941 INFO o.a.j.t.JMeterThread: Thread is done: POST arrivals 1-345
2026-10-07 03:00:41,941 INFO o.a.j.t.JMeterThread: Thread finished: POST arrivals 1-345
2026-10-07 03:00:43,303 INFO o.a.j.t.JMeterThread: Thread started: POST arrivals 1-405
2026-10-07 03:00:43,458 INFO o.a.j.t.JMeterThread: Thread is done: POST arrivals 1-346
2026-10-07 03:00:43,458 INFO o.a.j.t.JMeterThread: Thread finished: POST arrivals 1-346
2026-10-07 03:00:43,509 INFO o.a.j.t.JMeterThread: Thread is done: Search arrivals 2-75
2026-10-07 03:00:43,510 INFO o.a.j.t.JMeterThread: Thread finished: Search arrivals 2-75
2026-10-07 03:00:44,549 INFO o.a.j.t.JMeterThread: Thread started: POST arrivals 1-406
2026-10-07 03:00:46,346 INFO o.a.j.t.JMeterThread: Thread started: POST arrivals 1-407
2026-10-07 03:00:47,250 INFO o.a.j.t.JMeterThread: Thread is done: POST arrivals 1-347
2026-10-07 03:00:47,250 INFO o.a.j.t.JMeterThread: Thread finished: POST arrivals 1-347
2026-10-07 03:00:47,450 INFO o.a.j.t.JMeterThread: Thread started: POST arrivals 1-408
2026-10-07 03:00:48,336 INFO o.a.j.t.JMeterThread: Thread started: POST arrivals 1-409
2026-10-07 03:00:48,386 INFO o.a.j.t.JMeterThread: Thread started: POST arrivals 1-410
2026-10-07 03:00:48,956 INFO o.a.j.t.JMeterThread: Thread started: POST arrivals 1-411
2026-10-07 03:00:49,200 INFO o.a.j.t.JMeterThread: Thread started: POST arrivals 1-412
2026-10-07 03:00:49,661 INFO o.a.j.t.JMeterThread: Thread is done: POST arrivals 1-348
2026-10-07 03:00:49,661 INFO o.a.j.t.JMeterThread: Thread finished: POST arrivals 1-348
2026-10-07 03:00:50,047 INFO o.a.j.t.JMeterThread: Thread started: POST arrivals 1-413
2026-10-07 03:00:52,565 INFO o.a.j.t.JMeterThread: Thread started: Search arrivals 2-84
2026-10-07 03:00:52,890 INFO o.a.j.t.JMeterThread: Thread is done: POST arrivals 1-349
2026-10-07 03:00:52,890 INFO o.a.j.t.JMeterThread: Thread finished: POST arrivals 1-349
2026-10-07 03:00:53,250 INFO o.a.j.t.JMeterThread: Thread started: POST arrivals 1-414
2026-10-07 03:00:53,819 INFO o.a.j.t.JMeterThread: Thread is done: POST arrivals 1-350
2026-10-07 03:00:53,819 INFO o.a.j.t.JMeterThread: Thread finished: POST arrivals 1-350
2026-10-07 03:00:54,739 INFO o.a.j.t.JMeterThread: Thread started: POST arrivals 1-415
2026-10-07 03:00:54,989 INFO o.a.j.t.JMeterThread: Thread is done: POST arrivals 1-351
2026-10-07 03:00:54,989 INFO o.a.j.t.JMeterThread: Thread finished: POST arrivals 1-351
2026-10-07 03:00:55,509 INFO o.a.j.t.JMeterThread: Thread started: POST arrivals 1-416
2026-10-07 03:00:56,046 INFO o.a.j.t.JMeterThread: Thread started: POST arrivals 1-417
2026-10-07 03:00:56,847 INFO o.a.j.t.JMeterThread: Thread started: POST arrivals 1-418
2026-10-07 03:00:57,271 INFO o.a.j.t.JMeterThread: Thread is done: POST arrivals 1-352
2026-10-07 03:00:57,271 INFO o.a.j.t.JMeterThread: Thread finished: POST arrivals 1-352
2026-10-07 03:00:57,312 INFO o.a.j.t.JMeterThread: Thread is done: Search arrivals 2-76
2026-10-07 03:00:57,313 INFO o.a.j.t.JMeterThread: Thread finished: Search arrivals 2-76
2026-10-07 03:00:57,359 INFO o.a.j.t.JMeterThread: Thread is done: Search arrivals 2-77
2026-10-07 03:00:57,359 INFO o.a.j.t.JMeterThread: Thread finished: Search arrivals 2-77
2026-10-07 03:00:59,906 INFO o.a.j.t.JMeterThread: Thread is done: POST arrivals 1-353
2026-10-07 03:00:59,906 INFO o.a.j.t.JMeterThread: Thread finished: POST arrivals 1-353
2026-10-07 03:01:01,267 INFO o.a.j.t.JMeterThread: Thread started: POST arrivals 1-419
2026-10-07 03:01:01,554 INFO o.a.j.r.Summariser: summary +     19 in 00:00:32 =    0.6/s Avg: 89762 Min: 85623 Max: 93910 Err:     0 (0.00%) Active: 76 Started: 524 Finished: 448
2026-10-07 03:01:01,555 INFO o.a.j.r.Summariser: summary =    449 in 00:11:38 =    0.6/s Avg: 36809 Min:    19 Max: 97585 Err:     0 (0.00%)
2026-10-07 03:01:01,555 INFO o.a.j.t.JMeterThread: Thread is done: POST arrivals 1-354
2026-10-07 03:01:01,555 INFO o.a.j.t.JMeterThread: Thread finished: POST arrivals 1-354
2026-10-07 03:01:02,367 INFO o.a.j.t.JMeterThread: Thread started: POST arrivals 1-420
2026-10-07 03:01:02,661 INFO o.a.j.t.JMeterThread: Thread started: Search arrivals 2-85
2026-10-07 03:01:03,926 INFO o.a.j.t.JMeterThread: Thread started: POST arrivals 1-421
2026-10-07 03:01:04,017 INFO o.a.j.t.JMeterThread: Thread started: POST arrivals 1-422
2026-10-07 03:01:04,496 INFO o.a.j.t.o.EvenArrivalsRamp: Generating 0 events, beginRate = 0.0 / sec, endRate = 0.0 / sec, duration = 360.0 sec
2026-10-07 03:01:04,497 INFO o.a.j.t.o.OpenModelThreadGroup: There will be no more events, so will wait for 378 sec till the end of the schedule
2026-10-07 03:01:04,497 INFO o.a.j.t.JMeterThread: Thread started: Search arrivals 2-86
2026-10-07 03:01:04,885 INFO o.a.j.t.JMeterThread: Thread started: POST arrivals 1-423
2026-10-07 03:01:05,648 INFO o.a.j.t.JMeterThread: Thread is done: POST arrivals 1-355
2026-10-07 03:01:05,648 INFO o.a.j.t.JMeterThread: Thread finished: POST arrivals 1-355
2026-10-07 03:01:05,688 INFO o.a.j.t.JMeterThread: Thread is done: Search arrivals 2-78
2026-10-07 03:01:05,688 INFO o.a.j.t.JMeterThread: Thread finished: Search arrivals 2-78
2026-10-07 03:01:05,716 INFO o.a.j.t.JMeterThread: Thread is done: Stats arrivals 3-19
2026-10-07 03:01:05,716 INFO o.a.j.t.JMeterThread: Thread finished: Stats arrivals 3-19
2026-10-07 03:01:05,747 INFO o.a.j.t.JMeterThread: Thread is done: Stats arrivals 3-20
2026-10-07 03:01:05,747 INFO o.a.j.t.JMeterThread: Thread finished: Stats arrivals 3-20
2026-10-07 03:01:06,869 INFO o.a.j.t.JMeterThread: Thread is done: POST arrivals 1-356
2026-10-07 03:01:06,869 INFO o.a.j.t.JMeterThread: Thread finished: POST arrivals 1-356
2026-10-07 03:01:08,625 INFO o.a.j.t.JMeterThread: Thread is done: POST arrivals 1-357
2026-10-07 03:01:08,625 INFO o.a.j.t.JMeterThread: Thread finished: POST arrivals 1-357
2026-10-07 03:01:08,995 INFO o.a.j.t.JMeterThread: Thread started: POST arrivals 1-424
2026-10-07 03:01:09,540 INFO o.a.j.t.JMeterThread: Thread started: POST arrivals 1-425
2026-10-07 03:01:10,018 INFO o.a.j.t.JMeterThread: Thread is done: POST arrivals 1-358
2026-10-07 03:01:10,018 INFO o.a.j.t.JMeterThread: Thread finished: POST arrivals 1-358
2026-10-07 03:01:11,034 INFO o.a.j.t.JMeterThread: Thread is done: POST arrivals 1-359
2026-10-07 03:01:11,034 INFO o.a.j.t.JMeterThread: Thread finished: POST arrivals 1-359
2026-10-07 03:01:13,651 INFO o.a.j.t.JMeterThread: Thread started: POST arrivals 1-426
2026-10-07 03:01:13,889 INFO o.a.j.t.JMeterThread: Thread is done: POST arrivals 1-360
2026-10-07 03:01:13,889 INFO o.a.j.t.JMeterThread: Thread finished: POST arrivals 1-360
2026-10-07 03:01:14,054 INFO o.a.j.t.JMeterThread: Thread started: POST arrivals 1-427
2026-10-07 03:01:14,802 INFO o.a.j.t.JMeterThread: Thread is done: POST arrivals 1-361
2026-10-07 03:01:14,802 INFO o.a.j.t.JMeterThread: Thread finished: POST arrivals 1-361
2026-10-07 03:01:16,289 INFO o.a.j.t.JMeterThread: Thread started: POST arrivals 1-428
2026-10-07 03:01:16,394 INFO o.a.j.t.JMeterThread: Thread started: POST arrivals 1-429
2026-10-07 03:01:16,490 INFO o.a.j.t.JMeterThread: Thread is done: POST arrivals 1-362
2026-10-07 03:01:16,491 INFO o.a.j.t.JMeterThread: Thread finished: POST arrivals 1-362
2026-10-07 03:01:16,922 INFO o.a.j.t.JMeterThread: Thread started: POST arrivals 1-430
2026-10-07 03:01:17,535 INFO o.a.j.t.JMeterThread: Thread is done: POST arrivals 1-363
2026-10-07 03:01:17,535 INFO o.a.j.t.JMeterThread: Thread finished: POST arrivals 1-363
2026-10-07 03:01:18,632 INFO o.a.j.t.JMeterThread: Thread is done: POST arrivals 1-364
2026-10-07 03:01:18,632 INFO o.a.j.t.JMeterThread: Thread finished: POST arrivals 1-364
2026-10-07 03:01:21,228 INFO o.a.j.t.JMeterThread: Thread started: POST arrivals 1-431
2026-10-07 03:01:21,614 INFO o.a.j.t.o.EvenArrivalsRamp: Generating 0 events, beginRate = 0.0 / sec, endRate = 0.0 / sec, duration = 360.0 sec
2026-10-07 03:01:21,614 INFO o.a.j.t.o.OpenModelThreadGroup: There will be no more events, so will wait for 361 sec till the end of the schedule
2026-10-07 03:01:21,614 INFO o.a.j.t.JMeterThread: Thread started: POST arrivals 1-432
2026-10-07 03:01:21,940 INFO o.a.j.t.JMeterThread: Thread is done: POST arrivals 1-365
2026-10-07 03:01:21,940 INFO o.a.j.t.JMeterThread: Thread finished: POST arrivals 1-365
2026-10-07 03:01:25,263 INFO o.a.j.t.JMeterThread: Thread is done: POST arrivals 1-366
2026-10-07 03:01:25,263 INFO o.a.j.t.JMeterThread: Thread finished: POST arrivals 1-366
2026-10-07 03:01:27,827 INFO o.a.j.t.JMeterThread: Thread is done: POST arrivals 1-367
2026-10-07 03:01:27,828 INFO o.a.j.t.JMeterThread: Thread finished: POST arrivals 1-367
2026-10-07 03:01:28,794 INFO o.a.j.t.JMeterThread: Thread is done: POST arrivals 1-368
2026-10-07 03:01:28,794 INFO o.a.j.t.JMeterThread: Thread finished: POST arrivals 1-368
2026-10-07 03:01:30,824 INFO o.a.j.r.Summariser: summary +     18 in 00:00:29 =    0.6/s Avg: 92158 Min: 87562 Max: 98388 Err:     0 (0.00%) Active: 73 Started: 539 Finished: 466
2026-10-07 03:01:30,826 INFO o.a.j.r.Summariser: summary =    467 in 00:12:07 =    0.6/s Avg: 38943 Min:    19 Max: 98388 Err:     0 (0.00%)
2026-10-07 03:01:30,826 INFO o.a.j.t.JMeterThread: Thread is done: POST arrivals 1-369
2026-10-07 03:01:30,827 INFO o.a.j.t.JMeterThread: Thread finished: POST arrivals 1-369
2026-10-07 03:01:30,862 INFO o.a.j.t.JMeterThread: Thread is done: Search arrivals 2-79
2026-10-07 03:01:30,863 INFO o.a.j.t.JMeterThread: Thread finished: Search arrivals 2-79
2026-10-07 03:01:33,756 INFO o.a.j.t.JMeterThread: Thread is done: POST arrivals 1-370
2026-10-07 03:01:33,756 INFO o.a.j.t.JMeterThread: Thread finished: POST arrivals 1-370
2026-10-07 03:01:35,338 INFO o.a.j.t.JMeterThread: Thread is done: POST arrivals 1-371
2026-10-07 03:01:35,339 INFO o.a.j.t.JMeterThread: Thread finished: POST arrivals 1-371
2026-10-07 03:01:38,503 INFO o.a.j.t.JMeterThread: Thread is done: POST arrivals 1-372
2026-10-07 03:01:38,503 INFO o.a.j.t.JMeterThread: Thread finished: POST arrivals 1-372
2026-10-07 03:01:39,572 INFO o.a.j.t.JMeterThread: Thread is done: POST arrivals 1-373
2026-10-07 03:01:39,572 INFO o.a.j.t.JMeterThread: Thread finished: POST arrivals 1-373
2026-10-07 03:01:39,622 INFO o.a.j.t.JMeterThread: Thread is done: Search arrivals 2-80
2026-10-07 03:01:39,622 INFO o.a.j.t.JMeterThread: Thread finished: Search arrivals 2-80
2026-10-07 03:01:40,911 INFO o.a.j.t.JMeterThread: Thread is done: POST arrivals 1-374
2026-10-07 03:01:40,911 INFO o.a.j.t.JMeterThread: Thread finished: POST arrivals 1-374
2026-10-07 03:01:40,971 INFO o.a.j.t.JMeterThread: Thread is done: Search arrivals 2-81
2026-10-07 03:01:40,971 INFO o.a.j.t.JMeterThread: Thread finished: Search arrivals 2-81
2026-10-07 03:01:42,192 INFO o.a.j.t.JMeterThread: Thread is done: POST arrivals 1-375
2026-10-07 03:01:42,192 INFO o.a.j.t.JMeterThread: Thread finished: POST arrivals 1-375
2026-10-07 03:01:44,850 INFO o.a.j.t.JMeterThread: Thread is done: POST arrivals 1-376
2026-10-07 03:01:44,850 INFO o.a.j.t.JMeterThread: Thread finished: POST arrivals 1-376
2026-10-07 03:01:46,223 INFO o.a.j.t.JMeterThread: Thread is done: POST arrivals 1-377
2026-10-07 03:01:46,223 INFO o.a.j.t.JMeterThread: Thread finished: POST arrivals 1-377
2026-10-07 03:01:47,026 INFO o.a.j.t.JMeterThread: Thread is done: POST arrivals 1-378
2026-10-07 03:01:47,026 INFO o.a.j.t.JMeterThread: Thread finished: POST arrivals 1-378
2026-10-07 03:01:49,410 INFO o.a.j.t.JMeterThread: Thread is done: POST arrivals 1-379
2026-10-07 03:01:49,411 INFO o.a.j.t.JMeterThread: Thread finished: POST arrivals 1-379
2026-10-07 03:01:49,458 INFO o.a.j.t.JMeterThread: Thread is done: Search arrivals 2-82
2026-10-07 03:01:49,458 INFO o.a.j.t.JMeterThread: Thread finished: Search arrivals 2-82
2026-10-07 03:01:52,633 INFO o.a.j.t.JMeterThread: Thread is done: POST arrivals 1-380
2026-10-07 03:01:52,633 INFO o.a.j.t.JMeterThread: Thread finished: POST arrivals 1-380
2026-10-07 03:01:54,394 INFO o.a.j.t.JMeterThread: Thread is done: POST arrivals 1-381
2026-10-07 03:01:54,394 INFO o.a.j.t.JMeterThread: Thread finished: POST arrivals 1-381
2026-10-07 03:01:55,758 INFO o.a.j.t.JMeterThread: Thread is done: POST arrivals 1-382
2026-10-07 03:01:55,758 INFO o.a.j.t.JMeterThread: Thread finished: POST arrivals 1-382
2026-10-07 03:01:58,269 INFO o.a.j.t.JMeterThread: Thread is done: POST arrivals 1-383
2026-10-07 03:01:58,269 INFO o.a.j.t.JMeterThread: Thread finished: POST arrivals 1-383
2026-10-07 03:01:59,113 INFO o.a.j.t.JMeterThread: Thread is done: POST arrivals 1-384
2026-10-07 03:01:59,113 INFO o.a.j.t.JMeterThread: Thread finished: POST arrivals 1-384
2026-10-07 03:02:02,888 INFO o.a.j.r.Summariser: summary +     20 in 00:00:32 =    0.6/s Avg: 100100 Min: 96350 Max: 103398 Err:     0 (0.00%) Active: 53 Started: 539 Finished: 486
2026-10-07 03:02:02,889 INFO o.a.j.r.Summariser: summary =    487 in 00:12:39 =    0.6/s Avg: 41454 Min:    19 Max: 103398 Err:     0 (0.00%)
2026-10-07 03:02:02,889 INFO o.a.j.t.JMeterThread: Thread is done: POST arrivals 1-385
2026-10-07 03:02:02,889 INFO o.a.j.t.JMeterThread: Thread finished: POST arrivals 1-385
2026-10-07 03:02:04,787 INFO o.a.j.t.JMeterThread: Thread is done: POST arrivals 1-386
2026-10-07 03:02:04,787 INFO o.a.j.t.JMeterThread: Thread finished: POST arrivals 1-386
2026-10-07 03:02:07,131 INFO o.a.j.t.JMeterThread: Thread is done: POST arrivals 1-387
2026-10-07 03:02:07,132 INFO o.a.j.t.JMeterThread: Thread finished: POST arrivals 1-387
2026-10-07 03:02:09,291 INFO o.a.j.t.JMeterThread: Thread is done: POST arrivals 1-388
2026-10-07 03:02:09,291 INFO o.a.j.t.JMeterThread: Thread finished: POST arrivals 1-388
2026-10-07 03:02:10,613 INFO o.a.j.t.JMeterThread: Thread is done: POST arrivals 1-389
2026-10-07 03:02:10,613 INFO o.a.j.t.JMeterThread: Thread finished: POST arrivals 1-389
2026-10-07 03:02:14,203 INFO o.a.j.t.JMeterThread: Thread is done: POST arrivals 1-390
2026-10-07 03:02:14,203 INFO o.a.j.t.JMeterThread: Thread finished: POST arrivals 1-390
2026-10-07 03:02:15,650 INFO o.a.j.t.JMeterThread: Thread is done: POST arrivals 1-391
2026-10-07 03:02:15,650 INFO o.a.j.t.JMeterThread: Thread finished: POST arrivals 1-391
2026-10-07 03:02:16,482 INFO o.a.j.t.JMeterThread: Thread is done: POST arrivals 1-392
2026-10-07 03:02:16,482 INFO o.a.j.t.JMeterThread: Thread finished: POST arrivals 1-392
2026-10-07 03:02:17,947 INFO o.a.j.t.JMeterThread: Thread is done: POST arrivals 1-393
2026-10-07 03:02:17,948 INFO o.a.j.t.JMeterThread: Thread finished: POST arrivals 1-393
2026-10-07 03:02:20,998 INFO o.a.j.t.JMeterThread: Thread is done: POST arrivals 1-394
2026-10-07 03:02:20,998 INFO o.a.j.t.JMeterThread: Thread finished: POST arrivals 1-394
2026-10-07 03:02:23,797 INFO o.a.j.t.JMeterThread: Thread is done: POST arrivals 1-395
2026-10-07 03:02:23,797 INFO o.a.j.t.JMeterThread: Thread finished: POST arrivals 1-395
2026-10-07 03:02:27,087 INFO o.a.j.t.JMeterThread: Thread is done: POST arrivals 1-396
2026-10-07 03:02:27,087 INFO o.a.j.t.JMeterThread: Thread finished: POST arrivals 1-396
2026-10-07 03:02:28,453 INFO o.a.j.t.JMeterThread: Thread is done: POST arrivals 1-397
2026-10-07 03:02:28,453 INFO o.a.j.t.JMeterThread: Thread finished: POST arrivals 1-397
2026-10-07 03:02:30,036 INFO o.a.j.r.Summariser: summary +     13 in 00:00:27 =    0.5/s Avg: 111448 Min: 105124 Max: 116986 Err:     0 (0.00%) Active: 40 Started: 539 Finished: 499
2026-10-07 03:02:30,038 INFO o.a.j.r.Summariser: summary =    500 in 00:13:07 =    0.6/s Avg: 43274 Min:    19 Max: 116986 Err:     0 (0.00%)
2026-10-07 03:02:30,038 INFO o.a.j.t.JMeterThread: Thread is done: POST arrivals 1-398
2026-10-07 03:02:30,038 INFO o.a.j.t.JMeterThread: Thread finished: POST arrivals 1-398
2026-10-07 03:02:31,433 INFO o.a.j.t.JMeterThread: Thread is done: POST arrivals 1-399
2026-10-07 03:02:31,434 INFO o.a.j.t.JMeterThread: Thread finished: POST arrivals 1-399
2026-10-07 03:02:31,467 INFO o.a.j.t.JMeterThread: Thread is done: Stats arrivals 3-21
2026-10-07 03:02:31,467 INFO o.a.j.t.JMeterThread: Thread finished: Stats arrivals 3-21
2026-10-07 03:02:32,586 INFO o.a.j.t.JMeterThread: Thread is done: POST arrivals 1-400
2026-10-07 03:02:32,587 INFO o.a.j.t.JMeterThread: Thread finished: POST arrivals 1-400
2026-10-07 03:02:33,508 INFO o.a.j.t.JMeterThread: Thread is done: POST arrivals 1-401
2026-10-07 03:02:33,508 INFO o.a.j.t.JMeterThread: Thread finished: POST arrivals 1-401
2026-10-07 03:02:36,143 INFO o.a.j.t.JMeterThread: Thread is done: POST arrivals 1-402
2026-10-07 03:02:36,143 INFO o.a.j.t.JMeterThread: Thread finished: POST arrivals 1-402
2026-10-07 03:02:36,200 INFO o.a.j.t.JMeterThread: Thread is done: Search arrivals 2-83
2026-10-07 03:02:36,200 INFO o.a.j.t.JMeterThread: Thread finished: Search arrivals 2-83
2026-10-07 03:02:37,875 INFO o.a.j.t.JMeterThread: Thread is done: POST arrivals 1-403
2026-10-07 03:02:37,875 INFO o.a.j.t.JMeterThread: Thread finished: POST arrivals 1-403
2026-10-07 03:02:38,884 INFO o.a.j.t.JMeterThread: Thread is done: POST arrivals 1-404
2026-10-07 03:02:38,884 INFO o.a.j.t.JMeterThread: Thread finished: POST arrivals 1-404
2026-10-07 03:02:40,319 INFO o.a.j.t.JMeterThread: Thread is done: POST arrivals 1-405
2026-10-07 03:02:40,319 INFO o.a.j.t.JMeterThread: Thread finished: POST arrivals 1-405
2026-10-07 03:02:41,325 INFO o.a.j.t.JMeterThread: Thread is done: POST arrivals 1-406
2026-10-07 03:02:41,325 INFO o.a.j.t.JMeterThread: Thread finished: POST arrivals 1-406
2026-10-07 03:02:42,780 INFO o.a.j.t.JMeterThread: Thread is done: POST arrivals 1-407
2026-10-07 03:02:42,780 INFO o.a.j.t.JMeterThread: Thread finished: POST arrivals 1-407
2026-10-07 03:02:45,549 INFO o.a.j.t.JMeterThread: Thread is done: POST arrivals 1-408
2026-10-07 03:02:45,549 INFO o.a.j.t.JMeterThread: Thread finished: POST arrivals 1-408
2026-10-07 03:02:46,473 INFO o.a.j.t.JMeterThread: Thread is done: POST arrivals 1-409
2026-10-07 03:02:46,473 INFO o.a.j.t.JMeterThread: Thread finished: POST arrivals 1-409
2026-10-07 03:02:47,485 INFO o.a.j.t.JMeterThread: Thread is done: POST arrivals 1-410
2026-10-07 03:02:47,485 INFO o.a.j.t.JMeterThread: Thread finished: POST arrivals 1-410
2026-10-07 03:02:49,038 INFO o.a.j.t.JMeterThread: Thread is done: POST arrivals 1-411
2026-10-07 03:02:49,038 INFO o.a.j.t.JMeterThread: Thread finished: POST arrivals 1-411
2026-10-07 03:02:51,706 INFO o.a.j.t.JMeterThread: Thread is done: POST arrivals 1-412
2026-10-07 03:02:51,706 INFO o.a.j.t.JMeterThread: Thread finished: POST arrivals 1-412
2026-10-07 03:02:53,601 INFO o.a.j.t.JMeterThread: Thread is done: POST arrivals 1-413
2026-10-07 03:02:53,601 INFO o.a.j.t.JMeterThread: Thread finished: POST arrivals 1-413
2026-10-07 03:02:53,688 INFO o.a.j.t.JMeterThread: Thread is done: Search arrivals 2-84
2026-10-07 03:02:53,688 INFO o.a.j.t.JMeterThread: Thread finished: Search arrivals 2-84
2026-10-07 03:02:54,944 INFO o.a.j.t.JMeterThread: Thread is done: POST arrivals 1-414
2026-10-07 03:02:54,944 INFO o.a.j.t.JMeterThread: Thread finished: POST arrivals 1-414
2026-10-07 03:02:56,410 INFO o.a.j.t.JMeterThread: Thread is done: POST arrivals 1-415
2026-10-07 03:02:56,410 INFO o.a.j.t.JMeterThread: Thread finished: POST arrivals 1-415
2026-10-07 03:02:57,478 INFO o.a.j.t.JMeterThread: Thread is done: POST arrivals 1-416
2026-10-07 03:02:57,478 INFO o.a.j.t.JMeterThread: Thread finished: POST arrivals 1-416
2026-10-07 03:02:59,467 INFO o.a.j.t.JMeterThread: Thread is done: POST arrivals 1-417
2026-10-07 03:02:59,467 INFO o.a.j.t.JMeterThread: Thread finished: POST arrivals 1-417
2026-10-07 03:03:01,007 INFO o.a.j.r.Summariser: summary +     23 in 00:00:31 =    0.7/s Avg: 119431 Min: 115607 Max: 124154 Err:     0 (0.00%) Active: 17 Started: 539 Finished: 522
2026-10-07 03:03:01,008 INFO o.a.j.r.Summariser: summary =    523 in 00:13:38 =    0.6/s Avg: 46623 Min:    19 Max: 124154 Err:     0 (0.00%)
2026-10-07 03:03:01,009 INFO o.a.j.t.JMeterThread: Thread is done: POST arrivals 1-418
2026-10-07 03:03:01,009 INFO o.a.j.t.JMeterThread: Thread finished: POST arrivals 1-418
2026-10-07 03:03:02,476 INFO o.a.j.t.JMeterThread: Thread is done: POST arrivals 1-419
2026-10-07 03:03:02,476 INFO o.a.j.t.JMeterThread: Thread finished: POST arrivals 1-419
2026-10-07 03:03:03,946 INFO o.a.j.t.JMeterThread: Thread is done: POST arrivals 1-420
2026-10-07 03:03:03,946 INFO o.a.j.t.JMeterThread: Thread finished: POST arrivals 1-420
2026-10-07 03:03:03,992 INFO o.a.j.t.JMeterThread: Thread is done: Search arrivals 2-85
2026-10-07 03:03:03,992 INFO o.a.j.t.JMeterThread: Thread finished: Search arrivals 2-85
2026-10-07 03:03:05,510 INFO o.a.j.t.JMeterThread: Thread is done: POST arrivals 1-421
2026-10-07 03:03:05,510 INFO o.a.j.t.JMeterThread: Thread finished: POST arrivals 1-421
2026-10-07 03:03:07,140 INFO o.a.j.t.JMeterThread: Thread is done: POST arrivals 1-422
2026-10-07 03:03:07,140 INFO o.a.j.t.JMeterThread: Thread finished: POST arrivals 1-422
2026-10-07 03:03:07,199 INFO o.a.j.t.JMeterThread: Thread is done: Search arrivals 2-86
2026-10-07 03:03:07,199 INFO o.a.j.t.JMeterThread: Thread finished: Search arrivals 2-86
2026-10-07 03:03:08,264 INFO o.a.j.t.JMeterThread: Thread is done: POST arrivals 1-423
2026-10-07 03:03:08,264 INFO o.a.j.t.JMeterThread: Thread finished: POST arrivals 1-423
2026-10-07 03:03:10,529 INFO o.a.j.t.JMeterThread: Thread is done: POST arrivals 1-424
2026-10-07 03:03:10,529 INFO o.a.j.t.JMeterThread: Thread finished: POST arrivals 1-424
2026-10-07 03:03:11,732 INFO o.a.j.t.JMeterThread: Thread is done: POST arrivals 1-425
2026-10-07 03:03:11,732 INFO o.a.j.t.JMeterThread: Thread finished: POST arrivals 1-425
2026-10-07 03:03:13,506 INFO o.a.j.t.JMeterThread: Thread is done: POST arrivals 1-426
2026-10-07 03:03:13,506 INFO o.a.j.t.JMeterThread: Thread finished: POST arrivals 1-426
2026-10-07 03:03:17,234 INFO o.a.j.t.JMeterThread: Thread is done: POST arrivals 1-427
2026-10-07 03:03:17,234 INFO o.a.j.t.JMeterThread: Thread finished: POST arrivals 1-427
2026-10-07 03:03:19,709 INFO o.a.j.t.JMeterThread: Thread is done: POST arrivals 1-428
2026-10-07 03:03:19,709 INFO o.a.j.t.JMeterThread: Thread finished: POST arrivals 1-428
2026-10-07 03:03:20,462 INFO o.a.j.t.JMeterThread: Thread is done: POST arrivals 1-429
2026-10-07 03:03:20,463 INFO o.a.j.t.JMeterThread: Thread finished: POST arrivals 1-429
2026-10-07 03:03:22,209 INFO o.a.j.t.JMeterThread: Thread is done: POST arrivals 1-430
2026-10-07 03:03:22,209 INFO o.a.j.t.JMeterThread: Thread finished: POST arrivals 1-430
2026-10-07 03:03:24,038 INFO o.a.j.t.JMeterThread: Thread is done: POST arrivals 1-431
2026-10-07 03:03:24,038 INFO o.a.j.t.JMeterThread: Thread finished: POST arrivals 1-431
2026-10-07 03:03:27,053 INFO o.a.j.t.JMeterThread: Thread is done: POST arrivals 1-432
2026-10-07 03:03:27,053 INFO o.a.j.t.JMeterThread: Thread finished: POST arrivals 1-432
2026-10-07 03:07:23,222 INFO o.a.j.t.o.OpenModelThreadGroup: There will be no more events, will shutdown the thread pool
2026-10-07 03:07:23,222 INFO o.a.j.t.o.OpenModelThreadGroup: There will be no more events, will shutdown the thread pool
2026-10-07 03:07:23,223 INFO o.a.j.t.o.OpenModelThreadGroup: Thread starting done
2026-10-07 03:07:23,222 INFO o.a.j.t.o.OpenModelThreadGroup: There will be no more events, will shutdown the thread pool
2026-10-07 03:07:23,225 INFO o.a.j.t.o.OpenModelThreadGroup: Thread starting done
2026-10-07 03:07:23,223 INFO o.a.j.t.o.OpenModelThreadGroup: Thread starting done
2026-10-07 03:07:23,225 INFO o.a.j.e.StandardJMeterEngine: Notifying test listeners of end of test
2026-10-07 03:07:23,225 INFO o.a.j.s.FileServer: Close: data/tickets.csv
2026-10-07 03:07:23,225 INFO o.a.j.r.Summariser: summary +     16 in 00:04:22 =    0.1/s Avg: 122666 Min: 119853 Max: 125438 Err:     0 (0.00%) Active: 0 Started: 539 Finished: 539
2026-10-07 03:07:23,225 INFO o.a.j.r.Summariser: summary =    539 in 00:18:00 =    0.5/s Avg: 48881 Min:    19 Max: 125438 Err:     0 (0.00%)
