2026-10-07 09:58:54,679 INFO o.a.j.u.JMeterUtils: Setting Locale to en_EN
2026-10-07 09:58:54,697 INFO o.a.j.JMeter: Loading user properties from: C:\Users\tayka\Tools\apache-jmeter-5.6.3\bin\user.properties
2026-10-07 09:58:54,697 INFO o.a.j.JMeter: Loading system properties from: C:\Users\tayka\Tools\apache-jmeter-5.6.3\bin\system.properties
2026-10-07 09:58:54,697 INFO o.a.j.JMeter: Loading additional properties from: results.properties
2026-10-07 09:58:54,704 INFO o.a.j.JMeter: Copyright (c) 1998-2024 The Apache Software Foundation
2026-10-07 09:58:54,704 INFO o.a.j.JMeter: Version 5.6.3
2026-10-07 09:58:54,704 INFO o.a.j.JMeter: java.version=21.0.5
2026-10-07 09:58:54,704 INFO o.a.j.JMeter: java.vm.name=Java HotSpot(TM) 64-Bit Server VM
2026-10-07 09:58:54,704 INFO o.a.j.JMeter: os.name=Windows 11
2026-10-07 09:58:54,704 INFO o.a.j.JMeter: os.arch=amd64
2026-10-07 09:58:54,704 INFO o.a.j.JMeter: os.version=10.0
2026-10-07 09:58:54,704 INFO o.a.j.JMeter: file.encoding=UTF-8
2026-10-07 09:58:54,704 INFO o.a.j.JMeter: java.awt.headless=true
2026-10-07 09:58:54,704 INFO o.a.j.JMeter: Max memory     =1073741824
2026-10-07 09:58:54,704 INFO o.a.j.JMeter: Available Processors =20
2026-10-07 09:58:54,716 INFO o.a.j.JMeter: Default Locale=English (EN)
2026-10-07 09:58:54,716 INFO o.a.j.JMeter: JMeter  Locale=English (EN)
2026-10-07 09:58:54,716 INFO o.a.j.JMeter: JMeterHome=C:\Users\tayka\Tools\apache-jmeter-5.6.3
2026-10-07 09:58:54,716 INFO o.a.j.JMeter: user.dir  =C:\Users\tayka\ICT3113-PTO-P1-10-Assignment-1\jmeter\runs\stress-llama1-r1
2026-10-07 09:58:54,716 INFO o.a.j.JMeter: PWD       =C:\Users\tayka\ICT3113-PTO-P1-10-Assignment-1\jmeter\runs\stress-llama1-r1
2026-10-07 09:58:54,716 INFO o.a.j.JMeter: IP: 192.168.1.3 Name: KaiWen FullName: host.docker.internal
2026-10-07 09:58:54,729 INFO o.a.j.s.FileServer: Default base='C:\Users\tayka\ICT3113-PTO-P1-10-Assignment-1\jmeter\runs\stress-llama1-r1'
2026-10-07 09:58:54,729 INFO o.a.j.s.FileServer: Set new base='C:\Users\tayka\ICT3113-PTO-P1-10-Assignment-1\jmeter\runs\stress-llama1-r1'
2026-10-07 09:58:54,918 INFO o.a.j.s.SaveService: Testplan (JMX) version: 2.2. Testlog (JTL) version: 2.2
2026-10-07 09:58:54,947 INFO o.a.j.s.SaveService: Using SaveService properties version 5.0
2026-10-07 09:58:54,947 INFO o.a.j.s.SaveService: Using SaveService properties file encoding UTF-8
2026-10-07 09:58:54,947 INFO o.a.j.s.SaveService: Loading file: plan.jmx
2026-10-07 09:58:54,989 INFO o.a.j.p.h.s.HTTPSamplerBase: Parser for text/html is org.apache.jmeter.protocol.http.parser.LagartoBasedHtmlParser
2026-10-07 09:58:54,989 INFO o.a.j.p.h.s.HTTPSamplerBase: Parser for application/xhtml+xml is org.apache.jmeter.protocol.http.parser.LagartoBasedHtmlParser
2026-10-07 09:58:54,989 INFO o.a.j.p.h.s.HTTPSamplerBase: Parser for application/xml is org.apache.jmeter.protocol.http.parser.LagartoBasedHtmlParser
2026-10-07 09:58:54,989 INFO o.a.j.p.h.s.HTTPSamplerBase: Parser for text/xml is org.apache.jmeter.protocol.http.parser.LagartoBasedHtmlParser
2026-10-07 09:58:54,989 INFO o.a.j.p.h.s.HTTPSamplerBase: Parser for text/vnd.wap.wml is org.apache.jmeter.protocol.http.parser.RegexpHTMLParser
2026-10-07 09:58:54,989 INFO o.a.j.p.h.s.HTTPSamplerBase: Parser for text/css is org.apache.jmeter.protocol.http.parser.CssParser
2026-10-07 09:58:55,022 INFO o.a.j.JMeter: Creating summariser <summary>
2026-10-07 09:58:55,033 INFO o.a.j.e.StandardJMeterEngine: Running the test!
2026-10-07 09:58:55,033 INFO o.a.j.s.SampleEvent: List of sample_variables: [request_id, row]
2026-10-07 09:58:55,033 INFO o.a.j.s.SampleEvent: List of sample_variables: [request_id, row]
2026-10-07 09:58:55,039 INFO o.a.j.e.u.CompoundVariable: Note: Function class names must contain the string: '.functions.'
2026-10-07 09:58:55,044 INFO o.a.j.e.u.CompoundVariable: Note: Function class names must not contain the string: '.gui.'
2026-10-07 09:58:55,249 INFO o.a.j.JMeter: Running test (1791338335249)
2026-10-07 09:58:55,261 INFO o.a.j.e.StandardJMeterEngine: Starting ThreadGroup: 1 : POST arrivals
2026-10-07 09:58:55,261 INFO o.a.j.e.StandardJMeterEngine: Starting 0 threads for group POST arrivals.
2026-10-07 09:58:55,261 INFO o.a.j.e.StandardJMeterEngine: Thread will continue on error
2026-10-07 09:58:55,261 INFO o.a.j.t.o.OpenModelThreadGroup: Starting OpenModelThreadGroup#1 with schedule rate(6/min) random_arrivals(120 sec) rate(6/min) rate(6/min) random_arrivals(300 sec) rate(6/min) rate(12/min) random_arrivals(300 sec) rate(12/min) rate(18/min) random_arrivals(300 sec) rate(18/min) rate(24/min) random_arrivals(300 sec) rate(24/min) rate(30/min) random_arrivals(300 sec) rate(30/min) rate(36/min) random_arrivals(300 sec) rate(36/min) pause(360 sec)
2026-10-07 09:58:55,291 INFO o.a.j.e.StandardJMeterEngine: Starting ThreadGroup: 2 : Search arrivals
2026-10-07 09:58:55,292 INFO o.a.j.e.StandardJMeterEngine: Starting 0 threads for group Search arrivals.
2026-10-07 09:58:55,292 INFO o.a.j.e.StandardJMeterEngine: Thread will continue on error
2026-10-07 09:58:55,292 INFO o.a.j.t.o.OpenModelThreadGroup: Starting OpenModelThreadGroup#2 with schedule rate(1.2/min) random_arrivals(120 sec) rate(1.2/min) rate(1.2/min) random_arrivals(300 sec) rate(1.2/min) rate(2.4/min) random_arrivals(300 sec) rate(2.4/min) rate(3.6/min) random_arrivals(300 sec) rate(3.6/min) rate(4.8/min) random_arrivals(300 sec) rate(4.8/min) rate(6/min) random_arrivals(300 sec) rate(6/min) rate(7.2/min) random_arrivals(300 sec) rate(7.2/min) pause(360 sec)
2026-10-07 09:58:55,292 INFO o.a.j.t.o.OpenModelThreadGroup: Thread starting init
2026-10-07 09:58:55,292 INFO o.a.j.e.StandardJMeterEngine: Starting ThreadGroup: 3 : Stats arrivals
2026-10-07 09:58:55,292 INFO o.a.j.e.StandardJMeterEngine: Starting 0 threads for group Stats arrivals.
2026-10-07 09:58:55,292 INFO o.a.j.e.StandardJMeterEngine: Thread will continue on error
2026-10-07 09:58:55,292 INFO o.a.j.t.o.OpenModelThreadGroup: Starting OpenModelThreadGroup#3 with schedule rate(0.3/min) random_arrivals(120 sec) rate(0.3/min) rate(0.3/min) random_arrivals(300 sec) rate(0.3/min) rate(0.6/min) random_arrivals(300 sec) rate(0.6/min) rate(0.9/min) random_arrivals(300 sec) rate(0.9/min) rate(1.2/min) random_arrivals(300 sec) rate(1.2/min) rate(1.5/min) random_arrivals(300 sec) rate(1.5/min) rate(1.8/min) random_arrivals(300 sec) rate(1.8/min) pause(360 sec)
2026-10-07 09:58:55,292 INFO o.a.j.t.o.OpenModelThreadGroup: Thread starting init
2026-10-07 09:58:55,296 INFO o.a.j.e.StandardJMeterEngine: All thread groups have been started
2026-10-07 09:58:55,296 INFO o.a.j.t.o.OpenModelThreadGroup: Thread starting init
2026-10-07 09:58:55,297 INFO o.a.j.t.o.PoissonArrivalsRamp: Generating 12 events, beginRate = 0.1 / sec, endRate = 0.1 / sec, duration = 120.0 sec
2026-10-07 09:58:55,297 INFO o.a.j.t.o.PoissonArrivalsRamp: Generating 2 events, beginRate = 0.02 / sec, endRate = 0.02 / sec, duration = 120.0 sec
2026-10-07 09:58:55,297 INFO o.a.j.t.o.PoissonArrivalsRamp: Generating 0 events, beginRate = 0.005 / sec, endRate = 0.005 / sec, duration = 120.0 sec
2026-10-07 09:58:55,297 INFO o.a.j.t.o.PoissonArrivalsRamp: Generating 1 events, beginRate = 0.005 / sec, endRate = 0.005 / sec, duration = 300.0 sec
2026-10-07 09:59:18,458 INFO o.a.j.t.JMeterThread: Thread started: POST arrivals 1-1
2026-10-07 09:59:18,459 INFO o.a.j.s.FileServer: Stored: data/tickets.csv
2026-10-07 09:59:18,479 INFO o.a.j.p.h.s.HTTPHCAbstractImpl: Local host = KaiWen
2026-10-07 09:59:18,483 INFO o.a.j.p.h.s.HTTPHC4Impl: HTTP request retry count = 0
2026-10-07 09:59:18,484 INFO o.a.j.s.SampleResult: Note: Sample TimeStamps are START times
2026-10-07 09:59:18,484 INFO o.a.j.s.SampleResult: sampleresult.default.encoding is set to UTF-8
2026-10-07 09:59:18,484 INFO o.a.j.s.SampleResult: sampleresult.useNanoTime=true
2026-10-07 09:59:18,484 INFO o.a.j.s.SampleResult: sampleresult.nanoThreadSleep=5000
2026-10-07 09:59:18,985 INFO o.a.j.t.JMeterThread: Thread started: POST arrivals 1-2
2026-10-07 09:59:22,982 INFO o.a.j.t.JMeterThread: Thread is done: POST arrivals 1-1
2026-10-07 09:59:22,982 INFO o.a.j.t.JMeterThread: Thread finished: POST arrivals 1-1
2026-10-07 09:59:25,001 INFO o.a.j.t.JMeterThread: Thread is done: POST arrivals 1-2
2026-10-07 09:59:25,001 INFO o.a.j.t.JMeterThread: Thread finished: POST arrivals 1-2
2026-10-07 09:59:34,755 INFO o.a.j.t.JMeterThread: Thread started: POST arrivals 1-3
2026-10-07 09:59:37,444 INFO o.a.j.t.JMeterThread: Thread started: POST arrivals 1-4
2026-10-07 09:59:37,557 INFO o.a.j.t.JMeterThread: Thread is done: POST arrivals 1-3
2026-10-07 09:59:37,557 INFO o.a.j.t.JMeterThread: Thread finished: POST arrivals 1-3
2026-10-07 09:59:39,345 INFO o.a.j.t.JMeterThread: Thread is done: POST arrivals 1-4
2026-10-07 09:59:39,346 INFO o.a.j.t.JMeterThread: Thread finished: POST arrivals 1-4
2026-10-07 09:59:43,084 INFO o.a.j.t.JMeterThread: Thread started: Search arrivals 2-1
2026-10-07 09:59:43,110 INFO o.a.j.t.JMeterThread: Thread is done: Search arrivals 2-1
2026-10-07 09:59:43,111 INFO o.a.j.t.JMeterThread: Thread finished: Search arrivals 2-1
2026-10-07 09:59:50,978 INFO o.a.j.t.JMeterThread: Thread started: POST arrivals 1-5
2026-10-07 09:59:55,397 INFO o.a.j.t.JMeterThread: Thread is done: POST arrivals 1-5
2026-10-07 09:59:55,397 INFO o.a.j.t.JMeterThread: Thread finished: POST arrivals 1-5
2026-10-07 09:59:59,232 INFO o.a.j.t.JMeterThread: Thread started: POST arrivals 1-6
2026-10-07 10:00:00,390 INFO o.a.j.r.Summariser: summary +      7 in 00:01:05 =    0.1/s Avg:  2849 Min:    18 Max:  6007 Err:     0 (0.00%) Active: 1 Started: 7 Finished: 6
2026-10-07 10:00:00,391 INFO o.a.j.t.JMeterThread: Thread is done: POST arrivals 1-6
2026-10-07 10:00:00,392 INFO o.a.j.t.JMeterThread: Thread finished: POST arrivals 1-6
2026-10-07 10:00:10,926 INFO o.a.j.t.JMeterThread: Thread started: POST arrivals 1-7
2026-10-07 10:00:10,957 INFO o.a.j.t.JMeterThread: Thread started: Search arrivals 2-2
2026-10-07 10:00:10,962 INFO o.a.j.t.o.PoissonArrivalsRamp: Generating 6 events, beginRate = 0.02 / sec, endRate = 0.02 / sec, duration = 300.0 sec
2026-10-07 10:00:12,724 INFO o.a.j.t.JMeterThread: Thread is done: POST arrivals 1-7
2026-10-07 10:00:12,724 INFO o.a.j.t.JMeterThread: Thread finished: POST arrivals 1-7
2026-10-07 10:00:12,726 INFO o.a.j.t.JMeterThread: Thread is done: Search arrivals 2-2
2026-10-07 10:00:12,726 INFO o.a.j.t.JMeterThread: Thread finished: Search arrivals 2-2
2026-10-07 10:00:26,341 INFO o.a.j.t.JMeterThread: Thread started: POST arrivals 1-8
2026-10-07 10:00:28,081 INFO o.a.j.t.JMeterThread: Thread is done: POST arrivals 1-8
2026-10-07 10:00:28,081 INFO o.a.j.t.JMeterThread: Thread finished: POST arrivals 1-8
2026-10-07 10:00:34,705 INFO o.a.j.t.JMeterThread: Thread started: POST arrivals 1-9
2026-10-07 10:00:35,784 INFO o.a.j.r.Summariser: summary +      4 in 00:00:35 =    0.1/s Avg:  1590 Min:  1072 Max:  1789 Err:     0 (0.00%) Active: 1 Started: 11 Finished: 10
2026-10-07 10:00:35,785 INFO o.a.j.r.Summariser: summary =     11 in 00:01:41 =    0.1/s Avg:  2391 Min:    18 Max:  6007 Err:     0 (0.00%)
2026-10-07 10:00:35,786 INFO o.a.j.t.JMeterThread: Thread is done: POST arrivals 1-9
2026-10-07 10:00:35,787 INFO o.a.j.t.JMeterThread: Thread finished: POST arrivals 1-9
2026-10-07 10:00:35,791 INFO o.a.j.t.JMeterThread: Thread started: POST arrivals 1-10
2026-10-07 10:00:35,933 INFO o.a.j.t.JMeterThread: Thread started: POST arrivals 1-11
2026-10-07 10:00:38,759 INFO o.a.j.t.JMeterThread: Thread is done: POST arrivals 1-10
2026-10-07 10:00:38,759 INFO o.a.j.t.JMeterThread: Thread finished: POST arrivals 1-10
2026-10-07 10:00:39,549 INFO o.a.j.t.JMeterThread: Thread is done: POST arrivals 1-11
2026-10-07 10:00:39,549 INFO o.a.j.t.JMeterThread: Thread finished: POST arrivals 1-11
2026-10-07 10:00:44,116 INFO o.a.j.t.JMeterThread: Thread started: POST arrivals 1-12
2026-10-07 10:00:44,119 INFO o.a.j.t.o.PoissonArrivalsRamp: Generating 30 events, beginRate = 0.1 / sec, endRate = 0.1 / sec, duration = 300.0 sec
2026-10-07 10:00:45,822 INFO o.a.j.t.JMeterThread: Thread is done: POST arrivals 1-12
2026-10-07 10:00:45,822 INFO o.a.j.t.JMeterThread: Thread finished: POST arrivals 1-12
2026-10-07 10:00:59,115 INFO o.a.j.t.JMeterThread: Thread started: POST arrivals 1-13
2026-10-07 10:01:00,134 INFO o.a.j.r.Summariser: summary +      4 in 00:00:24 =    0.2/s Avg:  2321 Min:  1017 Max:  3612 Err:     0 (0.00%) Active: 1 Started: 15 Finished: 14
2026-10-07 10:01:00,134 INFO o.a.j.r.Summariser: summary =     15 in 00:02:05 =    0.1/s Avg:  2372 Min:    18 Max:  6007 Err:     0 (0.00%)
2026-10-07 10:01:00,134 INFO o.a.j.t.JMeterThread: Thread is done: POST arrivals 1-13
2026-10-07 10:01:00,134 INFO o.a.j.t.JMeterThread: Thread finished: POST arrivals 1-13
2026-10-07 10:01:07,952 INFO o.a.j.t.JMeterThread: Thread started: POST arrivals 1-14
2026-10-07 10:01:09,375 INFO o.a.j.t.JMeterThread: Thread is done: POST arrivals 1-14
2026-10-07 10:01:09,375 INFO o.a.j.t.JMeterThread: Thread finished: POST arrivals 1-14
2026-10-07 10:01:11,109 INFO o.a.j.t.JMeterThread: Thread started: POST arrivals 1-15
2026-10-07 10:01:14,789 INFO o.a.j.t.JMeterThread: Thread is done: POST arrivals 1-15
2026-10-07 10:01:14,790 INFO o.a.j.t.JMeterThread: Thread finished: POST arrivals 1-15
2026-10-07 10:01:18,003 INFO o.a.j.t.JMeterThread: Thread started: POST arrivals 1-16
2026-10-07 10:01:21,334 INFO o.a.j.t.JMeterThread: Thread is done: POST arrivals 1-16
2026-10-07 10:01:21,336 INFO o.a.j.t.JMeterThread: Thread finished: POST arrivals 1-16
2026-10-07 10:01:21,697 INFO o.a.j.t.JMeterThread: Thread started: Search arrivals 2-3
2026-10-07 10:01:21,724 INFO o.a.j.t.JMeterThread: Thread is done: Search arrivals 2-3
2026-10-07 10:01:21,724 INFO o.a.j.t.JMeterThread: Thread finished: Search arrivals 2-3
2026-10-07 10:01:25,083 INFO o.a.j.t.JMeterThread: Thread started: POST arrivals 1-17
2026-10-07 10:01:27,784 INFO o.a.j.t.JMeterThread: Thread is done: POST arrivals 1-17
2026-10-07 10:01:27,784 INFO o.a.j.t.JMeterThread: Thread finished: POST arrivals 1-17
2026-10-07 10:01:47,871 INFO o.a.j.t.JMeterThread: Thread started: Search arrivals 2-4
2026-10-07 10:01:47,898 INFO o.a.j.t.JMeterThread: Thread is done: Search arrivals 2-4
2026-10-07 10:01:47,898 INFO o.a.j.t.JMeterThread: Thread finished: Search arrivals 2-4
2026-10-07 10:02:03,877 INFO o.a.j.t.JMeterThread: Thread started: POST arrivals 1-18
2026-10-07 10:02:04,970 INFO o.a.j.r.Summariser: summary +      7 in 00:01:05 =    0.1/s Avg:  1746 Min:    23 Max:  3672 Err:     0 (0.00%) Active: 1 Started: 22 Finished: 21
2026-10-07 10:02:04,973 INFO o.a.j.r.Summariser: summary =     22 in 00:03:10 =    0.1/s Avg:  2173 Min:    18 Max:  6007 Err:     0 (0.00%)
2026-10-07 10:02:04,975 INFO o.a.j.t.JMeterThread: Thread is done: POST arrivals 1-18
2026-10-07 10:02:04,975 INFO o.a.j.t.JMeterThread: Thread finished: POST arrivals 1-18
2026-10-07 10:02:07,400 INFO o.a.j.t.JMeterThread: Thread started: POST arrivals 1-19
2026-10-07 10:02:09,627 INFO o.a.j.t.JMeterThread: Thread is done: POST arrivals 1-19
2026-10-07 10:02:09,629 INFO o.a.j.t.JMeterThread: Thread finished: POST arrivals 1-19
2026-10-07 10:02:14,853 INFO o.a.j.t.JMeterThread: Thread started: POST arrivals 1-20
2026-10-07 10:02:17,723 INFO o.a.j.t.JMeterThread: Thread is done: POST arrivals 1-20
2026-10-07 10:02:17,723 INFO o.a.j.t.JMeterThread: Thread finished: POST arrivals 1-20
2026-10-07 10:02:20,945 INFO o.a.j.t.JMeterThread: Thread started: POST arrivals 1-21
2026-10-07 10:02:21,362 INFO o.a.j.t.JMeterThread: Thread started: POST arrivals 1-22
2026-10-07 10:02:22,579 INFO o.a.j.t.JMeterThread: Thread is done: POST arrivals 1-21
2026-10-07 10:02:22,579 INFO o.a.j.t.JMeterThread: Thread finished: POST arrivals 1-21
2026-10-07 10:02:25,731 INFO o.a.j.t.JMeterThread: Thread is done: POST arrivals 1-22
2026-10-07 10:02:25,731 INFO o.a.j.t.JMeterThread: Thread finished: POST arrivals 1-22
2026-10-07 10:02:37,844 INFO o.a.j.t.JMeterThread: Thread started: POST arrivals 1-23
2026-10-07 10:02:39,174 INFO o.a.j.t.JMeterThread: Thread is done: POST arrivals 1-23
2026-10-07 10:02:39,174 INFO o.a.j.t.JMeterThread: Thread finished: POST arrivals 1-23
2026-10-07 10:02:50,260 INFO o.a.j.t.JMeterThread: Thread started: POST arrivals 1-24
2026-10-07 10:02:51,665 INFO o.a.j.t.JMeterThread: Thread is done: POST arrivals 1-24
2026-10-07 10:02:51,665 INFO o.a.j.t.JMeterThread: Thread finished: POST arrivals 1-24
2026-10-07 10:03:02,384 INFO o.a.j.t.JMeterThread: Thread started: POST arrivals 1-25
2026-10-07 10:03:04,266 INFO o.a.j.r.Summariser: summary +      7 in 00:00:59 =    0.1/s Avg:  2235 Min:  1322 Max:  4361 Err:     0 (0.00%) Active: 1 Started: 29 Finished: 28
2026-10-07 10:03:04,270 INFO o.a.j.r.Summariser: summary =     29 in 00:04:09 =    0.1/s Avg:  2188 Min:    18 Max:  6007 Err:     0 (0.00%)
2026-10-07 10:03:04,271 INFO o.a.j.t.JMeterThread: Thread is done: POST arrivals 1-25
2026-10-07 10:03:04,271 INFO o.a.j.t.JMeterThread: Thread finished: POST arrivals 1-25
2026-10-07 10:03:23,229 INFO o.a.j.t.JMeterThread: Thread started: Search arrivals 2-5
2026-10-07 10:03:23,265 INFO o.a.j.t.JMeterThread: Thread is done: Search arrivals 2-5
2026-10-07 10:03:23,266 INFO o.a.j.t.JMeterThread: Thread finished: Search arrivals 2-5
2026-10-07 10:03:23,537 INFO o.a.j.t.JMeterThread: Thread started: POST arrivals 1-26
2026-10-07 10:03:26,357 INFO o.a.j.t.JMeterThread: Thread is done: POST arrivals 1-26
2026-10-07 10:03:26,357 INFO o.a.j.t.JMeterThread: Thread finished: POST arrivals 1-26
2026-10-07 10:03:26,409 INFO o.a.j.t.JMeterThread: Thread started: POST arrivals 1-27
2026-10-07 10:03:27,720 INFO o.a.j.t.JMeterThread: Thread is done: POST arrivals 1-27
2026-10-07 10:03:27,720 INFO o.a.j.t.JMeterThread: Thread finished: POST arrivals 1-27
2026-10-07 10:03:32,430 INFO o.a.j.t.JMeterThread: Thread started: POST arrivals 1-28
2026-10-07 10:03:33,349 INFO o.a.j.r.Summariser: summary +      4 in 00:00:29 =    0.1/s Avg:  1264 Min:    32 Max:  2814 Err:     0 (0.00%) Active: 1 Started: 33 Finished: 32
2026-10-07 10:03:33,351 INFO o.a.j.r.Summariser: summary =     33 in 00:04:38 =    0.1/s Avg:  2076 Min:    18 Max:  6007 Err:     0 (0.00%)
2026-10-07 10:03:33,352 INFO o.a.j.t.JMeterThread: Thread is done: POST arrivals 1-28
2026-10-07 10:03:33,354 INFO o.a.j.t.JMeterThread: Thread finished: POST arrivals 1-28
2026-10-07 10:03:37,973 INFO o.a.j.t.JMeterThread: Thread started: POST arrivals 1-29
2026-10-07 10:03:40,308 INFO o.a.j.t.JMeterThread: Thread is done: POST arrivals 1-29
2026-10-07 10:03:40,309 INFO o.a.j.t.JMeterThread: Thread finished: POST arrivals 1-29
2026-10-07 10:03:51,333 INFO o.a.j.t.JMeterThread: Thread started: POST arrivals 1-30
2026-10-07 10:03:53,648 INFO o.a.j.t.JMeterThread: Thread started: Search arrivals 2-6
2026-10-07 10:03:54,547 INFO o.a.j.t.JMeterThread: Thread is done: POST arrivals 1-30
2026-10-07 10:03:54,557 INFO o.a.j.t.JMeterThread: Thread finished: POST arrivals 1-30
2026-10-07 10:03:54,558 INFO o.a.j.t.JMeterThread: Thread is done: Search arrivals 2-6
2026-10-07 10:03:54,558 INFO o.a.j.t.JMeterThread: Thread finished: Search arrivals 2-6
2026-10-07 10:03:54,938 INFO o.a.j.t.JMeterThread: Thread started: POST arrivals 1-31
2026-10-07 10:03:55,401 INFO o.a.j.t.JMeterThread: Thread started: Search arrivals 2-7
2026-10-07 10:03:55,679 INFO o.a.j.t.JMeterThread: Thread started: POST arrivals 1-32
2026-10-07 10:03:56,806 INFO o.a.j.t.JMeterThread: Thread is done: Search arrivals 2-7
2026-10-07 10:03:56,809 INFO o.a.j.t.JMeterThread: Thread finished: Search arrivals 2-7
2026-10-07 10:03:56,810 INFO o.a.j.t.JMeterThread: Thread is done: POST arrivals 1-31
2026-10-07 10:03:56,810 INFO o.a.j.t.JMeterThread: Thread finished: POST arrivals 1-31
2026-10-07 10:03:58,034 INFO o.a.j.t.JMeterThread: Thread is done: POST arrivals 1-32
2026-10-07 10:03:58,035 INFO o.a.j.t.JMeterThread: Thread finished: POST arrivals 1-32
2026-10-07 10:04:04,828 INFO o.a.j.t.o.PoissonArrivalsRamp: Generating 3 events, beginRate = 0.01 / sec, endRate = 0.01 / sec, duration = 300.0 sec
2026-10-07 10:04:04,828 INFO o.a.j.t.JMeterThread: Thread started: Stats arrivals 3-1
2026-10-07 10:04:04,860 INFO o.a.j.r.Summariser: summary +      7 in 00:00:32 =    0.2/s Avg:  1724 Min:    27 Max:  3208 Err:     0 (0.00%) Active: 1 Started: 40 Finished: 39
2026-10-07 10:04:04,860 INFO o.a.j.r.Summariser: summary =     40 in 00:05:10 =    0.1/s Avg:  2015 Min:    18 Max:  6007 Err:     0 (0.00%)
2026-10-07 10:04:04,861 INFO o.a.j.t.JMeterThread: Thread is done: Stats arrivals 3-1
2026-10-07 10:04:04,861 INFO o.a.j.t.JMeterThread: Thread finished: Stats arrivals 3-1
2026-10-07 10:04:15,196 INFO o.a.j.t.JMeterThread: Thread started: POST arrivals 1-33
2026-10-07 10:04:17,692 INFO o.a.j.t.JMeterThread: Thread is done: POST arrivals 1-33
2026-10-07 10:04:17,693 INFO o.a.j.t.JMeterThread: Thread finished: POST arrivals 1-33
2026-10-07 10:04:31,315 INFO o.a.j.t.JMeterThread: Thread started: POST arrivals 1-34
2026-10-07 10:04:32,337 INFO o.a.j.r.Summariser: summary +      2 in 00:00:27 =    0.1/s Avg:  1753 Min:  1016 Max:  2490 Err:     0 (0.00%) Active: 1 Started: 42 Finished: 41
2026-10-07 10:04:32,338 INFO o.a.j.r.Summariser: summary =     42 in 00:05:37 =    0.1/s Avg:  2002 Min:    18 Max:  6007 Err:     0 (0.00%)
2026-10-07 10:04:32,339 INFO o.a.j.t.JMeterThread: Thread is done: POST arrivals 1-34
2026-10-07 10:04:32,339 INFO o.a.j.t.JMeterThread: Thread finished: POST arrivals 1-34
2026-10-07 10:04:44,923 INFO o.a.j.t.JMeterThread: Thread started: POST arrivals 1-35
2026-10-07 10:04:45,949 INFO o.a.j.t.JMeterThread: Thread started: POST arrivals 1-36
2026-10-07 10:04:48,941 INFO o.a.j.t.JMeterThread: Thread is done: POST arrivals 1-35
2026-10-07 10:04:48,941 INFO o.a.j.t.JMeterThread: Thread finished: POST arrivals 1-35
2026-10-07 10:04:50,475 INFO o.a.j.t.JMeterThread: Thread started: POST arrivals 1-37
2026-10-07 10:04:50,604 INFO o.a.j.t.JMeterThread: Thread is done: POST arrivals 1-36
2026-10-07 10:04:50,604 INFO o.a.j.t.JMeterThread: Thread finished: POST arrivals 1-36
2026-10-07 10:04:53,069 INFO o.a.j.t.JMeterThread: Thread is done: POST arrivals 1-37
2026-10-07 10:04:53,069 INFO o.a.j.t.JMeterThread: Thread finished: POST arrivals 1-37
2026-10-07 10:05:02,245 INFO o.a.j.t.o.PoissonArrivalsRamp: Generating 12 events, beginRate = 0.04 / sec, endRate = 0.04 / sec, duration = 300.0 sec
2026-10-07 10:05:02,247 INFO o.a.j.t.JMeterThread: Thread started: Search arrivals 2-8
2026-10-07 10:05:02,309 INFO o.a.j.r.Summariser: summary +      4 in 00:00:30 =    0.1/s Avg:  2826 Min:    57 Max:  4648 Err:     0 (0.00%) Active: 1 Started: 46 Finished: 45
2026-10-07 10:05:02,309 INFO o.a.j.r.Summariser: summary =     46 in 00:06:07 =    0.1/s Avg:  2074 Min:    18 Max:  6007 Err:     0 (0.00%)
2026-10-07 10:05:02,310 INFO o.a.j.t.JMeterThread: Thread is done: Search arrivals 2-8
2026-10-07 10:05:02,310 INFO o.a.j.t.JMeterThread: Thread finished: Search arrivals 2-8
2026-10-07 10:05:22,583 INFO o.a.j.t.JMeterThread: Thread started: POST arrivals 1-38
2026-10-07 10:05:25,076 INFO o.a.j.t.JMeterThread: Thread is done: POST arrivals 1-38
2026-10-07 10:05:25,077 INFO o.a.j.t.JMeterThread: Thread finished: POST arrivals 1-38
2026-10-07 10:05:30,237 INFO o.a.j.t.JMeterThread: Thread started: POST arrivals 1-39
2026-10-07 10:05:31,567 INFO o.a.j.r.Summariser: summary +      2 in 00:00:29 =    0.1/s Avg:  1905 Min:  1321 Max:  2489 Err:     0 (0.00%) Active: 1 Started: 48 Finished: 47
2026-10-07 10:05:31,571 INFO o.a.j.r.Summariser: summary =     48 in 00:06:36 =    0.1/s Avg:  2067 Min:    18 Max:  6007 Err:     0 (0.00%)
2026-10-07 10:05:31,572 INFO o.a.j.t.JMeterThread: Thread is done: POST arrivals 1-39
2026-10-07 10:05:31,572 INFO o.a.j.t.JMeterThread: Thread finished: POST arrivals 1-39
2026-10-07 10:05:35,601 INFO o.a.j.t.JMeterThread: Thread started: POST arrivals 1-40
2026-10-07 10:05:36,414 INFO o.a.j.t.JMeterThread: Thread started: POST arrivals 1-41
2026-10-07 10:05:39,313 INFO o.a.j.t.JMeterThread: Thread is done: POST arrivals 1-40
2026-10-07 10:05:39,313 INFO o.a.j.t.JMeterThread: Thread finished: POST arrivals 1-40
2026-10-07 10:05:40,539 INFO o.a.j.t.JMeterThread: Thread is done: POST arrivals 1-41
2026-10-07 10:05:40,539 INFO o.a.j.t.JMeterThread: Thread finished: POST arrivals 1-41
2026-10-07 10:05:40,761 INFO o.a.j.t.JMeterThread: Thread started: POST arrivals 1-42
2026-10-07 10:05:40,766 INFO o.a.j.t.o.PoissonArrivalsRamp: Generating 60 events, beginRate = 0.2 / sec, endRate = 0.2 / sec, duration = 300.0 sec
2026-10-07 10:05:41,614 INFO o.a.j.t.JMeterThread: Thread is done: POST arrivals 1-42
2026-10-07 10:05:41,614 INFO o.a.j.t.JMeterThread: Thread finished: POST arrivals 1-42
2026-10-07 10:05:56,947 INFO o.a.j.t.JMeterThread: Thread started: Search arrivals 2-9
2026-10-07 10:05:56,993 INFO o.a.j.t.JMeterThread: Thread is done: Search arrivals 2-9
2026-10-07 10:05:56,993 INFO o.a.j.t.JMeterThread: Thread finished: Search arrivals 2-9
2026-10-07 10:06:01,211 INFO o.a.j.t.JMeterThread: Thread started: POST arrivals 1-43
2026-10-07 10:06:02,871 INFO o.a.j.r.Summariser: summary +      5 in 00:00:31 =    0.2/s Avg:  2070 Min:    33 Max:  4120 Err:     0 (0.00%) Active: 1 Started: 53 Finished: 52
2026-10-07 10:06:02,873 INFO o.a.j.r.Summariser: summary =     53 in 00:07:08 =    0.1/s Avg:  2067 Min:    18 Max:  6007 Err:     0 (0.00%)
2026-10-07 10:06:02,874 INFO o.a.j.t.JMeterThread: Thread is done: POST arrivals 1-43
2026-10-07 10:06:02,876 INFO o.a.j.t.JMeterThread: Thread finished: POST arrivals 1-43
2026-10-07 10:06:04,011 INFO o.a.j.t.JMeterThread: Thread started: POST arrivals 1-44
2026-10-07 10:06:07,012 INFO o.a.j.t.JMeterThread: Thread started: POST arrivals 1-45
2026-10-07 10:06:07,168 INFO o.a.j.t.JMeterThread: Thread is done: POST arrivals 1-44
2026-10-07 10:06:07,173 INFO o.a.j.t.JMeterThread: Thread finished: POST arrivals 1-44
2026-10-07 10:06:07,525 INFO o.a.j.t.JMeterThread: Thread started: POST arrivals 1-46
2026-10-07 10:06:09,426 INFO o.a.j.t.JMeterThread: Thread started: POST arrivals 1-47
2026-10-07 10:06:10,035 INFO o.a.j.t.JMeterThread: Thread is done: POST arrivals 1-45
2026-10-07 10:06:10,035 INFO o.a.j.t.JMeterThread: Thread finished: POST arrivals 1-45
2026-10-07 10:06:10,826 INFO o.a.j.t.JMeterThread: Thread started: Search arrivals 2-10
2026-10-07 10:06:13,212 INFO o.a.j.t.JMeterThread: Thread is done: POST arrivals 1-46
2026-10-07 10:06:13,213 INFO o.a.j.t.JMeterThread: Thread finished: POST arrivals 1-46
2026-10-07 10:06:14,750 INFO o.a.j.t.JMeterThread: Thread is done: POST arrivals 1-47
2026-10-07 10:06:14,750 INFO o.a.j.t.JMeterThread: Thread finished: POST arrivals 1-47
2026-10-07 10:06:14,750 INFO o.a.j.t.JMeterThread: Thread is done: Search arrivals 2-10
2026-10-07 10:06:14,750 INFO o.a.j.t.JMeterThread: Thread finished: Search arrivals 2-10
2026-10-07 10:06:19,155 INFO o.a.j.t.JMeterThread: Thread started: POST arrivals 1-48
2026-10-07 10:06:19,686 INFO o.a.j.t.JMeterThread: Thread started: POST arrivals 1-49
2026-10-07 10:06:20,791 INFO o.a.j.t.JMeterThread: Thread is done: POST arrivals 1-48
2026-10-07 10:06:20,791 INFO o.a.j.t.JMeterThread: Thread finished: POST arrivals 1-48
2026-10-07 10:06:22,019 INFO o.a.j.t.JMeterThread: Thread is done: POST arrivals 1-49
2026-10-07 10:06:22,019 INFO o.a.j.t.JMeterThread: Thread finished: POST arrivals 1-49
2026-10-07 10:06:34,095 INFO o.a.j.t.JMeterThread: Thread started: POST arrivals 1-50
2026-10-07 10:06:35,336 INFO o.a.j.r.Summariser: summary +      8 in 00:00:32 =    0.2/s Avg:  3284 Min:  1230 Max:  5682 Err:     0 (0.00%) Active: 1 Started: 61 Finished: 60
2026-10-07 10:06:35,339 INFO o.a.j.r.Summariser: summary =     61 in 00:07:40 =    0.1/s Avg:  2227 Min:    18 Max:  6007 Err:     0 (0.00%)
2026-10-07 10:06:35,339 INFO o.a.j.t.JMeterThread: Thread is done: POST arrivals 1-50
2026-10-07 10:06:35,340 INFO o.a.j.t.JMeterThread: Thread finished: POST arrivals 1-50
2026-10-07 10:06:47,438 INFO o.a.j.t.JMeterThread: Thread started: Search arrivals 2-11
2026-10-07 10:06:47,469 INFO o.a.j.t.JMeterThread: Thread is done: Search arrivals 2-11
2026-10-07 10:06:47,470 INFO o.a.j.t.JMeterThread: Thread finished: Search arrivals 2-11
2026-10-07 10:06:51,928 INFO o.a.j.t.JMeterThread: Thread started: POST arrivals 1-51
2026-10-07 10:06:52,845 INFO o.a.j.t.JMeterThread: Thread is done: POST arrivals 1-51
2026-10-07 10:06:52,845 INFO o.a.j.t.JMeterThread: Thread finished: POST arrivals 1-51
2026-10-07 10:07:00,281 INFO o.a.j.t.JMeterThread: Thread started: POST arrivals 1-52
2026-10-07 10:07:03,086 INFO o.a.j.r.Summariser: summary +      3 in 00:00:28 =    0.1/s Avg:  1247 Min:    29 Max:  2800 Err:     0 (0.00%) Active: 1 Started: 64 Finished: 63
2026-10-07 10:07:03,088 INFO o.a.j.r.Summariser: summary =     64 in 00:08:08 =    0.1/s Avg:  2181 Min:    18 Max:  6007 Err:     0 (0.00%)
2026-10-07 10:07:03,092 INFO o.a.j.t.JMeterThread: Thread is done: POST arrivals 1-52
2026-10-07 10:07:03,092 INFO o.a.j.t.JMeterThread: Thread finished: POST arrivals 1-52
2026-10-07 10:07:04,342 INFO o.a.j.t.JMeterThread: Thread started: POST arrivals 1-53
2026-10-07 10:07:06,169 INFO o.a.j.t.JMeterThread: Thread is done: POST arrivals 1-53
2026-10-07 10:07:06,170 INFO o.a.j.t.JMeterThread: Thread finished: POST arrivals 1-53
2026-10-07 10:07:10,482 INFO o.a.j.t.JMeterThread: Thread started: POST arrivals 1-54
2026-10-07 10:07:11,792 INFO o.a.j.t.JMeterThread: Thread is done: POST arrivals 1-54
2026-10-07 10:07:11,792 INFO o.a.j.t.JMeterThread: Thread finished: POST arrivals 1-54
2026-10-07 10:07:17,924 INFO o.a.j.t.JMeterThread: Thread started: Stats arrivals 3-2
2026-10-07 10:07:17,948 INFO o.a.j.t.JMeterThread: Thread is done: Stats arrivals 3-2
2026-10-07 10:07:17,948 INFO o.a.j.t.JMeterThread: Thread finished: Stats arrivals 3-2
2026-10-07 10:07:21,033 INFO o.a.j.t.JMeterThread: Thread started: POST arrivals 1-55
2026-10-07 10:07:22,446 INFO o.a.j.t.JMeterThread: Thread is done: POST arrivals 1-55
2026-10-07 10:07:22,446 INFO o.a.j.t.JMeterThread: Thread finished: POST arrivals 1-55
2026-10-07 10:07:23,587 INFO o.a.j.t.JMeterThread: Thread started: POST arrivals 1-56
2026-10-07 10:07:24,798 INFO o.a.j.t.JMeterThread: Thread is done: POST arrivals 1-56
2026-10-07 10:07:24,798 INFO o.a.j.t.JMeterThread: Thread finished: POST arrivals 1-56
2026-10-07 10:07:25,633 INFO o.a.j.t.JMeterThread: Thread started: POST arrivals 1-57
2026-10-07 10:07:27,167 INFO o.a.j.t.JMeterThread: Thread is done: POST arrivals 1-57
2026-10-07 10:07:27,167 INFO o.a.j.t.JMeterThread: Thread finished: POST arrivals 1-57
2026-10-07 10:07:28,379 INFO o.a.j.t.JMeterThread: Thread started: POST arrivals 1-58
2026-10-07 10:07:28,431 INFO o.a.j.t.JMeterThread: Thread started: POST arrivals 1-59
2026-10-07 10:07:30,121 INFO o.a.j.t.JMeterThread: Thread started: POST arrivals 1-60
2026-10-07 10:07:31,150 INFO o.a.j.r.Summariser: summary +      7 in 00:00:28 =    0.2/s Avg:  1434 Min:    20 Max:  2761 Err:     0 (0.00%) Active: 3 Started: 73 Finished: 70
2026-10-07 10:07:31,151 INFO o.a.j.r.Summariser: summary =     71 in 00:08:36 =    0.1/s Avg:  2107 Min:    18 Max:  6007 Err:     0 (0.00%)
2026-10-07 10:07:31,152 INFO o.a.j.t.JMeterThread: Thread is done: POST arrivals 1-58
2026-10-07 10:07:31,152 INFO o.a.j.t.JMeterThread: Thread finished: POST arrivals 1-58
2026-10-07 10:07:31,620 INFO o.a.j.t.JMeterThread: Thread started: POST arrivals 1-61
2026-10-07 10:07:31,799 INFO o.a.j.t.JMeterThread: Thread started: Search arrivals 2-12
2026-10-07 10:07:32,417 INFO o.a.j.t.JMeterThread: Thread is done: POST arrivals 1-59
2026-10-07 10:07:32,417 INFO o.a.j.t.JMeterThread: Thread finished: POST arrivals 1-59
2026-10-07 10:07:33,506 INFO o.a.j.t.JMeterThread: Thread is done: POST arrivals 1-60
2026-10-07 10:07:33,507 INFO o.a.j.t.JMeterThread: Thread finished: POST arrivals 1-60
2026-10-07 10:07:35,346 INFO o.a.j.t.JMeterThread: Thread is done: POST arrivals 1-61
2026-10-07 10:07:35,346 INFO o.a.j.t.JMeterThread: Thread finished: POST arrivals 1-61
2026-10-07 10:07:35,350 INFO o.a.j.t.JMeterThread: Thread is done: Search arrivals 2-12
2026-10-07 10:07:35,350 INFO o.a.j.t.JMeterThread: Thread finished: Search arrivals 2-12
2026-10-07 10:07:44,796 INFO o.a.j.t.JMeterThread: Thread started: Search arrivals 2-13
2026-10-07 10:07:44,835 INFO o.a.j.t.JMeterThread: Thread is done: Search arrivals 2-13
2026-10-07 10:07:44,836 INFO o.a.j.t.JMeterThread: Thread finished: Search arrivals 2-13
2026-10-07 10:07:53,329 INFO o.a.j.t.JMeterThread: Thread started: Stats arrivals 3-3
2026-10-07 10:07:53,365 INFO o.a.j.t.JMeterThread: Thread is done: Stats arrivals 3-3
2026-10-07 10:07:53,392 INFO o.a.j.t.JMeterThread: Thread finished: Stats arrivals 3-3
2026-10-07 10:07:58,124 INFO o.a.j.t.JMeterThread: Thread started: POST arrivals 1-62
2026-10-07 10:08:01,053 INFO o.a.j.r.Summariser: summary +      7 in 00:00:30 =    0.2/s Avg:  2516 Min:    33 Max:  3978 Err:     0 (0.00%) Active: 1 Started: 78 Finished: 77
2026-10-07 10:08:01,057 INFO o.a.j.r.Summariser: summary =     78 in 00:09:06 =    0.1/s Avg:  2144 Min:    18 Max:  6007 Err:     0 (0.00%)
2026-10-07 10:08:01,058 INFO o.a.j.t.JMeterThread: Thread is done: POST arrivals 1-62
2026-10-07 10:08:01,058 INFO o.a.j.t.JMeterThread: Thread finished: POST arrivals 1-62
2026-10-07 10:08:03,770 INFO o.a.j.t.JMeterThread: Thread started: POST arrivals 1-63
2026-10-07 10:08:03,851 INFO o.a.j.t.JMeterThread: Thread started: POST arrivals 1-64
2026-10-07 10:08:05,866 INFO o.a.j.t.JMeterThread: Thread is done: POST arrivals 1-63
2026-10-07 10:08:05,866 INFO o.a.j.t.JMeterThread: Thread finished: POST arrivals 1-63
2026-10-07 10:08:06,528 INFO o.a.j.t.JMeterThread: Thread started: POST arrivals 1-65
2026-10-07 10:08:07,404 INFO o.a.j.t.JMeterThread: Thread is done: POST arrivals 1-64
2026-10-07 10:08:07,404 INFO o.a.j.t.JMeterThread: Thread finished: POST arrivals 1-64
2026-10-07 10:08:08,758 INFO o.a.j.t.JMeterThread: Thread is done: POST arrivals 1-65
2026-10-07 10:08:08,758 INFO o.a.j.t.JMeterThread: Thread finished: POST arrivals 1-65
2026-10-07 10:08:15,340 INFO o.a.j.t.JMeterThread: Thread started: POST arrivals 1-66
2026-10-07 10:08:16,672 INFO o.a.j.t.JMeterThread: Thread is done: POST arrivals 1-66
2026-10-07 10:08:16,673 INFO o.a.j.t.JMeterThread: Thread finished: POST arrivals 1-66
2026-10-07 10:08:16,920 INFO o.a.j.t.JMeterThread: Thread started: Search arrivals 2-14
2026-10-07 10:08:16,972 INFO o.a.j.t.JMeterThread: Thread is done: Search arrivals 2-14
2026-10-07 10:08:16,972 INFO o.a.j.t.JMeterThread: Thread finished: Search arrivals 2-14
2026-10-07 10:08:20,773 INFO o.a.j.t.JMeterThread: Thread started: POST arrivals 1-67
2026-10-07 10:08:23,073 INFO o.a.j.t.JMeterThread: Thread is done: POST arrivals 1-67
2026-10-07 10:08:23,074 INFO o.a.j.t.JMeterThread: Thread finished: POST arrivals 1-67
2026-10-07 10:08:27,235 INFO o.a.j.t.JMeterThread: Thread started: POST arrivals 1-68
2026-10-07 10:08:28,997 INFO o.a.j.t.JMeterThread: Thread is done: POST arrivals 1-68
2026-10-07 10:08:28,998 INFO o.a.j.t.JMeterThread: Thread finished: POST arrivals 1-68
2026-10-07 10:08:30,657 INFO o.a.j.t.JMeterThread: Thread started: POST arrivals 1-69
2026-10-07 10:08:32,295 INFO o.a.j.r.Summariser: summary +      8 in 00:00:31 =    0.3/s Avg:  1861 Min:    26 Max:  3545 Err:     0 (0.00%) Active: 1 Started: 86 Finished: 85
2026-10-07 10:08:32,299 INFO o.a.j.r.Summariser: summary =     86 in 00:09:37 =    0.1/s Avg:  2117 Min:    18 Max:  6007 Err:     0 (0.00%)
2026-10-07 10:08:32,299 INFO o.a.j.t.JMeterThread: Thread is done: POST arrivals 1-69
2026-10-07 10:08:32,300 INFO o.a.j.t.JMeterThread: Thread finished: POST arrivals 1-69
2026-10-07 10:08:36,423 INFO o.a.j.t.JMeterThread: Thread started: POST arrivals 1-70
2026-10-07 10:08:37,945 INFO o.a.j.t.JMeterThread: Thread is done: POST arrivals 1-70
2026-10-07 10:08:37,945 INFO o.a.j.t.JMeterThread: Thread finished: POST arrivals 1-70
2026-10-07 10:08:40,769 INFO o.a.j.t.JMeterThread: Thread started: POST arrivals 1-71
2026-10-07 10:08:42,113 INFO o.a.j.t.JMeterThread: Thread started: Search arrivals 2-15
2026-10-07 10:08:42,256 INFO o.a.j.t.JMeterThread: Thread is done: POST arrivals 1-71
2026-10-07 10:08:42,256 INFO o.a.j.t.JMeterThread: Thread finished: POST arrivals 1-71
2026-10-07 10:08:42,279 INFO o.a.j.t.JMeterThread: Thread is done: Search arrivals 2-15
2026-10-07 10:08:42,280 INFO o.a.j.t.JMeterThread: Thread finished: Search arrivals 2-15
2026-10-07 10:08:42,546 INFO o.a.j.t.JMeterThread: Thread started: Search arrivals 2-16
2026-10-07 10:08:42,592 INFO o.a.j.t.JMeterThread: Thread is done: Search arrivals 2-16
2026-10-07 10:08:42,592 INFO o.a.j.t.JMeterThread: Thread finished: Search arrivals 2-16
2026-10-07 10:08:44,312 INFO o.a.j.t.JMeterThread: Thread started: POST arrivals 1-72
2026-10-07 10:08:45,821 INFO o.a.j.t.JMeterThread: Thread is done: POST arrivals 1-72
2026-10-07 10:08:45,821 INFO o.a.j.t.JMeterThread: Thread finished: POST arrivals 1-72
2026-10-07 10:08:46,003 INFO o.a.j.t.JMeterThread: Thread started: Stats arrivals 3-4
2026-10-07 10:08:46,009 INFO o.a.j.t.o.PoissonArrivalsRamp: Generating 4 events, beginRate = 0.015000000000000001 / sec, endRate = 0.015000000000000001 / sec, duration = 300.0 sec
2026-10-07 10:08:46,030 INFO o.a.j.t.JMeterThread: Thread is done: Stats arrivals 3-4
2026-10-07 10:08:46,031 INFO o.a.j.t.JMeterThread: Thread finished: Stats arrivals 3-4
2026-10-07 10:08:46,406 INFO o.a.j.t.JMeterThread: Thread started: POST arrivals 1-73
2026-10-07 10:08:47,061 INFO o.a.j.t.JMeterThread: Thread started: POST arrivals 1-74
2026-10-07 10:08:47,549 INFO o.a.j.t.JMeterThread: Thread is done: POST arrivals 1-73
2026-10-07 10:08:47,558 INFO o.a.j.t.JMeterThread: Thread finished: POST arrivals 1-73
2026-10-07 10:08:47,560 INFO o.a.j.t.JMeterThread: Thread started: POST arrivals 1-75
2026-10-07 10:08:49,916 INFO o.a.j.t.JMeterThread: Thread is done: POST arrivals 1-74
2026-10-07 10:08:49,916 INFO o.a.j.t.JMeterThread: Thread finished: POST arrivals 1-74
2026-10-07 10:08:51,071 INFO o.a.j.t.JMeterThread: Thread is done: POST arrivals 1-75
2026-10-07 10:08:51,071 INFO o.a.j.t.JMeterThread: Thread finished: POST arrivals 1-75
2026-10-07 10:08:53,982 INFO o.a.j.t.JMeterThread: Thread started: POST arrivals 1-76
2026-10-07 10:08:56,050 INFO o.a.j.t.JMeterThread: Thread is done: POST arrivals 1-76
2026-10-07 10:08:56,051 INFO o.a.j.t.JMeterThread: Thread finished: POST arrivals 1-76
2026-10-07 10:08:57,761 INFO o.a.j.t.JMeterThread: Thread started: POST arrivals 1-77
2026-10-07 10:08:58,664 INFO o.a.j.t.JMeterThread: Thread started: POST arrivals 1-78
2026-10-07 10:09:01,580 INFO o.a.j.r.Summariser: summary +     11 in 00:00:29 =    0.4/s Avg:  1642 Min:    24 Max:  3812 Err:     0 (0.00%) Active: 2 Started: 98 Finished: 96
2026-10-07 10:09:01,581 INFO o.a.j.r.Summariser: summary =     97 in 00:10:06 =    0.2/s Avg:  2064 Min:    18 Max:  6007 Err:     0 (0.00%)
2026-10-07 10:09:01,582 INFO o.a.j.t.JMeterThread: Thread is done: POST arrivals 1-77
2026-10-07 10:09:01,582 INFO o.a.j.t.JMeterThread: Thread finished: POST arrivals 1-77
2026-10-07 10:09:01,770 INFO o.a.j.t.JMeterThread: Thread started: Search arrivals 2-17
2026-10-07 10:09:03,079 INFO o.a.j.t.JMeterThread: Thread started: Search arrivals 2-18
2026-10-07 10:09:04,256 INFO o.a.j.t.JMeterThread: Thread is done: Search arrivals 2-17
2026-10-07 10:09:04,256 INFO o.a.j.t.JMeterThread: Thread finished: Search arrivals 2-17
2026-10-07 10:09:04,257 INFO o.a.j.t.JMeterThread: Thread is done: POST arrivals 1-78
2026-10-07 10:09:04,257 INFO o.a.j.t.JMeterThread: Thread finished: POST arrivals 1-78
2026-10-07 10:09:04,258 INFO o.a.j.t.JMeterThread: Thread is done: Search arrivals 2-18
2026-10-07 10:09:04,259 INFO o.a.j.t.JMeterThread: Thread finished: Search arrivals 2-18
2026-10-07 10:09:04,907 INFO o.a.j.t.JMeterThread: Thread started: POST arrivals 1-79
2026-10-07 10:09:05,774 INFO o.a.j.t.JMeterThread: Thread is done: POST arrivals 1-79
2026-10-07 10:09:05,774 INFO o.a.j.t.JMeterThread: Thread finished: POST arrivals 1-79
2026-10-07 10:09:13,285 INFO o.a.j.t.JMeterThread: Thread started: POST arrivals 1-80
2026-10-07 10:09:13,589 INFO o.a.j.t.JMeterThread: Thread started: POST arrivals 1-81
2026-10-07 10:09:15,154 INFO o.a.j.t.JMeterThread: Thread is done: POST arrivals 1-80
2026-10-07 10:09:15,155 INFO o.a.j.t.JMeterThread: Thread finished: POST arrivals 1-80
2026-10-07 10:09:17,021 INFO o.a.j.t.JMeterThread: Thread is done: POST arrivals 1-81
2026-10-07 10:09:17,022 INFO o.a.j.t.JMeterThread: Thread finished: POST arrivals 1-81
2026-10-07 10:09:19,756 INFO o.a.j.t.JMeterThread: Thread started: POST arrivals 1-82
2026-10-07 10:09:22,135 INFO o.a.j.t.JMeterThread: Thread started: POST arrivals 1-83
2026-10-07 10:09:22,264 INFO o.a.j.t.JMeterThread: Thread started: POST arrivals 1-84
2026-10-07 10:09:22,818 INFO o.a.j.t.JMeterThread: Thread is done: POST arrivals 1-82
2026-10-07 10:09:22,818 INFO o.a.j.t.JMeterThread: Thread finished: POST arrivals 1-82
2026-10-07 10:09:25,640 INFO o.a.j.t.JMeterThread: Thread started: POST arrivals 1-85
2026-10-07 10:09:26,237 INFO o.a.j.t.JMeterThread: Thread is done: POST arrivals 1-83
2026-10-07 10:09:26,237 INFO o.a.j.t.JMeterThread: Thread finished: POST arrivals 1-83
2026-10-07 10:09:27,481 INFO o.a.j.t.JMeterThread: Thread started: POST arrivals 1-86
2026-10-07 10:09:28,770 INFO o.a.j.t.JMeterThread: Thread started: POST arrivals 1-87
2026-10-07 10:09:29,037 INFO o.a.j.t.JMeterThread: Thread is done: POST arrivals 1-84
2026-10-07 10:09:29,037 INFO o.a.j.t.JMeterThread: Thread finished: POST arrivals 1-84
2026-10-07 10:09:32,612 INFO o.a.j.r.Summariser: summary +     10 in 00:00:31 =    0.3/s Avg:  3623 Min:   850 Max:  6964 Err:     0 (0.00%) Active: 3 Started: 109 Finished: 106
2026-10-07 10:09:32,616 INFO o.a.j.r.Summariser: summary =    107 in 00:10:37 =    0.2/s Avg:  2209 Min:    18 Max:  6964 Err:     0 (0.00%)
2026-10-07 10:09:32,617 INFO o.a.j.t.JMeterThread: Thread is done: POST arrivals 1-85
2026-10-07 10:09:32,617 INFO o.a.j.t.JMeterThread: Thread finished: POST arrivals 1-85
2026-10-07 10:09:34,554 INFO o.a.j.t.JMeterThread: Thread is done: POST arrivals 1-86
2026-10-07 10:09:34,554 INFO o.a.j.t.JMeterThread: Thread finished: POST arrivals 1-86
2026-10-07 10:09:36,813 INFO o.a.j.t.JMeterThread: Thread is done: POST arrivals 1-87
2026-10-07 10:09:36,813 INFO o.a.j.t.JMeterThread: Thread finished: POST arrivals 1-87
2026-10-07 10:09:38,955 INFO o.a.j.t.JMeterThread: Thread started: POST arrivals 1-88
2026-10-07 10:09:39,894 INFO o.a.j.t.JMeterThread: Thread is done: POST arrivals 1-88
2026-10-07 10:09:39,894 INFO o.a.j.t.JMeterThread: Thread finished: POST arrivals 1-88
2026-10-07 10:09:41,501 INFO o.a.j.t.JMeterThread: Thread started: POST arrivals 1-89
2026-10-07 10:09:41,607 INFO o.a.j.t.JMeterThread: Thread started: POST arrivals 1-90
2026-10-07 10:09:42,910 INFO o.a.j.t.JMeterThread: Thread is done: POST arrivals 1-89
2026-10-07 10:09:42,910 INFO o.a.j.t.JMeterThread: Thread finished: POST arrivals 1-89
2026-10-07 10:09:43,885 INFO o.a.j.t.JMeterThread: Thread is done: POST arrivals 1-90
2026-10-07 10:09:43,885 INFO o.a.j.t.JMeterThread: Thread finished: POST arrivals 1-90
2026-10-07 10:09:45,170 INFO o.a.j.t.JMeterThread: Thread started: POST arrivals 1-91
2026-10-07 10:09:45,760 INFO o.a.j.t.JMeterThread: Thread started: POST arrivals 1-92
2026-10-07 10:09:47,155 INFO o.a.j.t.JMeterThread: Thread is done: POST arrivals 1-91
2026-10-07 10:09:47,155 INFO o.a.j.t.JMeterThread: Thread finished: POST arrivals 1-91
2026-10-07 10:09:48,581 INFO o.a.j.t.JMeterThread: Thread is done: POST arrivals 1-92
2026-10-07 10:09:48,581 INFO o.a.j.t.JMeterThread: Thread finished: POST arrivals 1-92
2026-10-07 10:09:50,100 INFO o.a.j.t.JMeterThread: Thread started: POST arrivals 1-93
2026-10-07 10:09:51,044 INFO o.a.j.t.JMeterThread: Thread is done: POST arrivals 1-93
2026-10-07 10:09:51,044 INFO o.a.j.t.JMeterThread: Thread finished: POST arrivals 1-93
2026-10-07 10:09:51,908 INFO o.a.j.t.JMeterThread: Thread started: POST arrivals 1-94
2026-10-07 10:09:53,282 INFO o.a.j.t.JMeterThread: Thread is done: POST arrivals 1-94
2026-10-07 10:09:53,282 INFO o.a.j.t.JMeterThread: Thread finished: POST arrivals 1-94
2026-10-07 10:09:57,088 INFO o.a.j.t.JMeterThread: Thread started: POST arrivals 1-95
2026-10-07 10:09:58,926 INFO o.a.j.t.JMeterThread: Thread is done: POST arrivals 1-95
2026-10-07 10:09:58,926 INFO o.a.j.t.JMeterThread: Thread finished: POST arrivals 1-95
2026-10-07 10:09:59,742 INFO o.a.j.t.JMeterThread: Thread started: POST arrivals 1-96
2026-10-07 10:10:01,083 INFO o.a.j.r.Summariser: summary +     11 in 00:00:28 =    0.4/s Avg:  2726 Min:   931 Max:  8035 Err:     0 (0.00%) Active: 1 Started: 118 Finished: 117
2026-10-07 10:10:01,087 INFO o.a.j.r.Summariser: summary =    118 in 00:11:06 =    0.2/s Avg:  2257 Min:    18 Max:  8035 Err:     0 (0.00%)
2026-10-07 10:10:01,087 INFO o.a.j.t.JMeterThread: Thread is done: POST arrivals 1-96
2026-10-07 10:10:01,087 INFO o.a.j.t.JMeterThread: Thread finished: POST arrivals 1-96
2026-10-07 10:10:04,495 INFO o.a.j.t.JMeterThread: Thread started: POST arrivals 1-97
2026-10-07 10:10:05,373 INFO o.a.j.t.JMeterThread: Thread is done: POST arrivals 1-97
2026-10-07 10:10:05,373 INFO o.a.j.t.JMeterThread: Thread finished: POST arrivals 1-97
2026-10-07 10:10:08,503 INFO o.a.j.t.JMeterThread: Thread started: Search arrivals 2-19
2026-10-07 10:10:08,559 INFO o.a.j.t.JMeterThread: Thread is done: Search arrivals 2-19
2026-10-07 10:10:08,560 INFO o.a.j.t.JMeterThread: Thread finished: Search arrivals 2-19
2026-10-07 10:10:11,407 INFO o.a.j.t.JMeterThread: Thread started: POST arrivals 1-98
2026-10-07 10:10:12,548 INFO o.a.j.t.JMeterThread: Thread is done: POST arrivals 1-98
2026-10-07 10:10:12,548 INFO o.a.j.t.JMeterThread: Thread finished: POST arrivals 1-98
2026-10-07 10:10:15,855 INFO o.a.j.t.JMeterThread: Thread started: POST arrivals 1-99
2026-10-07 10:10:18,893 INFO o.a.j.t.JMeterThread: Thread is done: POST arrivals 1-99
2026-10-07 10:10:18,893 INFO o.a.j.t.JMeterThread: Thread finished: POST arrivals 1-99
2026-10-07 10:10:19,393 INFO o.a.j.t.JMeterThread: Thread started: POST arrivals 1-100
2026-10-07 10:10:19,674 INFO o.a.j.t.JMeterThread: Thread started: POST arrivals 1-101
2026-10-07 10:10:20,842 INFO o.a.j.t.JMeterThread: Thread is done: POST arrivals 1-100
2026-10-07 10:10:20,842 INFO o.a.j.t.JMeterThread: Thread finished: POST arrivals 1-100
2026-10-07 10:10:22,888 INFO o.a.j.t.JMeterThread: Thread is done: POST arrivals 1-101
2026-10-07 10:10:22,888 INFO o.a.j.t.JMeterThread: Thread finished: POST arrivals 1-101
2026-10-07 10:10:35,818 INFO o.a.j.t.JMeterThread: Thread started: Search arrivals 2-20
2026-10-07 10:10:35,818 INFO o.a.j.t.o.PoissonArrivalsRamp: Generating 18 events, beginRate = 0.060000000000000005 / sec, endRate = 0.060000000000000005 / sec, duration = 300.0 sec
2026-10-07 10:10:35,853 INFO o.a.j.r.Summariser: summary +      7 in 00:00:35 =    0.2/s Avg:  1395 Min:    32 Max:  3211 Err:     0 (0.00%) Active: 1 Started: 125 Finished: 124
2026-10-07 10:10:35,854 INFO o.a.j.r.Summariser: summary =    125 in 00:11:41 =    0.2/s Avg:  2209 Min:    18 Max:  8035 Err:     0 (0.00%)
2026-10-07 10:10:35,856 INFO o.a.j.t.JMeterThread: Thread is done: Search arrivals 2-20
2026-10-07 10:10:35,856 INFO o.a.j.t.JMeterThread: Thread finished: Search arrivals 2-20
2026-10-07 10:10:40,139 INFO o.a.j.t.JMeterThread: Thread started: POST arrivals 1-102
2026-10-07 10:10:40,151 INFO o.a.j.t.o.PoissonArrivalsRamp: Generating 90 events, beginRate = 0.3 / sec, endRate = 0.3 / sec, duration = 300.0 sec
2026-10-07 10:10:41,428 INFO o.a.j.t.JMeterThread: Thread is done: POST arrivals 1-102
2026-10-07 10:10:41,428 INFO o.a.j.t.JMeterThread: Thread finished: POST arrivals 1-102
2026-10-07 10:10:55,548 INFO o.a.j.t.JMeterThread: Thread started: POST arrivals 1-103
2026-10-07 10:10:56,989 INFO o.a.j.t.JMeterThread: Thread is done: POST arrivals 1-103
2026-10-07 10:10:56,989 INFO o.a.j.t.JMeterThread: Thread finished: POST arrivals 1-103
2026-10-07 10:11:00,456 INFO o.a.j.t.JMeterThread: Thread started: POST arrivals 1-104
2026-10-07 10:11:02,555 INFO o.a.j.r.Summariser: summary +      3 in 00:00:27 =    0.1/s Avg:  1594 Min:  1275 Max:  2071 Err:     0 (0.00%) Active: 1 Started: 128 Finished: 127
2026-10-07 10:11:02,556 INFO o.a.j.r.Summariser: summary =    128 in 00:12:07 =    0.2/s Avg:  2195 Min:    18 Max:  8035 Err:     0 (0.00%)
2026-10-07 10:11:02,559 INFO o.a.j.t.JMeterThread: Thread is done: POST arrivals 1-104
2026-10-07 10:11:02,559 INFO o.a.j.t.JMeterThread: Thread finished: POST arrivals 1-104
2026-10-07 10:11:03,247 INFO o.a.j.t.JMeterThread: Thread started: POST arrivals 1-105
2026-10-07 10:11:04,561 INFO o.a.j.t.JMeterThread: Thread started: POST arrivals 1-106
2026-10-07 10:11:05,663 INFO o.a.j.t.JMeterThread: Thread started: POST arrivals 1-107
2026-10-07 10:11:05,693 INFO o.a.j.t.JMeterThread: Thread is done: POST arrivals 1-105
2026-10-07 10:11:05,693 INFO o.a.j.t.JMeterThread: Thread finished: POST arrivals 1-105
2026-10-07 10:11:07,639 INFO o.a.j.t.JMeterThread: Thread is done: POST arrivals 1-106
2026-10-07 10:11:07,639 INFO o.a.j.t.JMeterThread: Thread finished: POST arrivals 1-106
2026-10-07 10:11:09,076 INFO o.a.j.t.JMeterThread: Thread is done: POST arrivals 1-107
2026-10-07 10:11:09,077 INFO o.a.j.t.JMeterThread: Thread finished: POST arrivals 1-107
2026-10-07 10:11:11,440 INFO o.a.j.t.JMeterThread: Thread started: POST arrivals 1-108
2026-10-07 10:11:12,122 INFO o.a.j.t.JMeterThread: Thread started: POST arrivals 1-109
2026-10-07 10:11:13,450 INFO o.a.j.t.JMeterThread: Thread is done: POST arrivals 1-108
2026-10-07 10:11:13,450 INFO o.a.j.t.JMeterThread: Thread finished: POST arrivals 1-108
2026-10-07 10:11:15,511 INFO o.a.j.t.JMeterThread: Thread is done: POST arrivals 1-109
2026-10-07 10:11:15,511 INFO o.a.j.t.JMeterThread: Thread finished: POST arrivals 1-109
2026-10-07 10:11:19,725 INFO o.a.j.t.JMeterThread: Thread started: POST arrivals 1-110
2026-10-07 10:11:21,263 INFO o.a.j.t.JMeterThread: Thread is done: POST arrivals 1-110
2026-10-07 10:11:21,263 INFO o.a.j.t.JMeterThread: Thread finished: POST arrivals 1-110
2026-10-07 10:11:25,792 INFO o.a.j.t.JMeterThread: Thread started: POST arrivals 1-111
2026-10-07 10:11:27,818 INFO o.a.j.t.JMeterThread: Thread is done: POST arrivals 1-111
2026-10-07 10:11:27,818 INFO o.a.j.t.JMeterThread: Thread finished: POST arrivals 1-111
2026-10-07 10:11:35,424 INFO o.a.j.t.JMeterThread: Thread started: Search arrivals 2-21
2026-10-07 10:11:35,460 INFO o.a.j.r.Summariser: summary +      8 in 00:00:33 =    0.2/s Avg:  2235 Min:    31 Max:  3409 Err:     0 (0.00%) Active: 1 Started: 136 Finished: 135
2026-10-07 10:11:35,466 INFO o.a.j.r.Summariser: summary =    136 in 00:12:40 =    0.2/s Avg:  2197 Min:    18 Max:  8035 Err:     0 (0.00%)
2026-10-07 10:11:35,466 INFO o.a.j.t.JMeterThread: Thread is done: Search arrivals 2-21
2026-10-07 10:11:35,466 INFO o.a.j.t.JMeterThread: Thread finished: Search arrivals 2-21
2026-10-07 10:11:39,566 INFO o.a.j.t.JMeterThread: Thread started: Search arrivals 2-22
2026-10-07 10:11:39,601 INFO o.a.j.t.JMeterThread: Thread is done: Search arrivals 2-22
2026-10-07 10:11:39,601 INFO o.a.j.t.JMeterThread: Thread finished: Search arrivals 2-22
2026-10-07 10:11:39,930 INFO o.a.j.t.JMeterThread: Thread started: POST arrivals 1-112
2026-10-07 10:11:40,606 INFO o.a.j.t.JMeterThread: Thread started: POST arrivals 1-113
2026-10-07 10:11:42,870 INFO o.a.j.t.JMeterThread: Thread is done: POST arrivals 1-112
2026-10-07 10:11:42,871 INFO o.a.j.t.JMeterThread: Thread finished: POST arrivals 1-112
2026-10-07 10:11:43,750 INFO o.a.j.t.JMeterThread: Thread is done: POST arrivals 1-113
2026-10-07 10:11:43,750 INFO o.a.j.t.JMeterThread: Thread finished: POST arrivals 1-113
2026-10-07 10:11:47,214 INFO o.a.j.t.JMeterThread: Thread started: Stats arrivals 3-5
2026-10-07 10:11:47,249 INFO o.a.j.t.JMeterThread: Thread is done: Stats arrivals 3-5
2026-10-07 10:11:47,249 INFO o.a.j.t.JMeterThread: Thread finished: Stats arrivals 3-5
2026-10-07 10:11:49,581 INFO o.a.j.t.JMeterThread: Thread started: POST arrivals 1-114
2026-10-07 10:11:51,166 INFO o.a.j.t.JMeterThread: Thread is done: POST arrivals 1-114
2026-10-07 10:11:51,166 INFO o.a.j.t.JMeterThread: Thread finished: POST arrivals 1-114
2026-10-07 10:11:56,558 INFO o.a.j.t.JMeterThread: Thread started: POST arrivals 1-115
2026-10-07 10:11:57,734 INFO o.a.j.t.JMeterThread: Thread is done: POST arrivals 1-115
2026-10-07 10:11:57,734 INFO o.a.j.t.JMeterThread: Thread finished: POST arrivals 1-115
2026-10-07 10:11:59,627 INFO o.a.j.t.JMeterThread: Thread started: POST arrivals 1-116
2026-10-07 10:12:03,250 INFO o.a.j.r.Summariser: summary +      7 in 00:00:28 =    0.3/s Avg:  1784 Min:    32 Max:  3617 Err:     0 (0.00%) Active: 1 Started: 143 Finished: 142
2026-10-07 10:12:03,251 INFO o.a.j.r.Summariser: summary =    143 in 00:13:08 =    0.2/s Avg:  2177 Min:    18 Max:  8035 Err:     0 (0.00%)
2026-10-07 10:12:03,252 INFO o.a.j.t.JMeterThread: Thread is done: POST arrivals 1-116
2026-10-07 10:12:03,252 INFO o.a.j.t.JMeterThread: Thread finished: POST arrivals 1-116
2026-10-07 10:12:03,260 INFO o.a.j.t.JMeterThread: Thread started: POST arrivals 1-117
2026-10-07 10:12:04,041 INFO o.a.j.t.JMeterThread: Thread started: Search arrivals 2-23
2026-10-07 10:12:04,428 INFO o.a.j.t.JMeterThread: Thread started: POST arrivals 1-118
2026-10-07 10:12:05,094 INFO o.a.j.t.JMeterThread: Thread is done: POST arrivals 1-117
2026-10-07 10:12:05,095 INFO o.a.j.t.JMeterThread: Thread finished: POST arrivals 1-117
2026-10-07 10:12:05,096 INFO o.a.j.t.JMeterThread: Thread is done: Search arrivals 2-23
2026-10-07 10:12:05,096 INFO o.a.j.t.JMeterThread: Thread finished: Search arrivals 2-23
2026-10-07 10:12:08,276 INFO o.a.j.t.JMeterThread: Thread is done: POST arrivals 1-118
2026-10-07 10:12:08,276 INFO o.a.j.t.JMeterThread: Thread finished: POST arrivals 1-118
2026-10-07 10:12:13,454 INFO o.a.j.t.JMeterThread: Thread started: Search arrivals 2-24
2026-10-07 10:12:13,491 INFO o.a.j.t.JMeterThread: Thread is done: Search arrivals 2-24
2026-10-07 10:12:13,492 INFO o.a.j.t.JMeterThread: Thread finished: Search arrivals 2-24
2026-10-07 10:12:13,796 INFO o.a.j.t.JMeterThread: Thread started: POST arrivals 1-119
2026-10-07 10:12:15,752 INFO o.a.j.t.JMeterThread: Thread is done: POST arrivals 1-119
2026-10-07 10:12:15,752 INFO o.a.j.t.JMeterThread: Thread finished: POST arrivals 1-119
2026-10-07 10:12:17,587 INFO o.a.j.t.JMeterThread: Thread started: POST arrivals 1-120
2026-10-07 10:12:20,418 INFO o.a.j.t.JMeterThread: Thread is done: POST arrivals 1-120
2026-10-07 10:12:20,418 INFO o.a.j.t.JMeterThread: Thread finished: POST arrivals 1-120
2026-10-07 10:12:24,613 INFO o.a.j.t.JMeterThread: Thread started: POST arrivals 1-121
2026-10-07 10:12:28,238 INFO o.a.j.t.JMeterThread: Thread is done: POST arrivals 1-121
2026-10-07 10:12:28,238 INFO o.a.j.t.JMeterThread: Thread finished: POST arrivals 1-121
2026-10-07 10:12:31,061 INFO o.a.j.t.JMeterThread: Thread started: Search arrivals 2-25
2026-10-07 10:12:31,104 INFO o.a.j.r.Summariser: summary +      8 in 00:00:28 =    0.3/s Avg:  1890 Min:    35 Max:  3802 Err:     0 (0.00%) Active: 1 Started: 151 Finished: 150
2026-10-07 10:12:31,106 INFO o.a.j.r.Summariser: summary =    151 in 00:13:36 =    0.2/s Avg:  2162 Min:    18 Max:  8035 Err:     0 (0.00%)
2026-10-07 10:12:31,107 INFO o.a.j.t.JMeterThread: Thread is done: Search arrivals 2-25
2026-10-07 10:12:31,107 INFO o.a.j.t.JMeterThread: Thread finished: Search arrivals 2-25
2026-10-07 10:12:34,316 INFO o.a.j.t.JMeterThread: Thread started: POST arrivals 1-122
2026-10-07 10:12:35,759 INFO o.a.j.t.JMeterThread: Thread started: POST arrivals 1-123
2026-10-07 10:12:37,153 INFO o.a.j.t.JMeterThread: Thread is done: POST arrivals 1-122
2026-10-07 10:12:37,153 INFO o.a.j.t.JMeterThread: Thread finished: POST arrivals 1-122
2026-10-07 10:12:37,780 INFO o.a.j.t.JMeterThread: Thread started: Search arrivals 2-26
2026-10-07 10:12:38,338 INFO o.a.j.t.JMeterThread: Thread started: POST arrivals 1-124
2026-10-07 10:12:40,221 INFO o.a.j.t.JMeterThread: Thread is done: POST arrivals 1-123
2026-10-07 10:12:40,221 INFO o.a.j.t.JMeterThread: Thread finished: POST arrivals 1-123
2026-10-07 10:12:40,222 INFO o.a.j.t.JMeterThread: Thread is done: Search arrivals 2-26
2026-10-07 10:12:40,222 INFO o.a.j.t.JMeterThread: Thread finished: Search arrivals 2-26
2026-10-07 10:12:40,244 INFO o.a.j.t.JMeterThread: Thread started: Search arrivals 2-27
2026-10-07 10:12:42,359 INFO o.a.j.t.JMeterThread: Thread started: POST arrivals 1-125
2026-10-07 10:12:43,393 INFO o.a.j.t.JMeterThread: Thread is done: POST arrivals 1-124
2026-10-07 10:12:43,393 INFO o.a.j.t.JMeterThread: Thread finished: POST arrivals 1-124
2026-10-07 10:12:43,396 INFO o.a.j.t.JMeterThread: Thread is done: Search arrivals 2-27
2026-10-07 10:12:43,396 INFO o.a.j.t.JMeterThread: Thread finished: Search arrivals 2-27
2026-10-07 10:12:44,562 INFO o.a.j.t.JMeterThread: Thread started: POST arrivals 1-126
2026-10-07 10:12:44,832 INFO o.a.j.t.JMeterThread: Thread is done: POST arrivals 1-125
2026-10-07 10:12:44,832 INFO o.a.j.t.JMeterThread: Thread finished: POST arrivals 1-125
2026-10-07 10:12:45,854 INFO o.a.j.t.JMeterThread: Thread is done: POST arrivals 1-126
2026-10-07 10:12:45,854 INFO o.a.j.t.JMeterThread: Thread finished: POST arrivals 1-126
2026-10-07 10:12:48,771 INFO o.a.j.t.JMeterThread: Thread started: POST arrivals 1-127
2026-10-07 10:12:49,834 INFO o.a.j.t.JMeterThread: Thread started: Search arrivals 2-28
2026-10-07 10:12:51,062 INFO o.a.j.t.JMeterThread: Thread is done: POST arrivals 1-127
2026-10-07 10:12:51,063 INFO o.a.j.t.JMeterThread: Thread finished: POST arrivals 1-127
2026-10-07 10:12:51,080 INFO o.a.j.t.JMeterThread: Thread is done: Search arrivals 2-28
2026-10-07 10:12:51,080 INFO o.a.j.t.JMeterThread: Thread finished: Search arrivals 2-28
2026-10-07 10:12:53,147 INFO o.a.j.t.JMeterThread: Thread started: POST arrivals 1-128
2026-10-07 10:12:53,534 INFO o.a.j.t.JMeterThread: Thread started: POST arrivals 1-129
2026-10-07 10:12:54,849 INFO o.a.j.t.JMeterThread: Thread is done: POST arrivals 1-128
2026-10-07 10:12:54,849 INFO o.a.j.t.JMeterThread: Thread finished: POST arrivals 1-128
2026-10-07 10:12:55,578 INFO o.a.j.t.JMeterThread: Thread started: POST arrivals 1-130
2026-10-07 10:12:56,098 INFO o.a.j.t.JMeterThread: Thread is done: POST arrivals 1-129
2026-10-07 10:12:56,098 INFO o.a.j.t.JMeterThread: Thread finished: POST arrivals 1-129
2026-10-07 10:12:57,320 INFO o.a.j.t.JMeterThread: Thread is done: POST arrivals 1-130
2026-10-07 10:12:57,320 INFO o.a.j.t.JMeterThread: Thread finished: POST arrivals 1-130
2026-10-07 10:12:58,027 INFO o.a.j.t.JMeterThread: Thread started: POST arrivals 1-131
2026-10-07 10:12:58,389 INFO o.a.j.t.JMeterThread: Thread started: POST arrivals 1-132
2026-10-07 10:13:00,569 INFO o.a.j.r.Summariser: summary +     13 in 00:00:29 =    0.4/s Avg:  2586 Min:  1243 Max:  5006 Err:     0 (0.00%) Active: 2 Started: 165 Finished: 163
2026-10-07 10:13:00,571 INFO o.a.j.r.Summariser: summary =    164 in 00:14:05 =    0.2/s Avg:  2195 Min:    18 Max:  8035 Err:     0 (0.00%)
2026-10-07 10:13:00,571 INFO o.a.j.t.JMeterThread: Thread is done: POST arrivals 1-131
2026-10-07 10:13:00,571 INFO o.a.j.t.JMeterThread: Thread finished: POST arrivals 1-131
2026-10-07 10:13:04,081 INFO o.a.j.t.JMeterThread: Thread is done: POST arrivals 1-132
2026-10-07 10:13:04,081 INFO o.a.j.t.JMeterThread: Thread finished: POST arrivals 1-132
2026-10-07 10:13:05,011 INFO o.a.j.t.JMeterThread: Thread started: POST arrivals 1-133
2026-10-07 10:13:05,625 INFO o.a.j.t.JMeterThread: Thread started: Search arrivals 2-29
2026-10-07 10:13:05,924 INFO o.a.j.t.JMeterThread: Thread is done: POST arrivals 1-133
2026-10-07 10:13:05,924 INFO o.a.j.t.JMeterThread: Thread finished: POST arrivals 1-133
2026-10-07 10:13:05,935 INFO o.a.j.t.JMeterThread: Thread is done: Search arrivals 2-29
2026-10-07 10:13:05,936 INFO o.a.j.t.JMeterThread: Thread finished: Search arrivals 2-29
2026-10-07 10:13:09,501 INFO o.a.j.t.JMeterThread: Thread started: POST arrivals 1-134
2026-10-07 10:13:11,158 INFO o.a.j.t.JMeterThread: Thread started: POST arrivals 1-135
2026-10-07 10:13:12,753 INFO o.a.j.t.JMeterThread: Thread started: Stats arrivals 3-6
2026-10-07 10:13:13,707 INFO o.a.j.t.JMeterThread: Thread is done: POST arrivals 1-134
2026-10-07 10:13:13,707 INFO o.a.j.t.JMeterThread: Thread finished: POST arrivals 1-134
2026-10-07 10:13:15,449 INFO o.a.j.t.JMeterThread: Thread is done: POST arrivals 1-135
2026-10-07 10:13:15,449 INFO o.a.j.t.JMeterThread: Thread finished: POST arrivals 1-135
2026-10-07 10:13:15,451 INFO o.a.j.t.JMeterThread: Thread is done: Stats arrivals 3-6
2026-10-07 10:13:15,451 INFO o.a.j.t.JMeterThread: Thread finished: Stats arrivals 3-6
2026-10-07 10:13:16,642 INFO o.a.j.t.JMeterThread: Thread started: POST arrivals 1-136
2026-10-07 10:13:18,015 INFO o.a.j.t.JMeterThread: Thread is done: POST arrivals 1-136
2026-10-07 10:13:18,016 INFO o.a.j.t.JMeterThread: Thread finished: POST arrivals 1-136
2026-10-07 10:13:20,863 INFO o.a.j.t.JMeterThread: Thread started: POST arrivals 1-137
2026-10-07 10:13:21,463 INFO o.a.j.t.JMeterThread: Thread started: POST arrivals 1-138
2026-10-07 10:13:21,800 INFO o.a.j.t.JMeterThread: Thread is done: POST arrivals 1-137
2026-10-07 10:13:21,835 INFO o.a.j.t.JMeterThread: Thread finished: POST arrivals 1-137
2026-10-07 10:13:24,888 INFO o.a.j.t.JMeterThread: Thread started: POST arrivals 1-139
2026-10-07 10:13:24,940 INFO o.a.j.t.JMeterThread: Thread is done: POST arrivals 1-138
2026-10-07 10:13:24,940 INFO o.a.j.t.JMeterThread: Thread finished: POST arrivals 1-138
2026-10-07 10:13:25,755 INFO o.a.j.t.JMeterThread: Thread started: POST arrivals 1-140
2026-10-07 10:13:26,109 INFO o.a.j.t.JMeterThread: Thread is done: POST arrivals 1-139
2026-10-07 10:13:26,109 INFO o.a.j.t.JMeterThread: Thread finished: POST arrivals 1-139
2026-10-07 10:13:26,139 INFO o.a.j.t.JMeterThread: Thread started: POST arrivals 1-141
2026-10-07 10:13:29,482 INFO o.a.j.t.JMeterThread: Thread is done: POST arrivals 1-140
2026-10-07 10:13:29,482 INFO o.a.j.t.JMeterThread: Thread finished: POST arrivals 1-140
2026-10-07 10:13:31,118 INFO o.a.j.r.Summariser: summary +     12 in 00:00:31 =    0.4/s Avg:  2812 Min:   309 Max:  5687 Err:     0 (0.00%) Active: 1 Started: 176 Finished: 175
2026-10-07 10:13:31,119 INFO o.a.j.r.Summariser: summary =    176 in 00:14:36 =    0.2/s Avg:  2237 Min:    18 Max:  8035 Err:     0 (0.00%)
2026-10-07 10:13:31,120 INFO o.a.j.t.JMeterThread: Thread is done: POST arrivals 1-141
2026-10-07 10:13:31,120 INFO o.a.j.t.JMeterThread: Thread finished: POST arrivals 1-141
2026-10-07 10:13:32,759 INFO o.a.j.t.JMeterThread: Thread started: POST arrivals 1-142
2026-10-07 10:13:33,881 INFO o.a.j.t.JMeterThread: Thread is done: POST arrivals 1-142
2026-10-07 10:13:33,881 INFO o.a.j.t.JMeterThread: Thread finished: POST arrivals 1-142
2026-10-07 10:13:33,983 INFO o.a.j.t.JMeterThread: Thread started: POST arrivals 1-143
2026-10-07 10:13:35,008 INFO o.a.j.t.JMeterThread: Thread is done: POST arrivals 1-143
2026-10-07 10:13:35,008 INFO o.a.j.t.JMeterThread: Thread finished: POST arrivals 1-143
2026-10-07 10:13:41,861 INFO o.a.j.t.JMeterThread: Thread started: Stats arrivals 3-7
2026-10-07 10:13:41,886 INFO o.a.j.t.JMeterThread: Thread is done: Stats arrivals 3-7
2026-10-07 10:13:41,886 INFO o.a.j.t.JMeterThread: Thread finished: Stats arrivals 3-7
2026-10-07 10:13:44,833 INFO o.a.j.t.JMeterThread: Thread started: POST arrivals 1-144
2026-10-07 10:13:45,964 INFO o.a.j.t.JMeterThread: Thread is done: POST arrivals 1-144
2026-10-07 10:13:45,964 INFO o.a.j.t.JMeterThread: Thread finished: POST arrivals 1-144
2026-10-07 10:13:50,469 INFO o.a.j.t.JMeterThread: Thread started: POST arrivals 1-145
2026-10-07 10:13:50,673 INFO o.a.j.t.JMeterThread: Thread started: POST arrivals 1-146
2026-10-07 10:13:51,803 INFO o.a.j.t.JMeterThread: Thread is done: POST arrivals 1-145
2026-10-07 10:13:51,804 INFO o.a.j.t.JMeterThread: Thread finished: POST arrivals 1-145
2026-10-07 10:13:52,559 INFO o.a.j.t.JMeterThread: Thread started: POST arrivals 1-147
2026-10-07 10:13:52,571 INFO o.a.j.t.JMeterThread: Thread is done: POST arrivals 1-146
2026-10-07 10:13:52,571 INFO o.a.j.t.JMeterThread: Thread finished: POST arrivals 1-146
2026-10-07 10:13:54,159 INFO o.a.j.t.JMeterThread: Thread is done: POST arrivals 1-147
2026-10-07 10:13:54,159 INFO o.a.j.t.JMeterThread: Thread finished: POST arrivals 1-147
2026-10-07 10:13:55,813 INFO o.a.j.t.JMeterThread: Thread started: POST arrivals 1-148
2026-10-07 10:13:55,880 INFO o.a.j.t.JMeterThread: Thread started: POST arrivals 1-149
2026-10-07 10:13:56,616 INFO o.a.j.t.JMeterThread: Thread is done: POST arrivals 1-148
2026-10-07 10:13:56,616 INFO o.a.j.t.JMeterThread: Thread finished: POST arrivals 1-148
2026-10-07 10:13:57,434 INFO o.a.j.t.JMeterThread: Thread is done: POST arrivals 1-149
2026-10-07 10:13:57,435 INFO o.a.j.t.JMeterThread: Thread finished: POST arrivals 1-149
2026-10-07 10:13:57,626 INFO o.a.j.t.JMeterThread: Thread started: POST arrivals 1-150
2026-10-07 10:13:58,986 INFO o.a.j.t.JMeterThread: Thread is done: POST arrivals 1-150
2026-10-07 10:13:58,986 INFO o.a.j.t.JMeterThread: Thread finished: POST arrivals 1-150
2026-10-07 10:14:00,851 INFO o.a.j.t.JMeterThread: Thread started: POST arrivals 1-151
2026-10-07 10:14:01,915 INFO o.a.j.r.Summariser: summary +     11 in 00:00:31 =    0.4/s Avg:  1163 Min:    24 Max:  1894 Err:     0 (0.00%) Active: 1 Started: 187 Finished: 186
2026-10-07 10:14:01,916 INFO o.a.j.r.Summariser: summary =    187 in 00:15:07 =    0.2/s Avg:  2174 Min:    18 Max:  8035 Err:     0 (0.00%)
2026-10-07 10:14:01,917 INFO o.a.j.t.JMeterThread: Thread is done: POST arrivals 1-151
2026-10-07 10:14:01,917 INFO o.a.j.t.JMeterThread: Thread finished: POST arrivals 1-151
2026-10-07 10:14:06,892 INFO o.a.j.t.JMeterThread: Thread started: Search arrivals 2-30
2026-10-07 10:14:06,933 INFO o.a.j.t.JMeterThread: Thread is done: Search arrivals 2-30
2026-10-07 10:14:06,933 INFO o.a.j.t.JMeterThread: Thread finished: Search arrivals 2-30
2026-10-07 10:14:07,662 INFO o.a.j.t.JMeterThread: Thread started: POST arrivals 1-152
2026-10-07 10:14:08,742 INFO o.a.j.t.JMeterThread: Thread started: Search arrivals 2-31
2026-10-07 10:14:09,722 INFO o.a.j.t.JMeterThread: Thread is done: POST arrivals 1-152
2026-10-07 10:14:09,723 INFO o.a.j.t.JMeterThread: Thread finished: POST arrivals 1-152
2026-10-07 10:14:09,745 INFO o.a.j.t.JMeterThread: Thread is done: Search arrivals 2-31
2026-10-07 10:14:09,745 INFO o.a.j.t.JMeterThread: Thread finished: Search arrivals 2-31
2026-10-07 10:14:12,810 INFO o.a.j.t.JMeterThread: Thread started: POST arrivals 1-153
2026-10-07 10:14:13,085 INFO o.a.j.t.JMeterThread: Thread started: POST arrivals 1-154
2026-10-07 10:14:14,316 INFO o.a.j.t.JMeterThread: Thread started: POST arrivals 1-155
2026-10-07 10:14:14,336 INFO o.a.j.t.JMeterThread: Thread is done: POST arrivals 1-153
2026-10-07 10:14:14,336 INFO o.a.j.t.JMeterThread: Thread finished: POST arrivals 1-153
2026-10-07 10:14:17,303 INFO o.a.j.t.JMeterThread: Thread is done: POST arrivals 1-154
2026-10-07 10:14:17,304 INFO o.a.j.t.JMeterThread: Thread finished: POST arrivals 1-154
2026-10-07 10:14:18,094 INFO o.a.j.t.JMeterThread: Thread started: POST arrivals 1-156
2026-10-07 10:14:18,508 INFO o.a.j.t.JMeterThread: Thread started: Search arrivals 2-32
2026-10-07 10:14:18,536 INFO o.a.j.t.JMeterThread: Thread is done: POST arrivals 1-155
2026-10-07 10:14:18,536 INFO o.a.j.t.JMeterThread: Thread finished: POST arrivals 1-155
2026-10-07 10:14:20,865 INFO o.a.j.t.JMeterThread: Thread is done: POST arrivals 1-156
2026-10-07 10:14:20,865 INFO o.a.j.t.JMeterThread: Thread finished: POST arrivals 1-156
2026-10-07 10:14:20,870 INFO o.a.j.t.JMeterThread: Thread is done: Search arrivals 2-32
2026-10-07 10:14:20,872 INFO o.a.j.t.JMeterThread: Thread finished: Search arrivals 2-32
2026-10-07 10:14:27,057 INFO o.a.j.t.JMeterThread: Thread started: POST arrivals 1-157
2026-10-07 10:14:28,485 INFO o.a.j.t.JMeterThread: Thread started: POST arrivals 1-158
2026-10-07 10:14:28,882 INFO o.a.j.t.JMeterThread: Thread started: Search arrivals 2-33
2026-10-07 10:14:29,132 INFO o.a.j.t.JMeterThread: Thread started: POST arrivals 1-159
2026-10-07 10:14:30,823 INFO o.a.j.r.Summariser: summary +      9 in 00:00:29 =    0.3/s Avg:  2435 Min:    37 Max:  4210 Err:     0 (0.00%) Active: 4 Started: 199 Finished: 195
2026-10-07 10:14:30,827 INFO o.a.j.r.Summariser: summary =    196 in 00:15:36 =    0.2/s Avg:  2186 Min:    18 Max:  8035 Err:     0 (0.00%)
2026-10-07 10:14:30,829 INFO o.a.j.t.JMeterThread: Thread is done: POST arrivals 1-157
2026-10-07 10:14:30,829 INFO o.a.j.t.JMeterThread: Thread finished: POST arrivals 1-157
2026-10-07 10:14:31,739 INFO o.a.j.t.JMeterThread: Thread started: POST arrivals 1-160
2026-10-07 10:14:32,208 INFO o.a.j.t.JMeterThread: Thread started: POST arrivals 1-161
2026-10-07 10:14:32,304 INFO o.a.j.t.JMeterThread: Thread started: Search arrivals 2-34
2026-10-07 10:14:32,664 INFO o.a.j.t.JMeterThread: Thread is done: POST arrivals 1-158
2026-10-07 10:14:32,664 INFO o.a.j.t.JMeterThread: Thread finished: POST arrivals 1-158
2026-10-07 10:14:32,667 INFO o.a.j.t.JMeterThread: Thread is done: Search arrivals 2-33
2026-10-07 10:14:32,667 INFO o.a.j.t.JMeterThread: Thread finished: Search arrivals 2-33
2026-10-07 10:14:34,409 INFO o.a.j.t.JMeterThread: Thread is done: POST arrivals 1-159
2026-10-07 10:14:34,409 INFO o.a.j.t.JMeterThread: Thread finished: POST arrivals 1-159
2026-10-07 10:14:35,547 INFO o.a.j.t.JMeterThread: Thread is done: POST arrivals 1-160
2026-10-07 10:14:35,547 INFO o.a.j.t.JMeterThread: Thread finished: POST arrivals 1-160
2026-10-07 10:14:36,778 INFO o.a.j.t.JMeterThread: Thread started: POST arrivals 1-162
2026-10-07 10:14:36,791 INFO o.a.j.t.JMeterThread: Thread is done: POST arrivals 1-161
2026-10-07 10:14:36,791 INFO o.a.j.t.JMeterThread: Thread finished: POST arrivals 1-161
2026-10-07 10:14:36,800 INFO o.a.j.t.JMeterThread: Thread is done: Search arrivals 2-34
2026-10-07 10:14:36,801 INFO o.a.j.t.JMeterThread: Thread finished: Search arrivals 2-34
2026-10-07 10:14:40,064 INFO o.a.j.t.JMeterThread: Thread started: POST arrivals 1-163
2026-10-07 10:14:40,754 INFO o.a.j.t.JMeterThread: Thread is done: POST arrivals 1-162
2026-10-07 10:14:40,754 INFO o.a.j.t.JMeterThread: Thread finished: POST arrivals 1-162
2026-10-07 10:14:40,921 INFO o.a.j.t.JMeterThread: Thread started: POST arrivals 1-164
2026-10-07 10:14:42,086 INFO o.a.j.t.JMeterThread: Thread is done: POST arrivals 1-163
2026-10-07 10:14:42,086 INFO o.a.j.t.JMeterThread: Thread finished: POST arrivals 1-163
2026-10-07 10:14:42,631 INFO o.a.j.t.JMeterThread: Thread started: POST arrivals 1-165
2026-10-07 10:14:43,718 INFO o.a.j.t.JMeterThread: Thread started: POST arrivals 1-166
2026-10-07 10:14:43,908 INFO o.a.j.t.JMeterThread: Thread started: POST arrivals 1-167
2026-10-07 10:14:45,407 INFO o.a.j.t.JMeterThread: Thread is done: POST arrivals 1-164
2026-10-07 10:14:45,408 INFO o.a.j.t.JMeterThread: Thread finished: POST arrivals 1-164
2026-10-07 10:14:46,395 INFO o.a.j.t.JMeterThread: Thread is done: POST arrivals 1-165
2026-10-07 10:14:46,395 INFO o.a.j.t.JMeterThread: Thread finished: POST arrivals 1-165
2026-10-07 10:14:49,896 INFO o.a.j.t.JMeterThread: Thread is done: POST arrivals 1-166
2026-10-07 10:14:49,896 INFO o.a.j.t.JMeterThread: Thread finished: POST arrivals 1-166
2026-10-07 10:14:50,791 INFO o.a.j.t.JMeterThread: Thread is done: POST arrivals 1-167
2026-10-07 10:14:50,791 INFO o.a.j.t.JMeterThread: Thread finished: POST arrivals 1-167
2026-10-07 10:14:52,201 INFO o.a.j.t.JMeterThread: Thread started: POST arrivals 1-168
2026-10-07 10:14:54,549 INFO o.a.j.t.JMeterThread: Thread is done: POST arrivals 1-168
2026-10-07 10:14:54,549 INFO o.a.j.t.JMeterThread: Thread finished: POST arrivals 1-168
2026-10-07 10:14:57,119 INFO o.a.j.t.JMeterThread: Thread started: POST arrivals 1-169
2026-10-07 10:14:59,596 INFO o.a.j.t.JMeterThread: Thread is done: POST arrivals 1-169
2026-10-07 10:14:59,596 INFO o.a.j.t.JMeterThread: Thread finished: POST arrivals 1-169
2026-10-07 10:15:03,722 INFO o.a.j.t.JMeterThread: Thread started: POST arrivals 1-170
2026-10-07 10:15:05,543 INFO o.a.j.r.Summariser: summary +     15 in 00:00:35 =    0.4/s Avg:  3999 Min:  1816 Max:  6880 Err:     0 (0.00%) Active: 1 Started: 211 Finished: 210
2026-10-07 10:15:05,545 INFO o.a.j.r.Summariser: summary =    211 in 00:16:10 =    0.2/s Avg:  2315 Min:    18 Max:  8035 Err:     0 (0.00%)
2026-10-07 10:15:05,546 INFO o.a.j.t.JMeterThread: Thread is done: POST arrivals 1-170
2026-10-07 10:15:05,546 INFO o.a.j.t.JMeterThread: Thread finished: POST arrivals 1-170
2026-10-07 10:15:05,878 INFO o.a.j.t.JMeterThread: Thread started: Search arrivals 2-35
2026-10-07 10:15:05,915 INFO o.a.j.t.JMeterThread: Thread is done: Search arrivals 2-35
2026-10-07 10:15:05,915 INFO o.a.j.t.JMeterThread: Thread finished: Search arrivals 2-35
2026-10-07 10:15:09,743 INFO o.a.j.t.o.PoissonArrivalsRamp: Generating 6 events, beginRate = 0.02 / sec, endRate = 0.02 / sec, duration = 300.0 sec
2026-10-07 10:15:09,744 INFO o.a.j.t.JMeterThread: Thread started: Stats arrivals 3-8
2026-10-07 10:15:09,779 INFO o.a.j.t.JMeterThread: Thread is done: Stats arrivals 3-8
2026-10-07 10:15:09,779 INFO o.a.j.t.JMeterThread: Thread finished: Stats arrivals 3-8
2026-10-07 10:15:12,302 INFO o.a.j.t.JMeterThread: Thread started: POST arrivals 1-171
2026-10-07 10:15:12,726 INFO o.a.j.t.JMeterThread: Thread started: POST arrivals 1-172
2026-10-07 10:15:12,834 INFO o.a.j.t.JMeterThread: Thread started: POST arrivals 1-173
2026-10-07 10:15:13,832 INFO o.a.j.t.JMeterThread: Thread is done: POST arrivals 1-171
2026-10-07 10:15:13,833 INFO o.a.j.t.JMeterThread: Thread finished: POST arrivals 1-171
2026-10-07 10:15:15,196 INFO o.a.j.t.JMeterThread: Thread started: POST arrivals 1-174
2026-10-07 10:15:15,691 INFO o.a.j.t.JMeterThread: Thread started: POST arrivals 1-175
2026-10-07 10:15:17,156 INFO o.a.j.t.JMeterThread: Thread started: POST arrivals 1-176
2026-10-07 10:15:17,424 INFO o.a.j.t.JMeterThread: Thread is done: POST arrivals 1-172
2026-10-07 10:15:17,424 INFO o.a.j.t.JMeterThread: Thread finished: POST arrivals 1-172
2026-10-07 10:15:17,732 INFO o.a.j.t.JMeterThread: Thread started: Search arrivals 2-36
2026-10-07 10:15:19,877 INFO o.a.j.t.JMeterThread: Thread is done: POST arrivals 1-173
2026-10-07 10:15:19,877 INFO o.a.j.t.JMeterThread: Thread finished: POST arrivals 1-173
2026-10-07 10:15:22,291 INFO o.a.j.t.JMeterThread: Thread started: Search arrivals 2-37
2026-10-07 10:15:23,256 INFO o.a.j.t.JMeterThread: Thread is done: POST arrivals 1-174
2026-10-07 10:15:23,276 INFO o.a.j.t.JMeterThread: Thread finished: POST arrivals 1-174
2026-10-07 10:15:24,220 INFO o.a.j.t.JMeterThread: Thread is done: POST arrivals 1-175
2026-10-07 10:15:24,220 INFO o.a.j.t.JMeterThread: Thread finished: POST arrivals 1-175
2026-10-07 10:15:25,716 INFO o.a.j.t.JMeterThread: Thread is done: POST arrivals 1-176
2026-10-07 10:15:25,717 INFO o.a.j.t.JMeterThread: Thread finished: POST arrivals 1-176
2026-10-07 10:15:25,717 INFO o.a.j.t.JMeterThread: Thread is done: Search arrivals 2-36
2026-10-07 10:15:25,717 INFO o.a.j.t.JMeterThread: Thread finished: Search arrivals 2-36
2026-10-07 10:15:25,717 INFO o.a.j.t.JMeterThread: Thread is done: Search arrivals 2-37
2026-10-07 10:15:25,717 INFO o.a.j.t.JMeterThread: Thread finished: Search arrivals 2-37
2026-10-07 10:15:25,800 INFO o.a.j.t.JMeterThread: Thread started: POST arrivals 1-177
2026-10-07 10:15:28,171 INFO o.a.j.t.JMeterThread: Thread is done: POST arrivals 1-177
2026-10-07 10:15:28,171 INFO o.a.j.t.JMeterThread: Thread finished: POST arrivals 1-177
2026-10-07 10:15:28,483 INFO o.a.j.t.JMeterThread: Thread started: POST arrivals 1-178
2026-10-07 10:15:31,100 INFO o.a.j.t.JMeterThread: Thread started: POST arrivals 1-179
2026-10-07 10:15:31,226 INFO o.a.j.r.Summariser: summary +     12 in 00:00:26 =    0.5/s Avg:  4579 Min:    32 Max:  8548 Err:     0 (0.00%) Active: 2 Started: 224 Finished: 222
2026-10-07 10:15:31,229 INFO o.a.j.r.Summariser: summary =    223 in 00:16:36 =    0.2/s Avg:  2437 Min:    18 Max:  8548 Err:     0 (0.00%)
2026-10-07 10:15:31,230 INFO o.a.j.t.JMeterThread: Thread is done: POST arrivals 1-178
2026-10-07 10:15:31,230 INFO o.a.j.t.JMeterThread: Thread finished: POST arrivals 1-178
2026-10-07 10:15:32,982 INFO o.a.j.t.JMeterThread: Thread is done: POST arrivals 1-179
2026-10-07 10:15:32,982 INFO o.a.j.t.JMeterThread: Thread finished: POST arrivals 1-179
2026-10-07 10:15:33,243 INFO o.a.j.t.JMeterThread: Thread started: POST arrivals 1-180
2026-10-07 10:15:35,566 INFO o.a.j.t.JMeterThread: Thread started: POST arrivals 1-181
2026-10-07 10:15:35,793 INFO o.a.j.t.JMeterThread: Thread started: POST arrivals 1-182
2026-10-07 10:15:37,304 INFO o.a.j.t.JMeterThread: Thread started: POST arrivals 1-183
2026-10-07 10:15:37,324 INFO o.a.j.t.JMeterThread: Thread is done: POST arrivals 1-180
2026-10-07 10:15:37,324 INFO o.a.j.t.JMeterThread: Thread finished: POST arrivals 1-180
2026-10-07 10:15:38,408 INFO o.a.j.t.JMeterThread: Thread is done: POST arrivals 1-181
2026-10-07 10:15:38,408 INFO o.a.j.t.JMeterThread: Thread finished: POST arrivals 1-181
2026-10-07 10:15:38,928 INFO o.a.j.t.JMeterThread: Thread started: POST arrivals 1-184
2026-10-07 10:15:40,182 INFO o.a.j.t.JMeterThread: Thread is done: POST arrivals 1-182
2026-10-07 10:15:40,182 INFO o.a.j.t.JMeterThread: Thread finished: POST arrivals 1-182
2026-10-07 10:15:40,505 INFO o.a.j.t.JMeterThread: Thread started: POST arrivals 1-185
2026-10-07 10:15:41,694 INFO o.a.j.t.JMeterThread: Thread is done: POST arrivals 1-183
2026-10-07 10:15:41,694 INFO o.a.j.t.JMeterThread: Thread finished: POST arrivals 1-183
2026-10-07 10:15:42,268 INFO o.a.j.t.JMeterThread: Thread started: Search arrivals 2-38
2026-10-07 10:15:42,271 INFO o.a.j.t.o.PoissonArrivalsRamp: Generating 24 events, beginRate = 0.08 / sec, endRate = 0.08 / sec, duration = 300.0 sec
2026-10-07 10:15:42,718 INFO o.a.j.t.JMeterThread: Thread is done: POST arrivals 1-184
2026-10-07 10:15:42,720 INFO o.a.j.t.JMeterThread: Thread finished: POST arrivals 1-184
2026-10-07 10:15:43,491 INFO o.a.j.t.JMeterThread: Thread started: POST arrivals 1-186
2026-10-07 10:15:43,719 INFO o.a.j.t.JMeterThread: Thread started: POST arrivals 1-187
2026-10-07 10:15:44,050 INFO o.a.j.t.JMeterThread: Thread started: POST arrivals 1-188
2026-10-07 10:15:45,517 INFO o.a.j.t.JMeterThread: Thread is done: POST arrivals 1-185
2026-10-07 10:15:45,518 INFO o.a.j.t.JMeterThread: Thread finished: POST arrivals 1-185
2026-10-07 10:15:45,545 INFO o.a.j.t.JMeterThread: Thread is done: Search arrivals 2-38
2026-10-07 10:15:45,545 INFO o.a.j.t.JMeterThread: Thread finished: Search arrivals 2-38
2026-10-07 10:15:46,305 INFO o.a.j.t.JMeterThread: Thread is done: POST arrivals 1-186
2026-10-07 10:15:46,305 INFO o.a.j.t.JMeterThread: Thread finished: POST arrivals 1-186
2026-10-07 10:15:46,351 INFO o.a.j.t.JMeterThread: Thread started: POST arrivals 1-189
2026-10-07 10:15:48,037 INFO o.a.j.t.JMeterThread: Thread is done: POST arrivals 1-187
2026-10-07 10:15:48,037 INFO o.a.j.t.JMeterThread: Thread finished: POST arrivals 1-187
2026-10-07 10:15:49,062 INFO o.a.j.t.JMeterThread: Thread is done: POST arrivals 1-188
2026-10-07 10:15:49,062 INFO o.a.j.t.JMeterThread: Thread finished: POST arrivals 1-188
2026-10-07 10:15:50,087 INFO o.a.j.t.JMeterThread: Thread is done: POST arrivals 1-189
2026-10-07 10:15:50,087 INFO o.a.j.t.JMeterThread: Thread finished: POST arrivals 1-189
2026-10-07 10:15:51,054 INFO o.a.j.t.JMeterThread: Thread started: POST arrivals 1-190
2026-10-07 10:15:51,224 INFO o.a.j.t.JMeterThread: Thread started: POST arrivals 1-191
2026-10-07 10:15:54,370 INFO o.a.j.t.JMeterThread: Thread started: POST arrivals 1-192
2026-10-07 10:15:54,371 INFO o.a.j.t.o.PoissonArrivalsRamp: Generating 120 events, beginRate = 0.4 / sec, endRate = 0.4 / sec, duration = 300.0 sec
2026-10-07 10:15:54,593 INFO o.a.j.t.JMeterThread: Thread is done: POST arrivals 1-190
2026-10-07 10:15:54,594 INFO o.a.j.t.JMeterThread: Thread finished: POST arrivals 1-190
2026-10-07 10:15:57,172 INFO o.a.j.t.JMeterThread: Thread started: POST arrivals 1-193
2026-10-07 10:15:57,502 INFO o.a.j.t.JMeterThread: Thread started: Search arrivals 2-39
2026-10-07 10:15:57,876 INFO o.a.j.t.JMeterThread: Thread is done: POST arrivals 1-191
2026-10-07 10:15:57,876 INFO o.a.j.t.JMeterThread: Thread finished: POST arrivals 1-191
2026-10-07 10:15:59,900 INFO o.a.j.t.JMeterThread: Thread started: POST arrivals 1-194
2026-10-07 10:16:00,309 INFO o.a.j.r.Summariser: summary +     15 in 00:00:29 =    0.5/s Avg:  4103 Min:  1878 Max:  6642 Err:     0 (0.00%) Active: 4 Started: 241 Finished: 237
2026-10-07 10:16:00,323 INFO o.a.j.r.Summariser: summary =    238 in 00:17:05 =    0.2/s Avg:  2542 Min:    18 Max:  8548 Err:     0 (0.00%)
2026-10-07 10:16:00,324 INFO o.a.j.t.JMeterThread: Thread is done: POST arrivals 1-192
2026-10-07 10:16:00,324 INFO o.a.j.t.JMeterThread: Thread finished: POST arrivals 1-192
2026-10-07 10:16:01,282 INFO o.a.j.t.JMeterThread: Thread is done: POST arrivals 1-193
2026-10-07 10:16:01,283 INFO o.a.j.t.JMeterThread: Thread finished: POST arrivals 1-193
2026-10-07 10:16:01,315 INFO o.a.j.t.JMeterThread: Thread is done: Search arrivals 2-39
2026-10-07 10:16:01,315 INFO o.a.j.t.JMeterThread: Thread finished: Search arrivals 2-39
2026-10-07 10:16:02,847 INFO o.a.j.t.JMeterThread: Thread started: POST arrivals 1-195
2026-10-07 10:16:03,498 INFO o.a.j.t.JMeterThread: Thread is done: POST arrivals 1-194
2026-10-07 10:16:03,498 INFO o.a.j.t.JMeterThread: Thread finished: POST arrivals 1-194
2026-10-07 10:16:04,042 INFO o.a.j.t.JMeterThread: Thread started: Search arrivals 2-40
2026-10-07 10:16:06,328 INFO o.a.j.t.JMeterThread: Thread is done: POST arrivals 1-195
2026-10-07 10:16:06,328 INFO o.a.j.t.JMeterThread: Thread finished: POST arrivals 1-195
2026-10-07 10:16:06,350 INFO o.a.j.t.JMeterThread: Thread is done: Search arrivals 2-40
2026-10-07 10:16:06,351 INFO o.a.j.t.JMeterThread: Thread finished: Search arrivals 2-40
2026-10-07 10:16:06,988 INFO o.a.j.t.JMeterThread: Thread started: POST arrivals 1-196
2026-10-07 10:16:08,078 INFO o.a.j.t.JMeterThread: Thread started: POST arrivals 1-197
2026-10-07 10:16:08,341 INFO o.a.j.t.JMeterThread: Thread started: POST arrivals 1-198
2026-10-07 10:16:08,501 INFO o.a.j.t.JMeterThread: Thread is done: POST arrivals 1-196
2026-10-07 10:16:08,501 INFO o.a.j.t.JMeterThread: Thread finished: POST arrivals 1-196
2026-10-07 10:16:09,161 INFO o.a.j.t.JMeterThread: Thread started: POST arrivals 1-199
2026-10-07 10:16:10,384 INFO o.a.j.t.JMeterThread: Thread started: POST arrivals 1-200
2026-10-07 10:16:11,611 INFO o.a.j.t.JMeterThread: Thread is done: POST arrivals 1-197
2026-10-07 10:16:11,611 INFO o.a.j.t.JMeterThread: Thread finished: POST arrivals 1-197
2026-10-07 10:16:12,236 INFO o.a.j.t.JMeterThread: Thread started: POST arrivals 1-201
2026-10-07 10:16:12,718 INFO o.a.j.t.JMeterThread: Thread is done: POST arrivals 1-198
2026-10-07 10:16:12,718 INFO o.a.j.t.JMeterThread: Thread finished: POST arrivals 1-198
2026-10-07 10:16:13,946 INFO o.a.j.t.JMeterThread: Thread is done: POST arrivals 1-199
2026-10-07 10:16:13,946 INFO o.a.j.t.JMeterThread: Thread finished: POST arrivals 1-199
2026-10-07 10:16:14,130 INFO o.a.j.t.JMeterThread: Thread started: POST arrivals 1-202
2026-10-07 10:16:15,263 INFO o.a.j.t.JMeterThread: Thread is done: POST arrivals 1-200
2026-10-07 10:16:15,263 INFO o.a.j.t.JMeterThread: Thread finished: POST arrivals 1-200
2026-10-07 10:16:15,806 INFO o.a.j.t.JMeterThread: Thread started: POST arrivals 1-203
2026-10-07 10:16:17,876 INFO o.a.j.t.JMeterThread: Thread is done: POST arrivals 1-201
2026-10-07 10:16:17,876 INFO o.a.j.t.JMeterThread: Thread finished: POST arrivals 1-201
2026-10-07 10:16:19,177 INFO o.a.j.t.JMeterThread: Thread is done: POST arrivals 1-202
2026-10-07 10:16:19,197 INFO o.a.j.t.JMeterThread: Thread finished: POST arrivals 1-202
2026-10-07 10:16:19,858 INFO o.a.j.t.JMeterThread: Thread is done: POST arrivals 1-203
2026-10-07 10:16:19,859 INFO o.a.j.t.JMeterThread: Thread finished: POST arrivals 1-203
2026-10-07 10:16:20,568 INFO o.a.j.t.JMeterThread: Thread started: POST arrivals 1-204
2026-10-07 10:16:22,753 INFO o.a.j.t.JMeterThread: Thread is done: POST arrivals 1-204
2026-10-07 10:16:22,753 INFO o.a.j.t.JMeterThread: Thread finished: POST arrivals 1-204
2026-10-07 10:16:24,914 INFO o.a.j.t.JMeterThread: Thread started: Search arrivals 2-41
2026-10-07 10:16:24,955 INFO o.a.j.t.JMeterThread: Thread is done: Search arrivals 2-41
2026-10-07 10:16:24,955 INFO o.a.j.t.JMeterThread: Thread finished: Search arrivals 2-41
2026-10-07 10:16:25,008 INFO o.a.j.t.JMeterThread: Thread started: POST arrivals 1-205
2026-10-07 10:16:27,559 INFO o.a.j.t.JMeterThread: Thread started: POST arrivals 1-206
2026-10-07 10:16:27,963 INFO o.a.j.t.JMeterThread: Thread started: POST arrivals 1-207
2026-10-07 10:16:28,059 INFO o.a.j.t.JMeterThread: Thread started: Stats arrivals 3-9
2026-10-07 10:16:28,384 INFO o.a.j.t.JMeterThread: Thread is done: POST arrivals 1-205
2026-10-07 10:16:28,384 INFO o.a.j.t.JMeterThread: Thread finished: POST arrivals 1-205
2026-10-07 10:16:30,063 INFO o.a.j.r.Summariser: summary +     17 in 00:00:30 =    0.6/s Avg:  3477 Min:    38 Max:  5619 Err:     0 (0.00%) Active: 3 Started: 257 Finished: 254
2026-10-07 10:16:30,068 INFO o.a.j.r.Summariser: summary =    255 in 00:17:35 =    0.2/s Avg:  2604 Min:    18 Max:  8548 Err:     0 (0.00%)
2026-10-07 10:16:30,084 INFO o.a.j.t.JMeterThread: Thread is done: POST arrivals 1-206
2026-10-07 10:16:30,085 INFO o.a.j.t.JMeterThread: Thread finished: POST arrivals 1-206
2026-10-07 10:16:30,541 INFO o.a.j.t.JMeterThread: Thread started: Search arrivals 2-42
2026-10-07 10:16:30,674 INFO o.a.j.t.JMeterThread: Thread started: POST arrivals 1-208
2026-10-07 10:16:31,467 INFO o.a.j.t.JMeterThread: Thread is done: Stats arrivals 3-9
2026-10-07 10:16:31,467 INFO o.a.j.t.JMeterThread: Thread finished: Stats arrivals 3-9
2026-10-07 10:16:31,468 INFO o.a.j.t.JMeterThread: Thread is done: Search arrivals 2-42
2026-10-07 10:16:31,468 INFO o.a.j.t.JMeterThread: Thread finished: Search arrivals 2-42
2026-10-07 10:16:31,471 INFO o.a.j.t.JMeterThread: Thread is done: POST arrivals 1-207
2026-10-07 10:16:31,471 INFO o.a.j.t.JMeterThread: Thread finished: POST arrivals 1-207
2026-10-07 10:16:33,778 INFO o.a.j.t.JMeterThread: Thread started: POST arrivals 1-209
2026-10-07 10:16:33,805 INFO o.a.j.t.JMeterThread: Thread is done: POST arrivals 1-208
2026-10-07 10:16:33,805 INFO o.a.j.t.JMeterThread: Thread finished: POST arrivals 1-208
2026-10-07 10:16:34,844 INFO o.a.j.t.JMeterThread: Thread is done: POST arrivals 1-209
2026-10-07 10:16:34,844 INFO o.a.j.t.JMeterThread: Thread finished: POST arrivals 1-209
2026-10-07 10:16:35,925 INFO o.a.j.t.JMeterThread: Thread started: POST arrivals 1-210
2026-10-07 10:16:38,635 INFO o.a.j.t.JMeterThread: Thread started: POST arrivals 1-211
2026-10-07 10:16:39,861 INFO o.a.j.t.JMeterThread: Thread is done: POST arrivals 1-210
2026-10-07 10:16:39,861 INFO o.a.j.t.JMeterThread: Thread finished: POST arrivals 1-210
2026-10-07 10:16:41,037 INFO o.a.j.t.JMeterThread: Thread started: POST arrivals 1-212
2026-10-07 10:16:41,612 INFO o.a.j.t.JMeterThread: Thread is done: POST arrivals 1-211
2026-10-07 10:16:41,612 INFO o.a.j.t.JMeterThread: Thread finished: POST arrivals 1-211
2026-10-07 10:16:42,825 INFO o.a.j.t.JMeterThread: Thread started: POST arrivals 1-213
2026-10-07 10:16:43,917 INFO o.a.j.t.JMeterThread: Thread is done: POST arrivals 1-212
2026-10-07 10:16:43,918 INFO o.a.j.t.JMeterThread: Thread finished: POST arrivals 1-212
2026-10-07 10:16:44,298 INFO o.a.j.t.JMeterThread: Thread started: POST arrivals 1-214
2026-10-07 10:16:45,291 INFO o.a.j.t.JMeterThread: Thread started: POST arrivals 1-215
2026-10-07 10:16:45,519 INFO o.a.j.t.JMeterThread: Thread started: POST arrivals 1-216
2026-10-07 10:16:46,205 INFO o.a.j.t.JMeterThread: Thread is done: POST arrivals 1-213
2026-10-07 10:16:46,205 INFO o.a.j.t.JMeterThread: Thread finished: POST arrivals 1-213
2026-10-07 10:16:46,988 INFO o.a.j.t.JMeterThread: Thread started: POST arrivals 1-217
2026-10-07 10:16:47,640 INFO o.a.j.t.JMeterThread: Thread is done: POST arrivals 1-214
2026-10-07 10:16:47,640 INFO o.a.j.t.JMeterThread: Thread finished: POST arrivals 1-214
2026-10-07 10:16:48,725 INFO o.a.j.t.JMeterThread: Thread started: POST arrivals 1-218
2026-10-07 10:16:48,946 INFO o.a.j.t.JMeterThread: Thread started: Search arrivals 2-43
2026-10-07 10:16:51,016 INFO o.a.j.t.JMeterThread: Thread is done: POST arrivals 1-215
2026-10-07 10:16:51,016 INFO o.a.j.t.JMeterThread: Thread finished: POST arrivals 1-215
2026-10-07 10:16:52,315 INFO o.a.j.t.JMeterThread: Thread started: POST arrivals 1-219
2026-10-07 10:16:52,354 INFO o.a.j.t.JMeterThread: Thread is done: POST arrivals 1-216
2026-10-07 10:16:52,354 INFO o.a.j.t.JMeterThread: Thread finished: POST arrivals 1-216
2026-10-07 10:16:53,270 INFO o.a.j.t.JMeterThread: Thread is done: POST arrivals 1-217
2026-10-07 10:16:53,270 INFO o.a.j.t.JMeterThread: Thread finished: POST arrivals 1-217
2026-10-07 10:16:54,809 INFO o.a.j.t.JMeterThread: Thread is done: POST arrivals 1-218
2026-10-07 10:16:54,809 INFO o.a.j.t.JMeterThread: Thread finished: POST arrivals 1-218
2026-10-07 10:16:54,832 INFO o.a.j.t.JMeterThread: Thread is done: Search arrivals 2-43
2026-10-07 10:16:54,832 INFO o.a.j.t.JMeterThread: Thread finished: Search arrivals 2-43
2026-10-07 10:16:55,063 INFO o.a.j.t.JMeterThread: Thread started: Stats arrivals 3-10
2026-10-07 10:16:57,879 INFO o.a.j.t.JMeterThread: Thread is done: Stats arrivals 3-10
2026-10-07 10:16:57,879 INFO o.a.j.t.JMeterThread: Thread finished: Stats arrivals 3-10
2026-10-07 10:16:57,880 INFO o.a.j.t.JMeterThread: Thread is done: POST arrivals 1-219
2026-10-07 10:16:57,880 INFO o.a.j.t.JMeterThread: Thread finished: POST arrivals 1-219
2026-10-07 10:16:58,940 INFO o.a.j.t.JMeterThread: Thread started: Search arrivals 2-44
2026-10-07 10:16:59,010 INFO o.a.j.t.JMeterThread: Thread is done: Search arrivals 2-44
2026-10-07 10:16:59,011 INFO o.a.j.t.JMeterThread: Thread finished: Search arrivals 2-44
2026-10-07 10:17:03,878 INFO o.a.j.t.JMeterThread: Thread started: POST arrivals 1-220
2026-10-07 10:17:06,641 INFO o.a.j.t.JMeterThread: Thread started: POST arrivals 1-221
2026-10-07 10:17:06,998 INFO o.a.j.t.JMeterThread: Thread is done: POST arrivals 1-220
2026-10-07 10:17:06,998 INFO o.a.j.t.JMeterThread: Thread finished: POST arrivals 1-220
2026-10-07 10:17:09,415 INFO o.a.j.t.JMeterThread: Thread started: POST arrivals 1-222
2026-10-07 10:17:10,230 INFO o.a.j.t.JMeterThread: Thread is done: POST arrivals 1-221
2026-10-07 10:17:10,230 INFO o.a.j.t.JMeterThread: Thread finished: POST arrivals 1-221
2026-10-07 10:17:11,602 INFO o.a.j.t.JMeterThread: Thread is done: POST arrivals 1-222
2026-10-07 10:17:11,602 INFO o.a.j.t.JMeterThread: Thread finished: POST arrivals 1-222
2026-10-07 10:17:13,318 INFO o.a.j.t.JMeterThread: Thread started: POST arrivals 1-223
2026-10-07 10:17:15,000 INFO o.a.j.t.JMeterThread: Thread is done: POST arrivals 1-223
2026-10-07 10:17:15,000 INFO o.a.j.t.JMeterThread: Thread finished: POST arrivals 1-223
2026-10-07 10:17:15,634 INFO o.a.j.t.JMeterThread: Thread started: POST arrivals 1-224
2026-10-07 10:17:16,006 INFO o.a.j.t.JMeterThread: Thread started: POST arrivals 1-225
2026-10-07 10:17:16,778 INFO o.a.j.t.JMeterThread: Thread started: Search arrivals 2-45
2026-10-07 10:17:16,928 INFO o.a.j.t.JMeterThread: Thread is done: POST arrivals 1-224
2026-10-07 10:17:16,928 INFO o.a.j.t.JMeterThread: Thread finished: POST arrivals 1-224
2026-10-07 10:17:17,080 INFO o.a.j.t.JMeterThread: Thread started: Search arrivals 2-46
2026-10-07 10:17:18,059 INFO o.a.j.t.JMeterThread: Thread is done: POST arrivals 1-225
2026-10-07 10:17:18,059 INFO o.a.j.t.JMeterThread: Thread finished: POST arrivals 1-225
2026-10-07 10:17:18,063 INFO o.a.j.t.JMeterThread: Thread is done: Search arrivals 2-45
2026-10-07 10:17:18,063 INFO o.a.j.t.JMeterThread: Thread finished: Search arrivals 2-45
2026-10-07 10:17:18,063 INFO o.a.j.t.JMeterThread: Thread is done: Search arrivals 2-46
2026-10-07 10:17:18,063 INFO o.a.j.t.JMeterThread: Thread finished: Search arrivals 2-46
2026-10-07 10:17:18,306 INFO o.a.j.t.JMeterThread: Thread started: POST arrivals 1-226
2026-10-07 10:17:19,182 INFO o.a.j.t.JMeterThread: Thread is done: POST arrivals 1-226
2026-10-07 10:17:19,182 INFO o.a.j.t.JMeterThread: Thread finished: POST arrivals 1-226
2026-10-07 10:17:19,588 INFO o.a.j.t.JMeterThread: Thread started: Search arrivals 2-47
2026-10-07 10:17:19,621 INFO o.a.j.t.JMeterThread: Thread is done: Search arrivals 2-47
2026-10-07 10:17:19,622 INFO o.a.j.t.JMeterThread: Thread finished: Search arrivals 2-47
2026-10-07 10:17:26,537 INFO o.a.j.t.JMeterThread: Thread started: POST arrivals 1-227
2026-10-07 10:17:28,950 INFO o.a.j.t.JMeterThread: Thread started: POST arrivals 1-228
2026-10-07 10:17:29,094 INFO o.a.j.t.JMeterThread: Thread is done: POST arrivals 1-227
2026-10-07 10:17:29,094 INFO o.a.j.t.JMeterThread: Thread finished: POST arrivals 1-227
2026-10-07 10:17:30,261 INFO o.a.j.t.JMeterThread: Thread started: POST arrivals 1-229
2026-10-07 10:17:30,739 INFO o.a.j.r.Summariser: summary +     30 in 00:01:01 =    0.5/s Avg:  2969 Min:    33 Max:  6830 Err:     0 (0.00%) Active: 2 Started: 286 Finished: 284
2026-10-07 10:17:30,741 INFO o.a.j.r.Summariser: summary =    285 in 00:18:35 =    0.3/s Avg:  2643 Min:    18 Max:  8548 Err:     0 (0.00%)
2026-10-07 10:17:30,742 INFO o.a.j.t.JMeterThread: Thread is done: POST arrivals 1-228
2026-10-07 10:17:30,742 INFO o.a.j.t.JMeterThread: Thread finished: POST arrivals 1-228
2026-10-07 10:17:30,945 INFO o.a.j.t.JMeterThread: Thread started: POST arrivals 1-230
2026-10-07 10:17:31,751 INFO o.a.j.t.JMeterThread: Thread is done: POST arrivals 1-229
2026-10-07 10:17:31,751 INFO o.a.j.t.JMeterThread: Thread finished: POST arrivals 1-229
2026-10-07 10:17:32,221 INFO o.a.j.t.JMeterThread: Thread started: POST arrivals 1-231
2026-10-07 10:17:32,301 INFO o.a.j.t.JMeterThread: Thread started: POST arrivals 1-232
2026-10-07 10:17:33,110 INFO o.a.j.t.JMeterThread: Thread is done: POST arrivals 1-230
2026-10-07 10:17:33,110 INFO o.a.j.t.JMeterThread: Thread finished: POST arrivals 1-230
2026-10-07 10:17:34,133 INFO o.a.j.t.JMeterThread: Thread is done: POST arrivals 1-231
2026-10-07 10:17:34,133 INFO o.a.j.t.JMeterThread: Thread finished: POST arrivals 1-231
2026-10-07 10:17:35,478 INFO o.a.j.t.JMeterThread: Thread started: POST arrivals 1-233
2026-10-07 10:17:35,567 INFO o.a.j.t.JMeterThread: Thread started: POST arrivals 1-234
2026-10-07 10:17:35,627 INFO o.a.j.t.JMeterThread: Thread is done: POST arrivals 1-232
2026-10-07 10:17:35,627 INFO o.a.j.t.JMeterThread: Thread finished: POST arrivals 1-232
2026-10-07 10:17:38,537 INFO o.a.j.t.JMeterThread: Thread is done: POST arrivals 1-233
2026-10-07 10:17:38,537 INFO o.a.j.t.JMeterThread: Thread finished: POST arrivals 1-233
2026-10-07 10:17:39,444 INFO o.a.j.t.JMeterThread: Thread started: POST arrivals 1-235
2026-10-07 10:17:39,455 INFO o.a.j.t.JMeterThread: Thread is done: POST arrivals 1-234
2026-10-07 10:17:39,456 INFO o.a.j.t.JMeterThread: Thread finished: POST arrivals 1-234
2026-10-07 10:17:40,481 INFO o.a.j.t.JMeterThread: Thread is done: POST arrivals 1-235
2026-10-07 10:17:40,481 INFO o.a.j.t.JMeterThread: Thread finished: POST arrivals 1-235
2026-10-07 10:17:40,790 INFO o.a.j.t.JMeterThread: Thread started: POST arrivals 1-236
2026-10-07 10:17:42,374 INFO o.a.j.t.JMeterThread: Thread is done: POST arrivals 1-236
2026-10-07 10:17:42,374 INFO o.a.j.t.JMeterThread: Thread finished: POST arrivals 1-236
2026-10-07 10:17:43,547 INFO o.a.j.t.JMeterThread: Thread started: Stats arrivals 3-11
2026-10-07 10:17:43,575 INFO o.a.j.t.JMeterThread: Thread is done: Stats arrivals 3-11
2026-10-07 10:17:43,575 INFO o.a.j.t.JMeterThread: Thread finished: Stats arrivals 3-11
2026-10-07 10:17:43,668 INFO o.a.j.t.JMeterThread: Thread started: POST arrivals 1-237
2026-10-07 10:17:44,296 INFO o.a.j.t.JMeterThread: Thread started: POST arrivals 1-238
2026-10-07 10:17:45,996 INFO o.a.j.t.JMeterThread: Thread started: POST arrivals 1-239
2026-10-07 10:17:46,258 INFO o.a.j.t.JMeterThread: Thread started: POST arrivals 1-240
2026-10-07 10:17:46,524 INFO o.a.j.t.JMeterThread: Thread is done: POST arrivals 1-237
2026-10-07 10:17:46,525 INFO o.a.j.t.JMeterThread: Thread finished: POST arrivals 1-237
2026-10-07 10:17:46,875 INFO o.a.j.t.JMeterThread: Thread started: POST arrivals 1-241
2026-10-07 10:17:48,381 INFO o.a.j.t.JMeterThread: Thread is done: POST arrivals 1-238
2026-10-07 10:17:48,381 INFO o.a.j.t.JMeterThread: Thread finished: POST arrivals 1-238
2026-10-07 10:17:49,486 INFO o.a.j.t.JMeterThread: Thread started: POST arrivals 1-242
2026-10-07 10:17:49,563 INFO o.a.j.t.JMeterThread: Thread is done: POST arrivals 1-239
2026-10-07 10:17:49,563 INFO o.a.j.t.JMeterThread: Thread finished: POST arrivals 1-239
2026-10-07 10:17:51,033 INFO o.a.j.t.JMeterThread: Thread is done: POST arrivals 1-240
2026-10-07 10:17:51,033 INFO o.a.j.t.JMeterThread: Thread finished: POST arrivals 1-240
2026-10-07 10:17:52,158 INFO o.a.j.t.JMeterThread: Thread is done: POST arrivals 1-241
2026-10-07 10:17:52,158 INFO o.a.j.t.JMeterThread: Thread finished: POST arrivals 1-241
2026-10-07 10:17:53,020 INFO o.a.j.t.JMeterThread: Thread started: Stats arrivals 3-12
2026-10-07 10:17:54,206 INFO o.a.j.t.JMeterThread: Thread is done: POST arrivals 1-242
2026-10-07 10:17:54,207 INFO o.a.j.t.JMeterThread: Thread finished: POST arrivals 1-242
2026-10-07 10:17:54,207 INFO o.a.j.t.JMeterThread: Thread is done: Stats arrivals 3-12
2026-10-07 10:17:54,207 INFO o.a.j.t.JMeterThread: Thread finished: Stats arrivals 3-12
2026-10-07 10:17:54,669 INFO o.a.j.t.JMeterThread: Thread started: POST arrivals 1-243
2026-10-07 10:17:54,722 INFO o.a.j.t.JMeterThread: Thread started: POST arrivals 1-244
2026-10-07 10:17:55,761 INFO o.a.j.t.JMeterThread: Thread started: POST arrivals 1-245
2026-10-07 10:17:56,309 INFO o.a.j.t.JMeterThread: Thread is done: POST arrivals 1-243
2026-10-07 10:17:56,309 INFO o.a.j.t.JMeterThread: Thread finished: POST arrivals 1-243
2026-10-07 10:17:56,749 INFO o.a.j.t.JMeterThread: Thread started: POST arrivals 1-246
2026-10-07 10:17:57,890 INFO o.a.j.t.JMeterThread: Thread is done: POST arrivals 1-244
2026-10-07 10:17:57,891 INFO o.a.j.t.JMeterThread: Thread finished: POST arrivals 1-244
2026-10-07 10:17:58,148 INFO o.a.j.t.JMeterThread: Thread started: POST arrivals 1-247
2026-10-07 10:17:59,224 INFO o.a.j.t.JMeterThread: Thread is done: POST arrivals 1-245
2026-10-07 10:17:59,225 INFO o.a.j.t.JMeterThread: Thread finished: POST arrivals 1-245
2026-10-07 10:17:59,670 INFO o.a.j.t.JMeterThread: Thread started: Search arrivals 2-48
2026-10-07 10:17:59,908 INFO o.a.j.t.JMeterThread: Thread started: POST arrivals 1-248
2026-10-07 10:18:00,680 INFO o.a.j.r.Summariser: summary +     20 in 00:00:30 =    0.7/s Avg:  2851 Min:    26 Max:  5277 Err:     0 (0.00%) Active: 4 Started: 308 Finished: 304
2026-10-07 10:18:00,688 INFO o.a.j.r.Summariser: summary =    305 in 00:19:05 =    0.3/s Avg:  2656 Min:    18 Max:  8548 Err:     0 (0.00%)
2026-10-07 10:18:00,689 INFO o.a.j.t.JMeterThread: Thread is done: POST arrivals 1-246
2026-10-07 10:18:00,689 INFO o.a.j.t.JMeterThread: Thread finished: POST arrivals 1-246
2026-10-07 10:18:02,017 INFO o.a.j.t.JMeterThread: Thread is done: POST arrivals 1-247
2026-10-07 10:18:02,017 INFO o.a.j.t.JMeterThread: Thread finished: POST arrivals 1-247
2026-10-07 10:18:02,043 INFO o.a.j.t.JMeterThread: Thread is done: Search arrivals 2-48
2026-10-07 10:18:02,043 INFO o.a.j.t.JMeterThread: Thread finished: Search arrivals 2-48
2026-10-07 10:18:03,178 INFO o.a.j.t.JMeterThread: Thread started: POST arrivals 1-249
2026-10-07 10:18:03,197 INFO o.a.j.t.JMeterThread: Thread is done: POST arrivals 1-248
2026-10-07 10:18:03,198 INFO o.a.j.t.JMeterThread: Thread finished: POST arrivals 1-248
2026-10-07 10:18:03,771 INFO o.a.j.t.JMeterThread: Thread started: POST arrivals 1-250
2026-10-07 10:18:05,581 INFO o.a.j.t.JMeterThread: Thread is done: POST arrivals 1-249
2026-10-07 10:18:05,582 INFO o.a.j.t.JMeterThread: Thread finished: POST arrivals 1-249
2026-10-07 10:18:05,826 INFO o.a.j.t.JMeterThread: Thread started: POST arrivals 1-251
2026-10-07 10:18:06,802 INFO o.a.j.t.JMeterThread: Thread is done: POST arrivals 1-250
2026-10-07 10:18:06,802 INFO o.a.j.t.JMeterThread: Thread finished: POST arrivals 1-250
2026-10-07 10:18:08,524 INFO o.a.j.t.JMeterThread: Thread is done: POST arrivals 1-251
2026-10-07 10:18:08,524 INFO o.a.j.t.JMeterThread: Thread finished: POST arrivals 1-251
2026-10-07 10:18:15,099 INFO o.a.j.t.JMeterThread: Thread started: POST arrivals 1-252
2026-10-07 10:18:15,463 INFO o.a.j.t.JMeterThread: Thread started: POST arrivals 1-253
2026-10-07 10:18:15,548 INFO o.a.j.t.JMeterThread: Thread started: POST arrivals 1-254
2026-10-07 10:18:17,250 INFO o.a.j.t.JMeterThread: Thread started: POST arrivals 1-255
2026-10-07 10:18:17,418 INFO o.a.j.t.JMeterThread: Thread started: POST arrivals 1-256
2026-10-07 10:18:18,686 INFO o.a.j.t.JMeterThread: Thread is done: POST arrivals 1-252
2026-10-07 10:18:18,687 INFO o.a.j.t.JMeterThread: Thread finished: POST arrivals 1-252
2026-10-07 10:18:20,300 INFO o.a.j.t.JMeterThread: Thread started: POST arrivals 1-257
2026-10-07 10:18:21,104 INFO o.a.j.t.JMeterThread: Thread is done: POST arrivals 1-253
2026-10-07 10:18:21,104 INFO o.a.j.t.JMeterThread: Thread finished: POST arrivals 1-253
2026-10-07 10:18:21,968 INFO o.a.j.t.JMeterThread: Thread is done: POST arrivals 1-254
2026-10-07 10:18:21,968 INFO o.a.j.t.JMeterThread: Thread finished: POST arrivals 1-254
2026-10-07 10:18:22,093 INFO o.a.j.t.JMeterThread: Thread started: POST arrivals 1-258
2026-10-07 10:18:23,700 INFO o.a.j.t.JMeterThread: Thread is done: POST arrivals 1-255
2026-10-07 10:18:23,700 INFO o.a.j.t.JMeterThread: Thread finished: POST arrivals 1-255
2026-10-07 10:18:25,578 INFO o.a.j.t.JMeterThread: Thread is done: POST arrivals 1-256
2026-10-07 10:18:25,578 INFO o.a.j.t.JMeterThread: Thread finished: POST arrivals 1-256
2026-10-07 10:18:26,930 INFO o.a.j.t.JMeterThread: Thread started: POST arrivals 1-259
2026-10-07 10:18:27,421 INFO o.a.j.t.JMeterThread: Thread started: POST arrivals 1-260
2026-10-07 10:18:28,460 INFO o.a.j.t.JMeterThread: Thread is done: POST arrivals 1-257
2026-10-07 10:18:28,460 INFO o.a.j.t.JMeterThread: Thread finished: POST arrivals 1-257
2026-10-07 10:18:30,763 INFO o.a.j.t.JMeterThread: Thread started: POST arrivals 1-261
2026-10-07 10:18:31,787 INFO o.a.j.r.Summariser: summary +     13 in 00:00:31 =    0.4/s Avg:  5047 Min:  2371 Max:  9691 Err:     0 (0.00%) Active: 4 Started: 321 Finished: 317
2026-10-07 10:18:31,789 INFO o.a.j.r.Summariser: summary =    318 in 00:19:37 =    0.3/s Avg:  2754 Min:    18 Max:  9691 Err:     0 (0.00%)
2026-10-07 10:18:31,790 INFO o.a.j.t.JMeterThread: Thread is done: POST arrivals 1-258
2026-10-07 10:18:31,791 INFO o.a.j.t.JMeterThread: Thread finished: POST arrivals 1-258
2026-10-07 10:18:32,886 INFO o.a.j.t.JMeterThread: Thread started: POST arrivals 1-262
2026-10-07 10:18:34,247 INFO o.a.j.t.JMeterThread: Thread is done: POST arrivals 1-259
2026-10-07 10:18:34,247 INFO o.a.j.t.JMeterThread: Thread finished: POST arrivals 1-259
2026-10-07 10:18:36,191 INFO o.a.j.t.JMeterThread: Thread started: POST arrivals 1-263
2026-10-07 10:18:38,035 INFO o.a.j.t.JMeterThread: Thread is done: POST arrivals 1-260
2026-10-07 10:18:38,036 INFO o.a.j.t.JMeterThread: Thread finished: POST arrivals 1-260
2026-10-07 10:18:38,381 INFO o.a.j.t.JMeterThread: Thread started: POST arrivals 1-264
2026-10-07 10:18:39,016 INFO o.a.j.t.JMeterThread: Thread started: POST arrivals 1-265
2026-10-07 10:18:39,504 INFO o.a.j.t.JMeterThread: Thread started: POST arrivals 1-266
2026-10-07 10:18:39,774 INFO o.a.j.t.JMeterThread: Thread is done: POST arrivals 1-261
2026-10-07 10:18:39,775 INFO o.a.j.t.JMeterThread: Thread finished: POST arrivals 1-261
2026-10-07 10:18:40,011 INFO o.a.j.t.JMeterThread: Thread started: POST arrivals 1-267
2026-10-07 10:18:41,122 INFO o.a.j.t.JMeterThread: Thread started: POST arrivals 1-268
2026-10-07 10:18:41,135 INFO o.a.j.t.JMeterThread: Thread started: Search arrivals 2-49
2026-10-07 10:18:41,990 INFO o.a.j.t.JMeterThread: Thread started: Search arrivals 2-50
2026-10-07 10:18:42,010 INFO o.a.j.t.JMeterThread: Thread is done: POST arrivals 1-262
2026-10-07 10:18:42,011 INFO o.a.j.t.JMeterThread: Thread finished: POST arrivals 1-262
2026-10-07 10:18:42,952 INFO o.a.j.t.JMeterThread: Thread is done: POST arrivals 1-263
2026-10-07 10:18:42,952 INFO o.a.j.t.JMeterThread: Thread finished: POST arrivals 1-263
2026-10-07 10:18:44,282 INFO o.a.j.t.JMeterThread: Thread is done: POST arrivals 1-264
2026-10-07 10:18:44,282 INFO o.a.j.t.JMeterThread: Thread finished: POST arrivals 1-264
2026-10-07 10:18:44,401 INFO o.a.j.t.JMeterThread: Thread started: POST arrivals 1-269
2026-10-07 10:18:45,307 INFO o.a.j.t.JMeterThread: Thread is done: POST arrivals 1-265
2026-10-07 10:18:45,307 INFO o.a.j.t.JMeterThread: Thread finished: POST arrivals 1-265
2026-10-07 10:18:47,178 INFO o.a.j.t.JMeterThread: Thread is done: POST arrivals 1-266
2026-10-07 10:18:47,178 INFO o.a.j.t.JMeterThread: Thread finished: POST arrivals 1-266
2026-10-07 10:18:48,482 INFO o.a.j.t.JMeterThread: Thread started: POST arrivals 1-270
2026-10-07 10:18:48,532 INFO o.a.j.t.JMeterThread: Thread is done: POST arrivals 1-267
2026-10-07 10:18:48,532 INFO o.a.j.t.JMeterThread: Thread finished: POST arrivals 1-267
2026-10-07 10:18:49,504 INFO o.a.j.t.JMeterThread: Thread is done: POST arrivals 1-268
2026-10-07 10:18:49,504 INFO o.a.j.t.JMeterThread: Thread finished: POST arrivals 1-268
2026-10-07 10:18:49,512 INFO o.a.j.t.JMeterThread: Thread is done: Search arrivals 2-49
2026-10-07 10:18:49,512 INFO o.a.j.t.JMeterThread: Thread finished: Search arrivals 2-49
2026-10-07 10:18:49,524 INFO o.a.j.t.JMeterThread: Thread is done: Search arrivals 2-50
2026-10-07 10:18:49,525 INFO o.a.j.t.JMeterThread: Thread finished: Search arrivals 2-50
2026-10-07 10:18:50,784 INFO o.a.j.t.JMeterThread: Thread is done: POST arrivals 1-269
2026-10-07 10:18:50,786 INFO o.a.j.t.JMeterThread: Thread finished: POST arrivals 1-269
2026-10-07 10:18:52,263 INFO o.a.j.t.JMeterThread: Thread started: POST arrivals 1-271
2026-10-07 10:18:52,474 INFO o.a.j.t.JMeterThread: Thread is done: POST arrivals 1-270
2026-10-07 10:18:52,474 INFO o.a.j.t.JMeterThread: Thread finished: POST arrivals 1-270
2026-10-07 10:18:52,509 INFO o.a.j.t.JMeterThread: Thread started: POST arrivals 1-272
2026-10-07 10:18:53,585 INFO o.a.j.t.JMeterThread: Thread started: Stats arrivals 3-13
2026-10-07 10:18:53,721 INFO o.a.j.t.JMeterThread: Thread is done: POST arrivals 1-271
2026-10-07 10:18:53,721 INFO o.a.j.t.JMeterThread: Thread finished: POST arrivals 1-271
2026-10-07 10:18:54,631 INFO o.a.j.t.JMeterThread: Thread is done: POST arrivals 1-272
2026-10-07 10:18:54,631 INFO o.a.j.t.JMeterThread: Thread finished: POST arrivals 1-272
2026-10-07 10:18:54,652 INFO o.a.j.t.JMeterThread: Thread is done: Stats arrivals 3-13
2026-10-07 10:18:54,652 INFO o.a.j.t.JMeterThread: Thread finished: Stats arrivals 3-13
2026-10-07 10:18:55,233 INFO o.a.j.t.JMeterThread: Thread started: POST arrivals 1-273
2026-10-07 10:18:55,262 INFO o.a.j.t.JMeterThread: Thread started: POST arrivals 1-274
2026-10-07 10:18:58,210 INFO o.a.j.t.JMeterThread: Thread is done: POST arrivals 1-274
2026-10-07 10:18:58,210 INFO o.a.j.t.JMeterThread: Thread finished: POST arrivals 1-274
2026-10-07 10:18:59,261 INFO o.a.j.t.JMeterThread: Thread is done: POST arrivals 1-273
2026-10-07 10:18:59,261 INFO o.a.j.t.JMeterThread: Thread finished: POST arrivals 1-273
2026-10-07 10:19:02,484 INFO o.a.j.t.o.PoissonArrivalsRamp: Generating 7 events, beginRate = 0.025 / sec, endRate = 0.025 / sec, duration = 300.0 sec
2026-10-07 10:19:02,484 INFO o.a.j.t.JMeterThread: Thread started: Stats arrivals 3-14
2026-10-07 10:19:02,517 INFO o.a.j.r.Summariser: summary +     20 in 00:00:31 =    0.7/s Avg:  5870 Min:    31 Max: 10611 Err:     0 (0.00%) Active: 1 Started: 338 Finished: 337
2026-10-07 10:19:02,518 INFO o.a.j.r.Summariser: summary =    338 in 00:20:07 =    0.3/s Avg:  2938 Min:    18 Max: 10611 Err:     0 (0.00%)
2026-10-07 10:19:02,519 INFO o.a.j.t.JMeterThread: Thread is done: Stats arrivals 3-14
2026-10-07 10:19:02,519 INFO o.a.j.t.JMeterThread: Thread finished: Stats arrivals 3-14
2026-10-07 10:19:04,868 INFO o.a.j.t.JMeterThread: Thread started: POST arrivals 1-275
2026-10-07 10:19:06,016 INFO o.a.j.t.JMeterThread: Thread started: POST arrivals 1-276
2026-10-07 10:19:06,168 INFO o.a.j.t.JMeterThread: Thread is done: POST arrivals 1-275
2026-10-07 10:19:06,168 INFO o.a.j.t.JMeterThread: Thread finished: POST arrivals 1-275
2026-10-07 10:19:07,023 INFO o.a.j.t.JMeterThread: Thread started: Search arrivals 2-51
2026-10-07 10:19:08,148 INFO o.a.j.t.JMeterThread: Thread is done: POST arrivals 1-276
2026-10-07 10:19:08,148 INFO o.a.j.t.JMeterThread: Thread finished: POST arrivals 1-276
2026-10-07 10:19:08,149 INFO o.a.j.t.JMeterThread: Thread is done: Search arrivals 2-51
2026-10-07 10:19:08,149 INFO o.a.j.t.JMeterThread: Thread finished: Search arrivals 2-51
2026-10-07 10:19:08,178 INFO o.a.j.t.JMeterThread: Thread started: POST arrivals 1-277
2026-10-07 10:19:08,566 INFO o.a.j.t.JMeterThread: Thread started: Search arrivals 2-52
2026-10-07 10:19:09,377 INFO o.a.j.t.JMeterThread: Thread is done: POST arrivals 1-277
2026-10-07 10:19:09,377 INFO o.a.j.t.JMeterThread: Thread finished: POST arrivals 1-277
2026-10-07 10:19:09,385 INFO o.a.j.t.JMeterThread: Thread is done: Search arrivals 2-52
2026-10-07 10:19:09,385 INFO o.a.j.t.JMeterThread: Thread finished: Search arrivals 2-52
2026-10-07 10:19:11,876 INFO o.a.j.t.JMeterThread: Thread started: Search arrivals 2-53
2026-10-07 10:19:11,946 INFO o.a.j.t.JMeterThread: Thread is done: Search arrivals 2-53
2026-10-07 10:19:11,946 INFO o.a.j.t.JMeterThread: Thread finished: Search arrivals 2-53
2026-10-07 10:19:15,397 INFO o.a.j.t.JMeterThread: Thread started: POST arrivals 1-278
2026-10-07 10:19:16,831 INFO o.a.j.t.JMeterThread: Thread is done: POST arrivals 1-278
2026-10-07 10:19:16,832 INFO o.a.j.t.JMeterThread: Thread finished: POST arrivals 1-278
2026-10-07 10:19:18,241 INFO o.a.j.t.JMeterThread: Thread started: POST arrivals 1-279
2026-10-07 10:19:20,155 INFO o.a.j.t.JMeterThread: Thread is done: POST arrivals 1-279
2026-10-07 10:19:20,155 INFO o.a.j.t.JMeterThread: Thread finished: POST arrivals 1-279
2026-10-07 10:19:26,723 INFO o.a.j.t.JMeterThread: Thread started: Search arrivals 2-54
2026-10-07 10:19:26,774 INFO o.a.j.t.JMeterThread: Thread is done: Search arrivals 2-54
2026-10-07 10:19:26,774 INFO o.a.j.t.JMeterThread: Thread finished: Search arrivals 2-54
2026-10-07 10:19:26,889 INFO o.a.j.t.JMeterThread: Thread started: POST arrivals 1-280
2026-10-07 10:19:28,331 INFO o.a.j.t.JMeterThread: Thread started: POST arrivals 1-281
2026-10-07 10:19:28,760 INFO o.a.j.t.JMeterThread: Thread started: POST arrivals 1-282
2026-10-07 10:19:29,353 INFO o.a.j.t.JMeterThread: Thread is done: POST arrivals 1-280
2026-10-07 10:19:29,353 INFO o.a.j.t.JMeterThread: Thread finished: POST arrivals 1-280
2026-10-07 10:19:31,184 INFO o.a.j.r.Summariser: summary +     11 in 00:00:29 =    0.4/s Avg:  1391 Min:    48 Max:  2849 Err:     0 (0.00%) Active: 2 Started: 350 Finished: 348
2026-10-07 10:19:31,186 INFO o.a.j.r.Summariser: summary =    349 in 00:20:36 =    0.3/s Avg:  2890 Min:    18 Max: 10611 Err:     0 (0.00%)
2026-10-07 10:19:31,186 INFO o.a.j.t.JMeterThread: Thread is done: POST arrivals 1-281
2026-10-07 10:19:31,186 INFO o.a.j.t.JMeterThread: Thread finished: POST arrivals 1-281
2026-10-07 10:19:32,721 INFO o.a.j.t.JMeterThread: Thread is done: POST arrivals 1-282
2026-10-07 10:19:32,721 INFO o.a.j.t.JMeterThread: Thread finished: POST arrivals 1-282
2026-10-07 10:19:34,971 INFO o.a.j.t.JMeterThread: Thread started: Search arrivals 2-55
2026-10-07 10:19:35,016 INFO o.a.j.t.JMeterThread: Thread is done: Search arrivals 2-55
2026-10-07 10:19:35,016 INFO o.a.j.t.JMeterThread: Thread finished: Search arrivals 2-55
2026-10-07 10:19:35,352 INFO o.a.j.t.JMeterThread: Thread started: Search arrivals 2-56
2026-10-07 10:19:35,413 INFO o.a.j.t.JMeterThread: Thread is done: Search arrivals 2-56
2026-10-07 10:19:35,413 INFO o.a.j.t.JMeterThread: Thread finished: Search arrivals 2-56
2026-10-07 10:19:38,428 INFO o.a.j.t.JMeterThread: Thread started: POST arrivals 1-283
2026-10-07 10:19:40,402 INFO o.a.j.t.JMeterThread: Thread is done: POST arrivals 1-283
2026-10-07 10:19:40,403 INFO o.a.j.t.JMeterThread: Thread finished: POST arrivals 1-283
2026-10-07 10:19:42,350 INFO o.a.j.t.JMeterThread: Thread started: Search arrivals 2-57
2026-10-07 10:19:42,395 INFO o.a.j.t.JMeterThread: Thread is done: Search arrivals 2-57
2026-10-07 10:19:42,395 INFO o.a.j.t.JMeterThread: Thread finished: Search arrivals 2-57
2026-10-07 10:19:42,404 INFO o.a.j.t.JMeterThread: Thread started: POST arrivals 1-284
2026-10-07 10:19:43,577 INFO o.a.j.t.JMeterThread: Thread started: POST arrivals 1-285
2026-10-07 10:19:44,499 INFO o.a.j.t.JMeterThread: Thread is done: POST arrivals 1-284
2026-10-07 10:19:44,499 INFO o.a.j.t.JMeterThread: Thread finished: POST arrivals 1-284
2026-10-07 10:19:45,946 INFO o.a.j.t.JMeterThread: Thread is done: POST arrivals 1-285
2026-10-07 10:19:45,946 INFO o.a.j.t.JMeterThread: Thread finished: POST arrivals 1-285
2026-10-07 10:19:47,792 INFO o.a.j.t.JMeterThread: Thread started: POST arrivals 1-286
2026-10-07 10:19:49,733 INFO o.a.j.t.JMeterThread: Thread is done: POST arrivals 1-286
2026-10-07 10:19:49,733 INFO o.a.j.t.JMeterThread: Thread finished: POST arrivals 1-286
2026-10-07 10:19:56,128 INFO o.a.j.t.JMeterThread: Thread started: Search arrivals 2-58
2026-10-07 10:19:56,177 INFO o.a.j.t.JMeterThread: Thread is done: Search arrivals 2-58
2026-10-07 10:19:56,177 INFO o.a.j.t.JMeterThread: Thread finished: Search arrivals 2-58
2026-10-07 10:19:59,508 INFO o.a.j.t.JMeterThread: Thread started: POST arrivals 1-287
2026-10-07 10:20:01,969 INFO o.a.j.t.JMeterThread: Thread started: POST arrivals 1-288
2026-10-07 10:20:02,504 INFO o.a.j.r.Summariser: summary +     10 in 00:00:31 =    0.3/s Avg:  1548 Min:    42 Max:  3958 Err:     0 (0.00%) Active: 2 Started: 360 Finished: 358
2026-10-07 10:20:02,506 INFO o.a.j.r.Summariser: summary =    359 in 00:21:07 =    0.3/s Avg:  2852 Min:    18 Max: 10611 Err:     0 (0.00%)
2026-10-07 10:20:02,506 INFO o.a.j.t.JMeterThread: Thread is done: POST arrivals 1-287
2026-10-07 10:20:02,506 INFO o.a.j.t.JMeterThread: Thread finished: POST arrivals 1-287
2026-10-07 10:20:03,068 INFO o.a.j.t.JMeterThread: Thread started: POST arrivals 1-289
2026-10-07 10:20:03,446 INFO o.a.j.t.JMeterThread: Thread is done: POST arrivals 1-288
2026-10-07 10:20:03,448 INFO o.a.j.t.JMeterThread: Thread finished: POST arrivals 1-288
2026-10-07 10:20:05,081 INFO o.a.j.t.JMeterThread: Thread is done: POST arrivals 1-289
2026-10-07 10:20:05,082 INFO o.a.j.t.JMeterThread: Thread finished: POST arrivals 1-289
2026-10-07 10:20:05,098 INFO o.a.j.t.JMeterThread: Thread started: POST arrivals 1-290
2026-10-07 10:20:06,311 INFO o.a.j.t.JMeterThread: Thread is done: POST arrivals 1-290
2026-10-07 10:20:06,312 INFO o.a.j.t.JMeterThread: Thread finished: POST arrivals 1-290
2026-10-07 10:20:12,642 INFO o.a.j.t.JMeterThread: Thread started: POST arrivals 1-291
2026-10-07 10:20:12,947 INFO o.a.j.t.JMeterThread: Thread started: POST arrivals 1-292
2026-10-07 10:20:14,324 INFO o.a.j.t.JMeterThread: Thread started: POST arrivals 1-293
2026-10-07 10:20:16,553 INFO o.a.j.t.JMeterThread: Thread is done: POST arrivals 1-291
2026-10-07 10:20:16,554 INFO o.a.j.t.JMeterThread: Thread finished: POST arrivals 1-291
2026-10-07 10:20:16,841 INFO o.a.j.t.JMeterThread: Thread started: POST arrivals 1-294
2026-10-07 10:20:18,086 INFO o.a.j.t.JMeterThread: Thread is done: POST arrivals 1-292
2026-10-07 10:20:18,086 INFO o.a.j.t.JMeterThread: Thread finished: POST arrivals 1-292
2026-10-07 10:20:19,049 INFO o.a.j.t.JMeterThread: Thread started: POST arrivals 1-295
2026-10-07 10:20:20,299 INFO o.a.j.t.JMeterThread: Thread started: POST arrivals 1-296
2026-10-07 10:20:20,402 INFO o.a.j.t.JMeterThread: Thread started: Search arrivals 2-59
2026-10-07 10:20:21,319 INFO o.a.j.t.JMeterThread: Thread is done: POST arrivals 1-293
2026-10-07 10:20:21,320 INFO o.a.j.t.JMeterThread: Thread finished: POST arrivals 1-293
2026-10-07 10:20:22,560 INFO o.a.j.t.JMeterThread: Thread started: POST arrivals 1-297
2026-10-07 10:20:22,587 INFO o.a.j.t.JMeterThread: Thread started: POST arrivals 1-298
2026-10-07 10:20:22,967 INFO o.a.j.t.JMeterThread: Thread started: POST arrivals 1-299
2026-10-07 10:20:23,238 INFO o.a.j.t.JMeterThread: Thread is done: POST arrivals 1-294
2026-10-07 10:20:23,238 INFO o.a.j.t.JMeterThread: Thread finished: POST arrivals 1-294
2026-10-07 10:20:23,837 INFO o.a.j.t.JMeterThread: Thread started: Search arrivals 2-60
2026-10-07 10:20:24,419 INFO o.a.j.t.JMeterThread: Thread started: POST arrivals 1-300
2026-10-07 10:20:25,276 INFO o.a.j.t.JMeterThread: Thread started: POST arrivals 1-301
2026-10-07 10:20:26,281 INFO o.a.j.t.JMeterThread: Thread is done: POST arrivals 1-295
2026-10-07 10:20:26,282 INFO o.a.j.t.JMeterThread: Thread finished: POST arrivals 1-295
2026-10-07 10:20:28,719 INFO o.a.j.t.JMeterThread: Thread started: POST arrivals 1-302
2026-10-07 10:20:30,176 INFO o.a.j.r.Summariser: summary +      9 in 00:00:28 =    0.3/s Avg:  4913 Min:  1210 Max:  9873 Err:     0 (0.00%) Active: 9 Started: 376 Finished: 367
2026-10-07 10:20:30,170 INFO o.a.j.t.JMeterThread: Thread started: POST arrivals 1-303
2026-10-07 10:20:30,180 INFO o.a.j.r.Summariser: summary =    368 in 00:21:35 =    0.3/s Avg:  2903 Min:    18 Max: 10611 Err:     0 (0.00%)
2026-10-07 10:20:30,180 INFO o.a.j.t.JMeterThread: Thread is done: POST arrivals 1-296
2026-10-07 10:20:30,180 INFO o.a.j.t.JMeterThread: Thread finished: POST arrivals 1-296
2026-10-07 10:20:30,181 INFO o.a.j.t.JMeterThread: Thread is done: Search arrivals 2-59
2026-10-07 10:20:30,182 INFO o.a.j.t.JMeterThread: Thread finished: Search arrivals 2-59
2026-10-07 10:20:31,977 INFO o.a.j.t.JMeterThread: Thread started: POST arrivals 1-304
2026-10-07 10:20:32,835 INFO o.a.j.t.JMeterThread: Thread is done: POST arrivals 1-297
2026-10-07 10:20:32,835 INFO o.a.j.t.JMeterThread: Thread finished: POST arrivals 1-297
2026-10-07 10:20:34,134 INFO o.a.j.t.JMeterThread: Thread started: POST arrivals 1-305
2026-10-07 10:20:34,803 INFO o.a.j.t.JMeterThread: Thread started: POST arrivals 1-306
2026-10-07 10:20:35,867 INFO o.a.j.t.JMeterThread: Thread is done: POST arrivals 1-298
2026-10-07 10:20:35,867 INFO o.a.j.t.JMeterThread: Thread finished: POST arrivals 1-298
2026-10-07 10:20:38,428 INFO o.a.j.t.JMeterThread: Thread started: POST arrivals 1-307
2026-10-07 10:20:39,187 INFO o.a.j.t.JMeterThread: Thread is done: POST arrivals 1-299
2026-10-07 10:20:39,187 INFO o.a.j.t.JMeterThread: Thread finished: POST arrivals 1-299
2026-10-07 10:20:39,194 INFO o.a.j.t.JMeterThread: Thread is done: Search arrivals 2-60
2026-10-07 10:20:39,194 INFO o.a.j.t.JMeterThread: Thread finished: Search arrivals 2-60
2026-10-07 10:20:40,416 INFO o.a.j.t.JMeterThread: Thread is done: POST arrivals 1-300
2026-10-07 10:20:40,416 INFO o.a.j.t.JMeterThread: Thread finished: POST arrivals 1-300
2026-10-07 10:20:41,417 INFO o.a.j.t.JMeterThread: Thread is done: POST arrivals 1-301
2026-10-07 10:20:41,417 INFO o.a.j.t.JMeterThread: Thread finished: POST arrivals 1-301
2026-10-07 10:20:42,565 INFO o.a.j.t.JMeterThread: Thread started: POST arrivals 1-308
2026-10-07 10:20:43,796 INFO o.a.j.t.JMeterThread: Thread is done: POST arrivals 1-302
2026-10-07 10:20:43,796 INFO o.a.j.t.JMeterThread: Thread finished: POST arrivals 1-302
2026-10-07 10:20:45,353 INFO o.a.j.t.JMeterThread: Thread is done: POST arrivals 1-303
2026-10-07 10:20:45,353 INFO o.a.j.t.JMeterThread: Thread finished: POST arrivals 1-303
2026-10-07 10:20:46,495 INFO o.a.j.t.JMeterThread: Thread started: Search arrivals 2-61
2026-10-07 10:20:46,533 INFO o.a.j.t.JMeterThread: Thread is done: POST arrivals 1-304
2026-10-07 10:20:46,533 INFO o.a.j.t.JMeterThread: Thread finished: POST arrivals 1-304
2026-10-07 10:20:47,238 INFO o.a.j.t.JMeterThread: Thread started: Search arrivals 2-62
2026-10-07 10:20:47,296 INFO o.a.j.t.o.PoissonArrivalsRamp: Generating 30 events, beginRate = 0.1 / sec, endRate = 0.1 / sec, duration = 300.0 sec
2026-10-07 10:20:47,683 INFO o.a.j.t.JMeterThread: Thread is done: POST arrivals 1-305
2026-10-07 10:20:47,684 INFO o.a.j.t.JMeterThread: Thread finished: POST arrivals 1-305
2026-10-07 10:20:49,115 INFO o.a.j.t.JMeterThread: Thread started: POST arrivals 1-309
2026-10-07 10:20:50,246 INFO o.a.j.t.JMeterThread: Thread is done: POST arrivals 1-306
2026-10-07 10:20:50,246 INFO o.a.j.t.JMeterThread: Thread finished: POST arrivals 1-306
2026-10-07 10:20:52,157 INFO o.a.j.t.JMeterThread: Thread started: POST arrivals 1-310
2026-10-07 10:20:52,199 INFO o.a.j.t.JMeterThread: Thread started: POST arrivals 1-311
2026-10-07 10:20:52,415 INFO o.a.j.t.JMeterThread: Thread started: POST arrivals 1-312
2026-10-07 10:20:52,418 INFO o.a.j.t.o.PoissonArrivalsRamp: Generating 150 events, beginRate = 0.5 / sec, endRate = 0.5 / sec, duration = 300.0 sec
2026-10-07 10:20:53,727 INFO o.a.j.t.JMeterThread: Thread is done: POST arrivals 1-307
2026-10-07 10:20:53,728 INFO o.a.j.t.JMeterThread: Thread finished: POST arrivals 1-307
2026-10-07 10:20:54,660 INFO o.a.j.t.JMeterThread: Thread is done: POST arrivals 1-308
2026-10-07 10:20:54,660 INFO o.a.j.t.JMeterThread: Thread finished: POST arrivals 1-308
2026-10-07 10:20:54,675 INFO o.a.j.t.JMeterThread: Thread is done: Search arrivals 2-62
2026-10-07 10:20:54,675 INFO o.a.j.t.JMeterThread: Thread finished: Search arrivals 2-62
2026-10-07 10:20:54,676 INFO o.a.j.t.JMeterThread: Thread is done: Search arrivals 2-61
2026-10-07 10:20:54,676 INFO o.a.j.t.JMeterThread: Thread finished: Search arrivals 2-61
2026-10-07 10:20:56,047 INFO o.a.j.t.JMeterThread: Thread started: POST arrivals 1-313
2026-10-07 10:20:56,705 INFO o.a.j.t.JMeterThread: Thread started: POST arrivals 1-314
2026-10-07 10:20:57,629 INFO o.a.j.t.JMeterThread: Thread started: POST arrivals 1-315
2026-10-07 10:20:58,057 INFO o.a.j.t.JMeterThread: Thread started: POST arrivals 1-316
2026-10-07 10:20:58,792 INFO o.a.j.t.JMeterThread: Thread started: POST arrivals 1-317
2026-10-07 10:20:58,919 INFO o.a.j.t.JMeterThread: Thread is done: POST arrivals 1-309
2026-10-07 10:20:58,919 INFO o.a.j.t.JMeterThread: Thread finished: POST arrivals 1-309
2026-10-07 10:20:59,533 INFO o.a.j.t.JMeterThread: Thread started: POST arrivals 1-318
2026-10-07 10:20:59,656 INFO o.a.j.t.JMeterThread: Thread started: POST arrivals 1-319
2026-10-07 10:21:00,600 INFO o.a.j.r.Summariser: summary +     18 in 00:00:30 =    0.6/s Avg: 12886 Min:  7414 Max: 16215 Err:     0 (0.00%) Active: 10 Started: 395 Finished: 385
2026-10-07 10:21:00,602 INFO o.a.j.r.Summariser: summary =    386 in 00:22:05 =    0.3/s Avg:  3368 Min:    18 Max: 16215 Err:     0 (0.00%)
2026-10-07 10:21:00,602 INFO o.a.j.t.JMeterThread: Thread is done: POST arrivals 1-310
2026-10-07 10:21:00,602 INFO o.a.j.t.JMeterThread: Thread finished: POST arrivals 1-310
2026-10-07 10:21:01,324 INFO o.a.j.t.JMeterThread: Thread started: POST arrivals 1-320
2026-10-07 10:21:01,922 INFO o.a.j.t.JMeterThread: Thread is done: POST arrivals 1-311
2026-10-07 10:21:01,927 INFO o.a.j.t.JMeterThread: Thread finished: POST arrivals 1-311
2026-10-07 10:21:02,325 INFO o.a.j.t.JMeterThread: Thread started: POST arrivals 1-321
2026-10-07 10:21:02,705 INFO o.a.j.t.JMeterThread: Thread is done: POST arrivals 1-312
2026-10-07 10:21:02,705 INFO o.a.j.t.JMeterThread: Thread finished: POST arrivals 1-312
2026-10-07 10:21:03,549 INFO o.a.j.t.JMeterThread: Thread started: POST arrivals 1-322
2026-10-07 10:21:04,138 INFO o.a.j.t.JMeterThread: Thread started: POST arrivals 1-323
2026-10-07 10:21:04,286 INFO o.a.j.t.JMeterThread: Thread started: POST arrivals 1-324
2026-10-07 10:21:05,809 INFO o.a.j.t.JMeterThread: Thread is done: POST arrivals 1-313
2026-10-07 10:21:05,809 INFO o.a.j.t.JMeterThread: Thread finished: POST arrivals 1-313
2026-10-07 10:21:05,992 INFO o.a.j.t.JMeterThread: Thread started: Search arrivals 2-63
2026-10-07 10:21:07,023 INFO o.a.j.t.JMeterThread: Thread is done: POST arrivals 1-314
2026-10-07 10:21:07,023 INFO o.a.j.t.JMeterThread: Thread finished: POST arrivals 1-314
2026-10-07 10:21:10,050 INFO o.a.j.t.JMeterThread: Thread is done: POST arrivals 1-315
2026-10-07 10:21:10,050 INFO o.a.j.t.JMeterThread: Thread finished: POST arrivals 1-315
2026-10-07 10:21:11,475 INFO o.a.j.t.JMeterThread: Thread started: Search arrivals 2-64
2026-10-07 10:21:11,624 INFO o.a.j.t.JMeterThread: Thread is done: POST arrivals 1-316
2026-10-07 10:21:11,624 INFO o.a.j.t.JMeterThread: Thread finished: POST arrivals 1-316
2026-10-07 10:21:12,722 INFO o.a.j.t.JMeterThread: Thread is done: POST arrivals 1-317
2026-10-07 10:21:12,722 INFO o.a.j.t.JMeterThread: Thread finished: POST arrivals 1-317
2026-10-07 10:21:13,597 INFO o.a.j.t.JMeterThread: Thread is done: POST arrivals 1-318
2026-10-07 10:21:13,598 INFO o.a.j.t.JMeterThread: Thread finished: POST arrivals 1-318
2026-10-07 10:21:14,082 INFO o.a.j.t.JMeterThread: Thread started: POST arrivals 1-325
2026-10-07 10:21:14,479 INFO o.a.j.t.JMeterThread: Thread started: POST arrivals 1-326
2026-10-07 10:21:14,741 INFO o.a.j.t.JMeterThread: Thread is done: POST arrivals 1-319
2026-10-07 10:21:14,741 INFO o.a.j.t.JMeterThread: Thread finished: POST arrivals 1-319
2026-10-07 10:21:15,951 INFO o.a.j.t.JMeterThread: Thread is done: POST arrivals 1-320
2026-10-07 10:21:15,951 INFO o.a.j.t.JMeterThread: Thread finished: POST arrivals 1-320
2026-10-07 10:21:16,770 INFO o.a.j.t.JMeterThread: Thread is done: POST arrivals 1-321
2026-10-07 10:21:16,770 INFO o.a.j.t.JMeterThread: Thread finished: POST arrivals 1-321
2026-10-07 10:21:17,184 INFO o.a.j.t.JMeterThread: Thread started: POST arrivals 1-327
2026-10-07 10:21:17,707 INFO o.a.j.t.JMeterThread: Thread started: POST arrivals 1-328
2026-10-07 10:21:18,512 INFO o.a.j.t.JMeterThread: Thread is done: POST arrivals 1-322
2026-10-07 10:21:18,512 INFO o.a.j.t.JMeterThread: Thread finished: POST arrivals 1-322
2026-10-07 10:21:19,126 INFO o.a.j.t.JMeterThread: Thread is done: POST arrivals 1-323
2026-10-07 10:21:19,126 INFO o.a.j.t.JMeterThread: Thread finished: POST arrivals 1-323
2026-10-07 10:21:19,722 INFO o.a.j.t.JMeterThread: Thread started: POST arrivals 1-329
2026-10-07 10:21:19,796 INFO o.a.j.t.JMeterThread: Thread is done: POST arrivals 1-324
2026-10-07 10:21:19,796 INFO o.a.j.t.JMeterThread: Thread finished: POST arrivals 1-324
2026-10-07 10:21:19,859 INFO o.a.j.t.JMeterThread: Thread is done: Search arrivals 2-63
2026-10-07 10:21:19,859 INFO o.a.j.t.JMeterThread: Thread finished: Search arrivals 2-63
2026-10-07 10:21:19,863 INFO o.a.j.t.JMeterThread: Thread is done: Search arrivals 2-64
2026-10-07 10:21:19,863 INFO o.a.j.t.JMeterThread: Thread finished: Search arrivals 2-64
2026-10-07 10:21:21,256 INFO o.a.j.t.JMeterThread: Thread is done: POST arrivals 1-325
2026-10-07 10:21:21,256 INFO o.a.j.t.JMeterThread: Thread finished: POST arrivals 1-325
2026-10-07 10:21:22,403 INFO o.a.j.t.JMeterThread: Thread is done: POST arrivals 1-326
2026-10-07 10:21:22,403 INFO o.a.j.t.JMeterThread: Thread finished: POST arrivals 1-326
2026-10-07 10:21:22,482 INFO o.a.j.t.JMeterThread: Thread started: POST arrivals 1-330
2026-10-07 10:21:22,496 INFO o.a.j.t.JMeterThread: Thread started: POST arrivals 1-331
2026-10-07 10:21:22,705 INFO o.a.j.t.JMeterThread: Thread started: POST arrivals 1-332
2026-10-07 10:21:22,898 INFO o.a.j.t.JMeterThread: Thread started: POST arrivals 1-333
2026-10-07 10:21:23,312 INFO o.a.j.t.JMeterThread: Thread started: POST arrivals 1-334
2026-10-07 10:21:24,655 INFO o.a.j.t.JMeterThread: Thread is done: POST arrivals 1-327
2026-10-07 10:21:24,655 INFO o.a.j.t.JMeterThread: Thread finished: POST arrivals 1-327
2026-10-07 10:21:26,090 INFO o.a.j.t.JMeterThread: Thread is done: POST arrivals 1-328
2026-10-07 10:21:26,091 INFO o.a.j.t.JMeterThread: Thread finished: POST arrivals 1-328
2026-10-07 10:21:26,568 INFO o.a.j.t.JMeterThread: Thread started: POST arrivals 1-335
2026-10-07 10:21:28,197 INFO o.a.j.t.JMeterThread: Thread started: POST arrivals 1-336
2026-10-07 10:21:28,237 INFO o.a.j.t.JMeterThread: Thread started: Search arrivals 2-65
2026-10-07 10:21:29,060 INFO o.a.j.t.JMeterThread: Thread is done: POST arrivals 1-329
2026-10-07 10:21:29,060 INFO o.a.j.t.JMeterThread: Thread finished: POST arrivals 1-329
2026-10-07 10:21:29,283 INFO o.a.j.t.JMeterThread: Thread started: POST arrivals 1-337
2026-10-07 10:21:30,493 INFO o.a.j.r.Summariser: summary +     22 in 00:00:30 =    0.7/s Avg: 11550 Min:  7170 Max: 15506 Err:     0 (0.00%) Active: 9 Started: 416 Finished: 407
2026-10-07 10:21:30,497 INFO o.a.j.r.Summariser: summary =    408 in 00:22:35 =    0.3/s Avg:  3809 Min:    18 Max: 16215 Err:     0 (0.00%)
2026-10-07 10:21:30,498 INFO o.a.j.t.JMeterThread: Thread is done: POST arrivals 1-330
2026-10-07 10:21:30,498 INFO o.a.j.t.JMeterThread: Thread finished: POST arrivals 1-330
2026-10-07 10:21:32,950 INFO o.a.j.t.JMeterThread: Thread is done: POST arrivals 1-331
2026-10-07 10:21:32,950 INFO o.a.j.t.JMeterThread: Thread finished: POST arrivals 1-331
2026-10-07 10:21:33,328 INFO o.a.j.t.JMeterThread: Thread started: Stats arrivals 3-15
2026-10-07 10:21:36,842 INFO o.a.j.t.JMeterThread: Thread is done: POST arrivals 1-332
2026-10-07 10:21:36,842 INFO o.a.j.t.JMeterThread: Thread finished: POST arrivals 1-332
2026-10-07 10:21:38,682 INFO o.a.j.t.JMeterThread: Thread is done: POST arrivals 1-333
2026-10-07 10:21:38,682 INFO o.a.j.t.JMeterThread: Thread finished: POST arrivals 1-333
2026-10-07 10:21:40,427 INFO o.a.j.t.JMeterThread: Thread is done: POST arrivals 1-334
2026-10-07 10:21:40,427 INFO o.a.j.t.JMeterThread: Thread finished: POST arrivals 1-334
2026-10-07 10:21:40,614 INFO o.a.j.t.JMeterThread: Thread started: Search arrivals 2-66
2026-10-07 10:21:41,553 INFO o.a.j.t.JMeterThread: Thread is done: POST arrivals 1-335
2026-10-07 10:21:41,567 INFO o.a.j.t.JMeterThread: Thread finished: POST arrivals 1-335
2026-10-07 10:21:42,398 INFO o.a.j.t.JMeterThread: Thread started: Search arrivals 2-67
2026-10-07 10:21:42,785 INFO o.a.j.t.JMeterThread: Thread is done: POST arrivals 1-336
2026-10-07 10:21:42,786 INFO o.a.j.t.JMeterThread: Thread finished: POST arrivals 1-336
2026-10-07 10:21:42,804 INFO o.a.j.t.JMeterThread: Thread started: POST arrivals 1-338
2026-10-07 10:21:42,807 INFO o.a.j.t.JMeterThread: Thread is done: Search arrivals 2-65
2026-10-07 10:21:42,807 INFO o.a.j.t.JMeterThread: Thread finished: Search arrivals 2-65
2026-10-07 10:21:43,374 INFO o.a.j.t.JMeterThread: Thread started: POST arrivals 1-339
2026-10-07 10:21:46,772 INFO o.a.j.t.JMeterThread: Thread is done: Stats arrivals 3-15
2026-10-07 10:21:46,772 INFO o.a.j.t.JMeterThread: Thread finished: Stats arrivals 3-15
2026-10-07 10:21:46,773 INFO o.a.j.t.JMeterThread: Thread is done: POST arrivals 1-337
2026-10-07 10:21:46,773 INFO o.a.j.t.JMeterThread: Thread finished: POST arrivals 1-337
2026-10-07 10:21:46,806 INFO o.a.j.t.JMeterThread: Thread is done: Search arrivals 2-66
2026-10-07 10:21:46,806 INFO o.a.j.t.JMeterThread: Thread finished: Search arrivals 2-66
2026-10-07 10:21:46,839 INFO o.a.j.t.JMeterThread: Thread is done: Search arrivals 2-67
2026-10-07 10:21:46,839 INFO o.a.j.t.JMeterThread: Thread finished: Search arrivals 2-67
2026-10-07 10:21:48,210 INFO o.a.j.t.JMeterThread: Thread is done: POST arrivals 1-338
2026-10-07 10:21:48,210 INFO o.a.j.t.JMeterThread: Thread finished: POST arrivals 1-338
2026-10-07 10:21:51,480 INFO o.a.j.t.JMeterThread: Thread is done: POST arrivals 1-339
2026-10-07 10:21:51,480 INFO o.a.j.t.JMeterThread: Thread finished: POST arrivals 1-339
2026-10-07 10:21:52,343 INFO o.a.j.t.JMeterThread: Thread started: POST arrivals 1-340
2026-10-07 10:21:53,329 INFO o.a.j.t.JMeterThread: Thread is done: POST arrivals 1-340
2026-10-07 10:21:53,329 INFO o.a.j.t.JMeterThread: Thread finished: POST arrivals 1-340
2026-10-07 10:21:54,479 INFO o.a.j.t.JMeterThread: Thread started: Search arrivals 2-68
2026-10-07 10:21:54,539 INFO o.a.j.t.JMeterThread: Thread is done: Search arrivals 2-68
2026-10-07 10:21:54,539 INFO o.a.j.t.JMeterThread: Thread finished: Search arrivals 2-68
2026-10-07 10:21:57,532 INFO o.a.j.t.JMeterThread: Thread started: Stats arrivals 3-16
2026-10-07 10:21:57,567 INFO o.a.j.t.JMeterThread: Thread is done: Stats arrivals 3-16
2026-10-07 10:21:57,567 INFO o.a.j.t.JMeterThread: Thread finished: Stats arrivals 3-16
2026-10-07 10:22:00,240 INFO o.a.j.t.JMeterThread: Thread started: POST arrivals 1-341
2026-10-07 10:22:00,442 INFO o.a.j.t.JMeterThread: Thread started: Search arrivals 2-69
2026-10-07 10:22:01,409 INFO o.a.j.t.JMeterThread: Thread started: Search arrivals 2-70
2026-10-07 10:22:01,958 INFO o.a.j.t.JMeterThread: Thread started: Search arrivals 2-71
2026-10-07 10:22:02,711 INFO o.a.j.t.JMeterThread: Thread started: POST arrivals 1-342
2026-10-07 10:22:02,930 INFO o.a.j.t.JMeterThread: Thread started: POST arrivals 1-343
2026-10-07 10:22:03,882 INFO o.a.j.r.Summariser: summary +     17 in 00:00:33 =    0.5/s Avg:  9492 Min:    33 Max: 17487 Err:     0 (0.00%) Active: 6 Started: 430 Finished: 424
2026-10-07 10:22:03,884 INFO o.a.j.r.Summariser: summary =    425 in 00:23:09 =    0.3/s Avg:  4037 Min:    18 Max: 17487 Err:     0 (0.00%)
2026-10-07 10:22:03,884 INFO o.a.j.t.JMeterThread: Thread is done: POST arrivals 1-341
2026-10-07 10:22:03,884 INFO o.a.j.t.JMeterThread: Thread finished: POST arrivals 1-341
2026-10-07 10:22:03,926 INFO o.a.j.t.JMeterThread: Thread is done: Search arrivals 2-69
2026-10-07 10:22:03,926 INFO o.a.j.t.JMeterThread: Thread finished: Search arrivals 2-69
2026-10-07 10:22:03,950 INFO o.a.j.t.JMeterThread: Thread is done: Search arrivals 2-70
2026-10-07 10:22:03,950 INFO o.a.j.t.JMeterThread: Thread finished: Search arrivals 2-70
2026-10-07 10:22:03,984 INFO o.a.j.t.JMeterThread: Thread is done: Search arrivals 2-71
2026-10-07 10:22:03,984 INFO o.a.j.t.JMeterThread: Thread finished: Search arrivals 2-71
2026-10-07 10:22:05,004 INFO o.a.j.t.JMeterThread: Thread is done: POST arrivals 1-342
2026-10-07 10:22:05,004 INFO o.a.j.t.JMeterThread: Thread finished: POST arrivals 1-342
2026-10-07 10:22:05,422 INFO o.a.j.t.JMeterThread: Thread started: POST arrivals 1-344
2026-10-07 10:22:07,358 INFO o.a.j.t.JMeterThread: Thread is done: POST arrivals 1-343
2026-10-07 10:22:07,359 INFO o.a.j.t.JMeterThread: Thread finished: POST arrivals 1-343
2026-10-07 10:22:07,712 INFO o.a.j.t.JMeterThread: Thread started: Search arrivals 2-72
2026-10-07 10:22:08,993 INFO o.a.j.t.JMeterThread: Thread started: POST arrivals 1-345
2026-10-07 10:22:09,122 INFO o.a.j.t.JMeterThread: Thread started: POST arrivals 1-346
2026-10-07 10:22:09,388 INFO o.a.j.t.JMeterThread: Thread started: POST arrivals 1-347
2026-10-07 10:22:09,715 INFO o.a.j.t.JMeterThread: Thread is done: POST arrivals 1-344
2026-10-07 10:22:09,715 INFO o.a.j.t.JMeterThread: Thread finished: POST arrivals 1-344
2026-10-07 10:22:09,726 INFO o.a.j.t.JMeterThread: Thread is done: Search arrivals 2-72
2026-10-07 10:22:09,726 INFO o.a.j.t.JMeterThread: Thread finished: Search arrivals 2-72
2026-10-07 10:22:11,443 INFO o.a.j.t.JMeterThread: Thread is done: POST arrivals 1-345
2026-10-07 10:22:11,444 INFO o.a.j.t.JMeterThread: Thread finished: POST arrivals 1-345
2026-10-07 10:22:12,701 INFO o.a.j.t.JMeterThread: Thread started: POST arrivals 1-348
2026-10-07 10:22:12,992 INFO o.a.j.t.JMeterThread: Thread is done: POST arrivals 1-346
2026-10-07 10:22:12,992 INFO o.a.j.t.JMeterThread: Thread finished: POST arrivals 1-346
2026-10-07 10:22:13,138 INFO o.a.j.t.JMeterThread: Thread started: Search arrivals 2-73
2026-10-07 10:22:13,866 INFO o.a.j.t.JMeterThread: Thread started: POST arrivals 1-349
2026-10-07 10:22:16,558 INFO o.a.j.t.JMeterThread: Thread is done: POST arrivals 1-347
2026-10-07 10:22:16,558 INFO o.a.j.t.JMeterThread: Thread finished: POST arrivals 1-347
2026-10-07 10:22:18,222 INFO o.a.j.t.JMeterThread: Thread started: POST arrivals 1-350
2026-10-07 10:22:19,035 INFO o.a.j.t.JMeterThread: Thread is done: POST arrivals 1-348
2026-10-07 10:22:19,035 INFO o.a.j.t.JMeterThread: Thread finished: POST arrivals 1-348
2026-10-07 10:22:19,055 INFO o.a.j.t.JMeterThread: Thread is done: Search arrivals 2-73
2026-10-07 10:22:19,055 INFO o.a.j.t.JMeterThread: Thread finished: Search arrivals 2-73
2026-10-07 10:22:21,171 INFO o.a.j.t.JMeterThread: Thread started: POST arrivals 1-351
2026-10-07 10:22:22,312 INFO o.a.j.t.JMeterThread: Thread is done: POST arrivals 1-349
2026-10-07 10:22:22,312 INFO o.a.j.t.JMeterThread: Thread finished: POST arrivals 1-349
2026-10-07 10:22:23,333 INFO o.a.j.t.JMeterThread: Thread is done: POST arrivals 1-350
2026-10-07 10:22:23,333 INFO o.a.j.t.JMeterThread: Thread finished: POST arrivals 1-350
2026-10-07 10:22:24,358 INFO o.a.j.t.JMeterThread: Thread is done: POST arrivals 1-351
2026-10-07 10:22:24,358 INFO o.a.j.t.JMeterThread: Thread finished: POST arrivals 1-351
2026-10-07 10:22:24,929 INFO o.a.j.t.JMeterThread: Thread started: POST arrivals 1-352
2026-10-07 10:22:27,330 INFO o.a.j.t.JMeterThread: Thread is done: POST arrivals 1-352
2026-10-07 10:22:27,330 INFO o.a.j.t.JMeterThread: Thread finished: POST arrivals 1-352
2026-10-07 10:22:27,882 INFO o.a.j.t.JMeterThread: Thread started: Search arrivals 2-74
2026-10-07 10:22:27,943 INFO o.a.j.t.JMeterThread: Thread is done: Search arrivals 2-74
2026-10-07 10:22:27,955 INFO o.a.j.t.JMeterThread: Thread finished: Search arrivals 2-74
2026-10-07 10:22:28,556 INFO o.a.j.t.JMeterThread: Thread started: Search arrivals 2-75
2026-10-07 10:22:28,608 INFO o.a.j.t.JMeterThread: Thread is done: Search arrivals 2-75
2026-10-07 10:22:28,608 INFO o.a.j.t.JMeterThread: Thread finished: Search arrivals 2-75
2026-10-07 10:22:28,613 INFO o.a.j.t.JMeterThread: Thread started: POST arrivals 1-353
2026-10-07 10:22:30,875 INFO o.a.j.t.JMeterThread: Thread started: Search arrivals 2-76
2026-10-07 10:22:31,232 INFO o.a.j.r.Summariser: summary +     19 in 00:00:27 =    0.7/s Avg:  3611 Min:    51 Max:  8442 Err:     0 (0.00%) Active: 2 Started: 445 Finished: 443
2026-10-07 10:22:31,234 INFO o.a.j.r.Summariser: summary =    444 in 00:23:36 =    0.3/s Avg:  4018 Min:    18 Max: 17487 Err:     0 (0.00%)
2026-10-07 10:22:31,235 INFO o.a.j.t.JMeterThread: Thread is done: POST arrivals 1-353
2026-10-07 10:22:31,235 INFO o.a.j.t.JMeterThread: Thread finished: POST arrivals 1-353
2026-10-07 10:22:31,241 INFO o.a.j.t.JMeterThread: Thread is done: Search arrivals 2-76
2026-10-07 10:22:31,241 INFO o.a.j.t.JMeterThread: Thread finished: Search arrivals 2-76
2026-10-07 10:22:34,183 INFO o.a.j.t.JMeterThread: Thread started: POST arrivals 1-354
2026-10-07 10:22:35,085 INFO o.a.j.t.JMeterThread: Thread started: POST arrivals 1-355
2026-10-07 10:22:35,769 INFO o.a.j.t.JMeterThread: Thread started: POST arrivals 1-356
2026-10-07 10:22:35,854 INFO o.a.j.t.JMeterThread: Thread is done: POST arrivals 1-354
2026-10-07 10:22:35,854 INFO o.a.j.t.JMeterThread: Thread finished: POST arrivals 1-354
2026-10-07 10:22:39,709 INFO o.a.j.t.JMeterThread: Thread is done: POST arrivals 1-355
2026-10-07 10:22:39,709 INFO o.a.j.t.JMeterThread: Thread finished: POST arrivals 1-355
2026-10-07 10:22:40,488 INFO o.a.j.t.JMeterThread: Thread started: POST arrivals 1-357
2026-10-07 10:22:40,743 INFO o.a.j.t.JMeterThread: Thread is done: POST arrivals 1-356
2026-10-07 10:22:40,744 INFO o.a.j.t.JMeterThread: Thread finished: POST arrivals 1-356
2026-10-07 10:22:41,762 INFO o.a.j.t.JMeterThread: Thread started: POST arrivals 1-358
2026-10-07 10:22:42,186 INFO o.a.j.t.JMeterThread: Thread started: POST arrivals 1-359
2026-10-07 10:22:42,588 INFO o.a.j.t.JMeterThread: Thread is done: POST arrivals 1-357
2026-10-07 10:22:42,589 INFO o.a.j.t.JMeterThread: Thread finished: POST arrivals 1-357
2026-10-07 10:22:43,958 INFO o.a.j.t.JMeterThread: Thread is done: POST arrivals 1-358
2026-10-07 10:22:43,958 INFO o.a.j.t.JMeterThread: Thread finished: POST arrivals 1-358
2026-10-07 10:22:45,045 INFO o.a.j.t.JMeterThread: Thread is done: POST arrivals 1-359
2026-10-07 10:22:45,045 INFO o.a.j.t.JMeterThread: Thread finished: POST arrivals 1-359
2026-10-07 10:22:45,225 INFO o.a.j.t.JMeterThread: Thread started: POST arrivals 1-360
2026-10-07 10:22:46,391 INFO o.a.j.t.JMeterThread: Thread started: POST arrivals 1-361
2026-10-07 10:22:48,054 INFO o.a.j.t.JMeterThread: Thread is done: POST arrivals 1-360
2026-10-07 10:22:48,054 INFO o.a.j.t.JMeterThread: Thread finished: POST arrivals 1-360
2026-10-07 10:22:48,795 INFO o.a.j.t.JMeterThread: Thread started: POST arrivals 1-362
2026-10-07 10:22:48,806 INFO o.a.j.t.JMeterThread: Thread is done: POST arrivals 1-361
2026-10-07 10:22:48,806 INFO o.a.j.t.JMeterThread: Thread finished: POST arrivals 1-361
2026-10-07 10:22:50,679 INFO o.a.j.t.JMeterThread: Thread is done: POST arrivals 1-362
2026-10-07 10:22:50,680 INFO o.a.j.t.JMeterThread: Thread finished: POST arrivals 1-362
2026-10-07 10:22:51,374 INFO o.a.j.t.JMeterThread: Thread started: POST arrivals 1-363
2026-10-07 10:22:51,995 INFO o.a.j.t.JMeterThread: Thread started: Search arrivals 2-77
2026-10-07 10:22:52,420 INFO o.a.j.t.JMeterThread: Thread is done: POST arrivals 1-363
2026-10-07 10:22:52,420 INFO o.a.j.t.JMeterThread: Thread finished: POST arrivals 1-363
2026-10-07 10:22:52,430 INFO o.a.j.t.JMeterThread: Thread is done: Search arrivals 2-77
2026-10-07 10:22:52,430 INFO o.a.j.t.JMeterThread: Thread finished: Search arrivals 2-77
2026-10-07 10:22:52,479 INFO o.a.j.t.JMeterThread: Thread started: Search arrivals 2-78
2026-10-07 10:22:52,525 INFO o.a.j.t.JMeterThread: Thread is done: Search arrivals 2-78
2026-10-07 10:22:52,525 INFO o.a.j.t.JMeterThread: Thread finished: Search arrivals 2-78
2026-10-07 10:22:54,507 INFO o.a.j.t.JMeterThread: Thread started: POST arrivals 1-364
2026-10-07 10:22:55,697 INFO o.a.j.t.JMeterThread: Thread is done: POST arrivals 1-364
2026-10-07 10:22:55,697 INFO o.a.j.t.JMeterThread: Thread finished: POST arrivals 1-364
2026-10-07 10:22:57,606 INFO o.a.j.t.JMeterThread: Thread started: POST arrivals 1-365
2026-10-07 10:22:58,871 INFO o.a.j.t.JMeterThread: Thread started: POST arrivals 1-366
2026-10-07 10:23:00,103 INFO o.a.j.t.JMeterThread: Thread started: POST arrivals 1-367
2026-10-07 10:23:00,978 INFO o.a.j.r.Summariser: summary +     15 in 00:00:30 =    0.5/s Avg:  2130 Min:    38 Max:  4972 Err:     0 (0.00%) Active: 3 Started: 461 Finished: 458
2026-10-07 10:23:00,981 INFO o.a.j.r.Summariser: summary =    459 in 00:24:06 =    0.3/s Avg:  3957 Min:    18 Max: 17487 Err:     0 (0.00%)
2026-10-07 10:23:00,982 INFO o.a.j.t.JMeterThread: Thread is done: POST arrivals 1-365
2026-10-07 10:23:00,982 INFO o.a.j.t.JMeterThread: Thread finished: POST arrivals 1-365
2026-10-07 10:23:04,286 INFO o.a.j.t.JMeterThread: Thread is done: POST arrivals 1-366
2026-10-07 10:23:04,286 INFO o.a.j.t.JMeterThread: Thread finished: POST arrivals 1-366
2026-10-07 10:23:06,770 INFO o.a.j.t.JMeterThread: Thread started: POST arrivals 1-368
2026-10-07 10:23:07,029 INFO o.a.j.t.JMeterThread: Thread is done: POST arrivals 1-367
2026-10-07 10:23:07,029 INFO o.a.j.t.JMeterThread: Thread finished: POST arrivals 1-367
2026-10-07 10:23:07,838 INFO o.a.j.t.JMeterThread: Thread started: POST arrivals 1-369
2026-10-07 10:23:08,304 INFO o.a.j.t.JMeterThread: Thread started: POST arrivals 1-370
2026-10-07 10:23:08,908 INFO o.a.j.t.JMeterThread: Thread is done: POST arrivals 1-368
2026-10-07 10:23:08,909 INFO o.a.j.t.JMeterThread: Thread finished: POST arrivals 1-368
2026-10-07 10:23:10,954 INFO o.a.j.t.JMeterThread: Thread is done: POST arrivals 1-369
2026-10-07 10:23:10,954 INFO o.a.j.t.JMeterThread: Thread finished: POST arrivals 1-369
2026-10-07 10:23:13,085 INFO o.a.j.t.JMeterThread: Thread started: POST arrivals 1-371
2026-10-07 10:23:13,617 INFO o.a.j.t.JMeterThread: Thread is done: POST arrivals 1-370
2026-10-07 10:23:13,617 INFO o.a.j.t.JMeterThread: Thread finished: POST arrivals 1-370
2026-10-07 10:23:15,156 INFO o.a.j.t.JMeterThread: Thread is done: POST arrivals 1-371
2026-10-07 10:23:15,156 INFO o.a.j.t.JMeterThread: Thread finished: POST arrivals 1-371
2026-10-07 10:23:15,990 INFO o.a.j.t.JMeterThread: Thread started: Search arrivals 2-79
2026-10-07 10:23:16,040 INFO o.a.j.t.JMeterThread: Thread is done: Search arrivals 2-79
2026-10-07 10:23:16,041 INFO o.a.j.t.JMeterThread: Thread finished: Search arrivals 2-79
2026-10-07 10:23:16,761 INFO o.a.j.t.JMeterThread: Thread started: Search arrivals 2-80
2026-10-07 10:23:16,815 INFO o.a.j.t.JMeterThread: Thread is done: Search arrivals 2-80
2026-10-07 10:23:16,815 INFO o.a.j.t.JMeterThread: Thread finished: Search arrivals 2-80
2026-10-07 10:23:19,748 INFO o.a.j.t.JMeterThread: Thread started: POST arrivals 1-372
2026-10-07 10:23:19,876 INFO o.a.j.t.JMeterThread: Thread started: Search arrivals 2-81
2026-10-07 10:23:21,228 INFO o.a.j.t.JMeterThread: Thread started: POST arrivals 1-373
2026-10-07 10:23:21,554 INFO o.a.j.t.JMeterThread: Thread started: Search arrivals 2-82
2026-10-07 10:23:22,389 INFO o.a.j.t.JMeterThread: Thread started: POST arrivals 1-374
2026-10-07 10:23:22,444 INFO o.a.j.t.JMeterThread: Thread started: Stats arrivals 3-17
2026-10-07 10:23:22,939 INFO o.a.j.t.JMeterThread: Thread is done: POST arrivals 1-372
2026-10-07 10:23:22,939 INFO o.a.j.t.JMeterThread: Thread finished: POST arrivals 1-372
2026-10-07 10:23:22,959 INFO o.a.j.t.JMeterThread: Thread is done: Search arrivals 2-81
2026-10-07 10:23:22,959 INFO o.a.j.t.JMeterThread: Thread finished: Search arrivals 2-81
2026-10-07 10:23:23,220 INFO o.a.j.t.JMeterThread: Thread started: POST arrivals 1-375
2026-10-07 10:23:24,064 INFO o.a.j.t.JMeterThread: Thread is done: POST arrivals 1-373
2026-10-07 10:23:24,065 INFO o.a.j.t.JMeterThread: Thread finished: POST arrivals 1-373
2026-10-07 10:23:24,078 INFO o.a.j.t.JMeterThread: Thread is done: Search arrivals 2-82
2026-10-07 10:23:24,078 INFO o.a.j.t.JMeterThread: Thread finished: Search arrivals 2-82
2026-10-07 10:23:24,993 INFO o.a.j.t.JMeterThread: Thread started: POST arrivals 1-376
2026-10-07 10:23:25,497 INFO o.a.j.t.JMeterThread: Thread is done: POST arrivals 1-374
2026-10-07 10:23:25,498 INFO o.a.j.t.JMeterThread: Thread finished: POST arrivals 1-374
2026-10-07 10:23:25,499 INFO o.a.j.t.JMeterThread: Thread is done: Stats arrivals 3-17
2026-10-07 10:23:25,499 INFO o.a.j.t.JMeterThread: Thread finished: Stats arrivals 3-17
2026-10-07 10:23:26,286 INFO o.a.j.t.JMeterThread: Thread started: POST arrivals 1-377
2026-10-07 10:23:26,707 INFO o.a.j.t.JMeterThread: Thread started: Search arrivals 2-83
2026-10-07 10:23:26,715 INFO o.a.j.t.JMeterThread: Thread is done: POST arrivals 1-375
2026-10-07 10:23:26,715 INFO o.a.j.t.JMeterThread: Thread finished: POST arrivals 1-375
2026-10-07 10:23:27,757 INFO o.a.j.t.JMeterThread: Thread started: POST arrivals 1-378
2026-10-07 10:23:29,390 INFO o.a.j.t.JMeterThread: Thread is done: POST arrivals 1-376
2026-10-07 10:23:29,391 INFO o.a.j.t.JMeterThread: Thread finished: POST arrivals 1-376
2026-10-07 10:23:30,622 INFO o.a.j.r.Summariser: summary +     17 in 00:00:30 =    0.6/s Avg:  3238 Min:    47 Max:  6922 Err:     0 (0.00%) Active: 3 Started: 478 Finished: 475
2026-10-07 10:23:30,627 INFO o.a.j.t.JMeterThread: Thread is done: Search arrivals 2-83
2026-10-07 10:23:30,627 INFO o.a.j.t.JMeterThread: Thread finished: Search arrivals 2-83
2026-10-07 10:23:30,628 INFO o.a.j.r.Summariser: summary =    476 in 00:24:35 =    0.3/s Avg:  3931 Min:    18 Max: 17487 Err:     0 (0.00%)
2026-10-07 10:23:30,628 INFO o.a.j.t.JMeterThread: Thread is done: POST arrivals 1-377
2026-10-07 10:23:30,628 INFO o.a.j.t.JMeterThread: Thread finished: POST arrivals 1-377
2026-10-07 10:23:31,226 INFO o.a.j.t.JMeterThread: Thread started: POST arrivals 1-379
2026-10-07 10:23:31,377 INFO o.a.j.t.JMeterThread: Thread is done: POST arrivals 1-378
2026-10-07 10:23:31,377 INFO o.a.j.t.JMeterThread: Thread finished: POST arrivals 1-378
2026-10-07 10:23:32,092 INFO o.a.j.t.JMeterThread: Thread started: POST arrivals 1-380
2026-10-07 10:23:33,228 INFO o.a.j.t.JMeterThread: Thread started: POST arrivals 1-381
2026-10-07 10:23:33,482 INFO o.a.j.t.JMeterThread: Thread is done: POST arrivals 1-379
2026-10-07 10:23:33,482 INFO o.a.j.t.JMeterThread: Thread finished: POST arrivals 1-379
2026-10-07 10:23:36,663 INFO o.a.j.t.JMeterThread: Thread is done: POST arrivals 1-380
2026-10-07 10:23:36,663 INFO o.a.j.t.JMeterThread: Thread finished: POST arrivals 1-380
2026-10-07 10:23:37,335 INFO o.a.j.t.JMeterThread: Thread started: POST arrivals 1-382
2026-10-07 10:23:38,421 INFO o.a.j.t.JMeterThread: Thread is done: POST arrivals 1-381
2026-10-07 10:23:38,421 INFO o.a.j.t.JMeterThread: Thread finished: POST arrivals 1-381
2026-10-07 10:23:39,014 INFO o.a.j.t.JMeterThread: Thread started: POST arrivals 1-383
2026-10-07 10:23:39,735 INFO o.a.j.t.JMeterThread: Thread is done: POST arrivals 1-382
2026-10-07 10:23:39,735 INFO o.a.j.t.JMeterThread: Thread finished: POST arrivals 1-382
2026-10-07 10:23:42,069 INFO o.a.j.t.JMeterThread: Thread is done: POST arrivals 1-383
2026-10-07 10:23:42,070 INFO o.a.j.t.JMeterThread: Thread finished: POST arrivals 1-383
2026-10-07 10:23:42,896 INFO o.a.j.t.JMeterThread: Thread started: POST arrivals 1-384
2026-10-07 10:23:43,499 INFO o.a.j.t.JMeterThread: Thread started: POST arrivals 1-385
2026-10-07 10:23:43,783 INFO o.a.j.t.JMeterThread: Thread started: Search arrivals 2-84
2026-10-07 10:23:43,812 INFO o.a.j.t.JMeterThread: Thread is done: POST arrivals 1-384
2026-10-07 10:23:43,812 INFO o.a.j.t.JMeterThread: Thread finished: POST arrivals 1-384
2026-10-07 10:23:47,826 INFO o.a.j.t.JMeterThread: Thread is done: POST arrivals 1-385
2026-10-07 10:23:47,826 INFO o.a.j.t.JMeterThread: Thread finished: POST arrivals 1-385
2026-10-07 10:23:47,838 INFO o.a.j.t.JMeterThread: Thread is done: Search arrivals 2-84
2026-10-07 10:23:47,838 INFO o.a.j.t.JMeterThread: Thread finished: Search arrivals 2-84
2026-10-07 10:23:50,329 INFO o.a.j.t.JMeterThread: Thread started: POST arrivals 1-386
2026-10-07 10:23:50,379 INFO o.a.j.t.JMeterThread: Thread started: POST arrivals 1-387
2026-10-07 10:23:51,985 INFO o.a.j.t.JMeterThread: Thread started: Stats arrivals 3-18
2026-10-07 10:23:52,054 INFO o.a.j.t.JMeterThread: Thread started: POST arrivals 1-388
2026-10-07 10:23:52,064 INFO o.a.j.t.JMeterThread: Thread is done: POST arrivals 1-386
2026-10-07 10:23:52,064 INFO o.a.j.t.JMeterThread: Thread finished: POST arrivals 1-386
2026-10-07 10:23:52,659 INFO o.a.j.t.JMeterThread: Thread started: POST arrivals 1-389
2026-10-07 10:23:54,058 INFO o.a.j.t.JMeterThread: Thread started: POST arrivals 1-390
2026-10-07 10:23:54,459 INFO o.a.j.t.JMeterThread: Thread is done: POST arrivals 1-387
2026-10-07 10:23:54,459 INFO o.a.j.t.JMeterThread: Thread finished: POST arrivals 1-387
2026-10-07 10:23:54,504 INFO o.a.j.t.JMeterThread: Thread is done: Stats arrivals 3-18
2026-10-07 10:23:54,504 INFO o.a.j.t.JMeterThread: Thread finished: Stats arrivals 3-18
2026-10-07 10:23:56,836 INFO o.a.j.t.JMeterThread: Thread is done: POST arrivals 1-388
2026-10-07 10:23:56,836 INFO o.a.j.t.JMeterThread: Thread finished: POST arrivals 1-388
2026-10-07 10:23:58,167 INFO o.a.j.t.JMeterThread: Thread is done: POST arrivals 1-389
2026-10-07 10:23:58,167 INFO o.a.j.t.JMeterThread: Thread finished: POST arrivals 1-389
2026-10-07 10:24:01,546 INFO o.a.j.r.Summariser: summary +     16 in 00:00:31 =    0.5/s Avg:  3766 Min:   907 Max:  7484 Err:     0 (0.00%) Active: 1 Started: 492 Finished: 491
2026-10-07 10:24:01,548 INFO o.a.j.r.Summariser: summary =    492 in 00:25:06 =    0.3/s Avg:  3926 Min:    18 Max: 17487 Err:     0 (0.00%)
2026-10-07 10:24:01,550 INFO o.a.j.t.JMeterThread: Thread is done: POST arrivals 1-390
2026-10-07 10:24:01,550 INFO o.a.j.t.JMeterThread: Thread finished: POST arrivals 1-390
2026-10-07 10:24:04,361 INFO o.a.j.t.JMeterThread: Thread started: POST arrivals 1-391
2026-10-07 10:24:04,494 INFO o.a.j.t.JMeterThread: Thread started: Search arrivals 2-85
2026-10-07 10:24:04,665 INFO o.a.j.t.JMeterThread: Thread started: POST arrivals 1-392
2026-10-07 10:24:04,921 INFO o.a.j.t.JMeterThread: Thread started: POST arrivals 1-393
2026-10-07 10:24:05,026 INFO o.a.j.t.JMeterThread: Thread started: POST arrivals 1-394
2026-10-07 10:24:05,054 INFO o.a.j.t.JMeterThread: Thread started: POST arrivals 1-395
2026-10-07 10:24:05,848 INFO o.a.j.t.JMeterThread: Thread is done: POST arrivals 1-391
2026-10-07 10:24:05,848 INFO o.a.j.t.JMeterThread: Thread finished: POST arrivals 1-391
2026-10-07 10:24:05,859 INFO o.a.j.t.JMeterThread: Thread is done: Search arrivals 2-85
2026-10-07 10:24:05,859 INFO o.a.j.t.JMeterThread: Thread finished: Search arrivals 2-85
2026-10-07 10:24:05,868 INFO o.a.j.t.JMeterThread: Thread started: POST arrivals 1-396
2026-10-07 10:24:06,641 INFO o.a.j.t.JMeterThread: Thread is done: POST arrivals 1-392
2026-10-07 10:24:06,641 INFO o.a.j.t.JMeterThread: Thread finished: POST arrivals 1-392
2026-10-07 10:24:07,970 INFO o.a.j.t.JMeterThread: Thread started: POST arrivals 1-397
2026-10-07 10:24:08,084 INFO o.a.j.t.JMeterThread: Thread is done: POST arrivals 1-393
2026-10-07 10:24:08,084 INFO o.a.j.t.JMeterThread: Thread finished: POST arrivals 1-393
2026-10-07 10:24:10,104 INFO o.a.j.t.JMeterThread: Thread started: POST arrivals 1-398
2026-10-07 10:24:10,967 INFO o.a.j.t.JMeterThread: Thread is done: POST arrivals 1-394
2026-10-07 10:24:10,967 INFO o.a.j.t.JMeterThread: Thread finished: POST arrivals 1-394
2026-10-07 10:24:12,404 INFO o.a.j.t.JMeterThread: Thread started: Search arrivals 2-86
2026-10-07 10:24:13,040 INFO o.a.j.t.JMeterThread: Thread started: POST arrivals 1-399
2026-10-07 10:24:13,312 INFO o.a.j.t.JMeterThread: Thread started: Search arrivals 2-87
2026-10-07 10:24:13,632 INFO o.a.j.t.JMeterThread: Thread is done: POST arrivals 1-395
2026-10-07 10:24:13,632 INFO o.a.j.t.JMeterThread: Thread finished: POST arrivals 1-395
2026-10-07 10:24:14,234 INFO o.a.j.t.JMeterThread: Thread started: POST arrivals 1-400
2026-10-07 10:24:14,816 INFO o.a.j.t.JMeterThread: Thread started: POST arrivals 1-401
2026-10-07 10:24:16,070 INFO o.a.j.t.JMeterThread: Thread started: POST arrivals 1-402
2026-10-07 10:24:16,785 INFO o.a.j.t.JMeterThread: Thread is done: POST arrivals 1-396
2026-10-07 10:24:16,785 INFO o.a.j.t.JMeterThread: Thread finished: POST arrivals 1-396
2026-10-07 10:24:18,342 INFO o.a.j.t.JMeterThread: Thread is done: POST arrivals 1-397
2026-10-07 10:24:18,342 INFO o.a.j.t.JMeterThread: Thread finished: POST arrivals 1-397
2026-10-07 10:24:19,672 INFO o.a.j.t.JMeterThread: Thread is done: POST arrivals 1-398
2026-10-07 10:24:19,672 INFO o.a.j.t.JMeterThread: Thread finished: POST arrivals 1-398
2026-10-07 10:24:19,705 INFO o.a.j.t.JMeterThread: Thread is done: Search arrivals 2-86
2026-10-07 10:24:19,705 INFO o.a.j.t.JMeterThread: Thread finished: Search arrivals 2-86
2026-10-07 10:24:21,005 INFO o.a.j.t.JMeterThread: Thread is done: POST arrivals 1-399
2026-10-07 10:24:21,005 INFO o.a.j.t.JMeterThread: Thread finished: POST arrivals 1-399
2026-10-07 10:24:21,016 INFO o.a.j.t.JMeterThread: Thread is done: Search arrivals 2-87
2026-10-07 10:24:21,016 INFO o.a.j.t.JMeterThread: Thread finished: Search arrivals 2-87
2026-10-07 10:24:22,037 INFO o.a.j.t.JMeterThread: Thread is done: POST arrivals 1-400
2026-10-07 10:24:22,037 INFO o.a.j.t.JMeterThread: Thread finished: POST arrivals 1-400
2026-10-07 10:24:22,526 INFO o.a.j.t.JMeterThread: Thread started: Search arrivals 2-88
2026-10-07 10:24:22,951 INFO o.a.j.t.JMeterThread: Thread is done: POST arrivals 1-401
2026-10-07 10:24:22,951 INFO o.a.j.t.JMeterThread: Thread finished: POST arrivals 1-401
2026-10-07 10:24:23,829 INFO o.a.j.t.JMeterThread: Thread started: POST arrivals 1-403
2026-10-07 10:24:25,488 INFO o.a.j.t.JMeterThread: Thread started: POST arrivals 1-404
2026-10-07 10:24:25,511 INFO o.a.j.t.JMeterThread: Thread is done: POST arrivals 1-402
2026-10-07 10:24:25,512 INFO o.a.j.t.JMeterThread: Thread finished: POST arrivals 1-402
2026-10-07 10:24:25,522 INFO o.a.j.t.JMeterThread: Thread is done: Search arrivals 2-88
2026-10-07 10:24:25,522 INFO o.a.j.t.JMeterThread: Thread finished: Search arrivals 2-88
2026-10-07 10:24:26,872 INFO o.a.j.t.JMeterThread: Thread started: POST arrivals 1-405
2026-10-07 10:24:27,162 INFO o.a.j.t.JMeterThread: Thread is done: POST arrivals 1-403
2026-10-07 10:24:27,162 INFO o.a.j.t.JMeterThread: Thread finished: POST arrivals 1-403
2026-10-07 10:24:28,275 INFO o.a.j.t.JMeterThread: Thread is done: POST arrivals 1-404
2026-10-07 10:24:28,275 INFO o.a.j.t.JMeterThread: Thread finished: POST arrivals 1-404
2026-10-07 10:24:28,480 INFO o.a.j.t.JMeterThread: Thread started: POST arrivals 1-406
2026-10-07 10:24:28,510 INFO o.a.j.t.JMeterThread: Thread started: POST arrivals 1-407
2026-10-07 10:24:29,357 INFO o.a.j.t.JMeterThread: Thread started: POST arrivals 1-408
2026-10-07 10:24:29,607 INFO o.a.j.t.JMeterThread: Thread is done: POST arrivals 1-405
2026-10-07 10:24:29,607 INFO o.a.j.t.JMeterThread: Thread finished: POST arrivals 1-405
2026-10-07 10:24:30,937 INFO o.a.j.r.Summariser: summary +     20 in 00:00:29 =    0.7/s Avg:  5794 Min:  1363 Max: 10914 Err:     0 (0.00%) Active: 3 Started: 514 Finished: 511
2026-10-07 10:24:30,938 INFO o.a.j.r.Summariser: summary =    512 in 00:25:36 =    0.3/s Avg:  3999 Min:    18 Max: 17487 Err:     0 (0.00%)
2026-10-07 10:24:30,941 INFO o.a.j.t.JMeterThread: Thread is done: POST arrivals 1-407
2026-10-07 10:24:30,943 INFO o.a.j.t.JMeterThread: Thread finished: POST arrivals 1-407
2026-10-07 10:24:31,904 INFO o.a.j.t.JMeterThread: Thread started: POST arrivals 1-409
2026-10-07 10:24:31,919 INFO o.a.j.t.JMeterThread: Thread is done: POST arrivals 1-406
2026-10-07 10:24:31,920 INFO o.a.j.t.JMeterThread: Thread finished: POST arrivals 1-406
2026-10-07 10:24:32,151 INFO o.a.j.t.JMeterThread: Thread started: POST arrivals 1-410
2026-10-07 10:24:34,522 INFO o.a.j.t.JMeterThread: Thread is done: POST arrivals 1-408
2026-10-07 10:24:34,522 INFO o.a.j.t.JMeterThread: Thread finished: POST arrivals 1-408
2026-10-07 10:24:35,546 INFO o.a.j.t.JMeterThread: Thread is done: POST arrivals 1-409
2026-10-07 10:24:35,546 INFO o.a.j.t.JMeterThread: Thread finished: POST arrivals 1-409
2026-10-07 10:24:36,396 INFO o.a.j.t.JMeterThread: Thread started: POST arrivals 1-411
2026-10-07 10:24:36,552 INFO o.a.j.t.JMeterThread: Thread is done: POST arrivals 1-410
2026-10-07 10:24:36,554 INFO o.a.j.t.JMeterThread: Thread finished: POST arrivals 1-410
2026-10-07 10:24:36,973 INFO o.a.j.t.JMeterThread: Thread started: POST arrivals 1-412
2026-10-07 10:24:37,304 INFO o.a.j.t.JMeterThread: Thread started: POST arrivals 1-413
2026-10-07 10:24:38,205 INFO o.a.j.t.JMeterThread: Thread is done: POST arrivals 1-411
2026-10-07 10:24:38,206 INFO o.a.j.t.JMeterThread: Thread finished: POST arrivals 1-411
2026-10-07 10:24:38,427 INFO o.a.j.t.JMeterThread: Thread started: POST arrivals 1-414
2026-10-07 10:24:40,846 INFO o.a.j.t.JMeterThread: Thread is done: POST arrivals 1-412
2026-10-07 10:24:40,846 INFO o.a.j.t.JMeterThread: Thread finished: POST arrivals 1-412
2026-10-07 10:24:41,592 INFO o.a.j.t.JMeterThread: Thread started: POST arrivals 1-415
2026-10-07 10:24:42,740 INFO o.a.j.t.JMeterThread: Thread is done: POST arrivals 1-413
2026-10-07 10:24:42,740 INFO o.a.j.t.JMeterThread: Thread finished: POST arrivals 1-413
2026-10-07 10:24:42,770 INFO o.a.j.t.JMeterThread: Thread started: POST arrivals 1-416
2026-10-07 10:24:43,944 INFO o.a.j.t.JMeterThread: Thread is done: POST arrivals 1-414
2026-10-07 10:24:43,944 INFO o.a.j.t.JMeterThread: Thread finished: POST arrivals 1-414
2026-10-07 10:24:44,582 INFO o.a.j.t.JMeterThread: Thread started: POST arrivals 1-417
2026-10-07 10:24:45,478 INFO o.a.j.t.JMeterThread: Thread is done: POST arrivals 1-415
2026-10-07 10:24:45,478 INFO o.a.j.t.JMeterThread: Thread finished: POST arrivals 1-415
2026-10-07 10:24:46,506 INFO o.a.j.t.JMeterThread: Thread is done: POST arrivals 1-416
2026-10-07 10:24:46,506 INFO o.a.j.t.JMeterThread: Thread finished: POST arrivals 1-416
2026-10-07 10:24:47,220 INFO o.a.j.t.JMeterThread: Thread started: POST arrivals 1-418
2026-10-07 10:24:47,405 INFO o.a.j.t.JMeterThread: Thread started: POST arrivals 1-419
2026-10-07 10:24:48,169 INFO o.a.j.t.JMeterThread: Thread started: POST arrivals 1-420
2026-10-07 10:24:48,398 INFO o.a.j.t.JMeterThread: Thread started: Search arrivals 2-89
2026-10-07 10:24:48,461 INFO o.a.j.t.JMeterThread: Thread is done: POST arrivals 1-417
2026-10-07 10:24:48,461 INFO o.a.j.t.JMeterThread: Thread finished: POST arrivals 1-417
2026-10-07 10:24:48,600 INFO o.a.j.t.JMeterThread: Thread started: POST arrivals 1-421
2026-10-07 10:24:48,637 INFO o.a.j.t.JMeterThread: Thread started: POST arrivals 1-422
2026-10-07 10:24:48,714 INFO o.a.j.t.JMeterThread: Thread started: POST arrivals 1-423
2026-10-07 10:24:48,969 INFO o.a.j.t.JMeterThread: Thread started: POST arrivals 1-424
2026-10-07 10:24:49,570 INFO o.a.j.t.JMeterThread: Thread started: POST arrivals 1-425
2026-10-07 10:24:49,985 INFO o.a.j.t.JMeterThread: Thread is done: POST arrivals 1-418
2026-10-07 10:24:49,985 INFO o.a.j.t.JMeterThread: Thread finished: POST arrivals 1-418
2026-10-07 10:24:50,579 INFO o.a.j.t.JMeterThread: Thread started: POST arrivals 1-426
2026-10-07 10:24:51,143 INFO o.a.j.t.JMeterThread: Thread started: POST arrivals 1-427
2026-10-07 10:24:51,518 INFO o.a.j.t.JMeterThread: Thread is done: POST arrivals 1-419
2026-10-07 10:24:51,518 INFO o.a.j.t.JMeterThread: Thread finished: POST arrivals 1-419
2026-10-07 10:24:52,584 INFO o.a.j.t.JMeterThread: Thread started: Search arrivals 2-90
2026-10-07 10:24:52,819 INFO o.a.j.t.JMeterThread: Thread is done: POST arrivals 1-420
2026-10-07 10:24:52,819 INFO o.a.j.t.JMeterThread: Thread finished: POST arrivals 1-420
2026-10-07 10:24:52,862 INFO o.a.j.t.JMeterThread: Thread is done: Search arrivals 2-89
2026-10-07 10:24:52,862 INFO o.a.j.t.JMeterThread: Thread finished: Search arrivals 2-89
2026-10-07 10:24:53,564 INFO o.a.j.t.JMeterThread: Thread started: POST arrivals 1-428
2026-10-07 10:24:54,389 INFO o.a.j.t.JMeterThread: Thread is done: POST arrivals 1-421
2026-10-07 10:24:54,389 INFO o.a.j.t.JMeterThread: Thread finished: POST arrivals 1-421
2026-10-07 10:24:55,824 INFO o.a.j.t.JMeterThread: Thread is done: POST arrivals 1-422
2026-10-07 10:24:55,824 INFO o.a.j.t.JMeterThread: Thread finished: POST arrivals 1-422
2026-10-07 10:24:56,420 INFO o.a.j.t.JMeterThread: Thread started: Search arrivals 2-91
2026-10-07 10:24:56,868 INFO o.a.j.t.JMeterThread: Thread is done: POST arrivals 1-423
2026-10-07 10:24:56,869 INFO o.a.j.t.JMeterThread: Thread finished: POST arrivals 1-423
2026-10-07 10:24:58,757 INFO o.a.j.t.JMeterThread: Thread started: Stats arrivals 3-19
2026-10-07 10:24:59,224 INFO o.a.j.t.JMeterThread: Thread is done: POST arrivals 1-424
2026-10-07 10:24:59,224 INFO o.a.j.t.JMeterThread: Thread finished: POST arrivals 1-424
2026-10-07 10:25:00,330 INFO o.a.j.r.Summariser: summary +     20 in 00:00:29 =    0.7/s Avg:  5140 Min:  1807 Max: 10755 Err:     0 (0.00%) Active: 7 Started: 538 Finished: 531
2026-10-07 10:25:00,332 INFO o.a.j.r.Summariser: summary =    532 in 00:26:05 =    0.3/s Avg:  4042 Min:    18 Max: 17487 Err:     0 (0.00%)
2026-10-07 10:25:00,336 INFO o.a.j.t.JMeterThread: Thread is done: POST arrivals 1-425
2026-10-07 10:25:00,336 INFO o.a.j.t.JMeterThread: Thread finished: POST arrivals 1-425
2026-10-07 10:25:01,098 INFO o.a.j.t.JMeterThread: Thread started: POST arrivals 1-429
2026-10-07 10:25:01,832 INFO o.a.j.t.JMeterThread: Thread started: POST arrivals 1-430
2026-10-07 10:25:02,236 INFO o.a.j.t.JMeterThread: Thread is done: POST arrivals 1-426
2026-10-07 10:25:02,236 INFO o.a.j.t.JMeterThread: Thread finished: POST arrivals 1-426
2026-10-07 10:25:02,281 INFO o.a.j.t.JMeterThread: Thread started: POST arrivals 1-431
2026-10-07 10:25:06,066 INFO o.a.j.t.JMeterThread: Thread is done: POST arrivals 1-427
2026-10-07 10:25:06,067 INFO o.a.j.t.JMeterThread: Thread finished: POST arrivals 1-427
2026-10-07 10:25:06,076 INFO o.a.j.t.JMeterThread: Thread is done: Search arrivals 2-90
2026-10-07 10:25:06,076 INFO o.a.j.t.JMeterThread: Thread finished: Search arrivals 2-90
2026-10-07 10:25:06,668 INFO o.a.j.t.JMeterThread: Thread started: POST arrivals 1-432
2026-10-07 10:25:06,796 INFO o.a.j.t.JMeterThread: Thread started: Search arrivals 2-92
2026-10-07 10:25:06,801 INFO o.a.j.t.o.PoissonArrivalsRamp: Generating 36 events, beginRate = 0.12000000000000001 / sec, endRate = 0.12000000000000001 / sec, duration = 300.0 sec
2026-10-07 10:25:07,252 INFO o.a.j.t.JMeterThread: Thread started: POST arrivals 1-433
2026-10-07 10:25:08,622 INFO o.a.j.t.JMeterThread: Thread is done: Stats arrivals 3-19
2026-10-07 10:25:08,623 INFO o.a.j.t.JMeterThread: Thread finished: Stats arrivals 3-19
2026-10-07 10:25:08,622 INFO o.a.j.t.JMeterThread: Thread is done: POST arrivals 1-428
2026-10-07 10:25:08,623 INFO o.a.j.t.JMeterThread: Thread finished: POST arrivals 1-428
2026-10-07 10:25:08,635 INFO o.a.j.t.JMeterThread: Thread is done: Search arrivals 2-91
2026-10-07 10:25:08,635 INFO o.a.j.t.JMeterThread: Thread finished: Search arrivals 2-91
2026-10-07 10:25:09,441 INFO o.a.j.t.JMeterThread: Thread is done: POST arrivals 1-429
2026-10-07 10:25:09,441 INFO o.a.j.t.JMeterThread: Thread finished: POST arrivals 1-429
2026-10-07 10:25:09,526 INFO o.a.j.t.JMeterThread: Thread started: POST arrivals 1-434
2026-10-07 10:25:11,101 INFO o.a.j.t.JMeterThread: Thread is done: POST arrivals 1-430
2026-10-07 10:25:11,101 INFO o.a.j.t.JMeterThread: Thread finished: POST arrivals 1-430
2026-10-07 10:25:11,274 INFO o.a.j.t.JMeterThread: Thread started: Stats arrivals 3-20
2026-10-07 10:25:12,843 INFO o.a.j.t.JMeterThread: Thread is done: POST arrivals 1-431
2026-10-07 10:25:12,843 INFO o.a.j.t.JMeterThread: Thread finished: POST arrivals 1-431
2026-10-07 10:25:16,004 INFO o.a.j.t.JMeterThread: Thread is done: POST arrivals 1-432
2026-10-07 10:25:16,004 INFO o.a.j.t.JMeterThread: Thread finished: POST arrivals 1-432
2026-10-07 10:25:16,014 INFO o.a.j.t.JMeterThread: Thread is done: Search arrivals 2-92
2026-10-07 10:25:16,014 INFO o.a.j.t.JMeterThread: Thread finished: Search arrivals 2-92
2026-10-07 10:25:16,225 INFO o.a.j.t.JMeterThread: Thread started: POST arrivals 1-435
2026-10-07 10:25:17,210 INFO o.a.j.t.JMeterThread: Thread started: POST arrivals 1-436
2026-10-07 10:25:19,196 INFO o.a.j.t.JMeterThread: Thread is done: POST arrivals 1-433
2026-10-07 10:25:19,196 INFO o.a.j.t.JMeterThread: Thread finished: POST arrivals 1-433
2026-10-07 10:25:20,583 INFO o.a.j.t.JMeterThread: Thread started: POST arrivals 1-437
2026-10-07 10:25:21,416 INFO o.a.j.t.JMeterThread: Thread started: POST arrivals 1-438
2026-10-07 10:25:21,835 INFO o.a.j.t.JMeterThread: Thread is done: POST arrivals 1-434
2026-10-07 10:25:21,836 INFO o.a.j.t.JMeterThread: Thread finished: POST arrivals 1-434
2026-10-07 10:25:21,837 INFO o.a.j.t.JMeterThread: Thread is done: Stats arrivals 3-20
2026-10-07 10:25:21,837 INFO o.a.j.t.JMeterThread: Thread finished: Stats arrivals 3-20
2026-10-07 10:25:23,713 INFO o.a.j.t.JMeterThread: Thread started: POST arrivals 1-439
2026-10-07 10:25:25,622 INFO o.a.j.t.JMeterThread: Thread is done: POST arrivals 1-435
2026-10-07 10:25:25,623 INFO o.a.j.t.JMeterThread: Thread finished: POST arrivals 1-435
2026-10-07 10:25:27,466 INFO o.a.j.t.JMeterThread: Thread is done: POST arrivals 1-436
2026-10-07 10:25:27,466 INFO o.a.j.t.JMeterThread: Thread finished: POST arrivals 1-436
2026-10-07 10:25:27,865 INFO o.a.j.t.JMeterThread: Thread started: POST arrivals 1-440
2026-10-07 10:25:28,556 INFO o.a.j.t.JMeterThread: Thread started: POST arrivals 1-441
2026-10-07 10:25:29,744 INFO o.a.j.t.JMeterThread: Thread is done: POST arrivals 1-437
2026-10-07 10:25:29,744 INFO o.a.j.t.JMeterThread: Thread finished: POST arrivals 1-437
2026-10-07 10:25:30,396 INFO o.a.j.t.JMeterThread: Thread started: POST arrivals 1-442
2026-10-07 10:25:30,617 INFO o.a.j.r.Summariser: summary +     18 in 00:00:30 =    0.6/s Avg: 10927 Min:  8340 Max: 15055 Err:     0 (0.00%) Active: 5 Started: 554 Finished: 549
2026-10-07 10:25:30,620 INFO o.a.j.r.Summariser: summary =    550 in 00:26:35 =    0.3/s Avg:  4267 Min:    18 Max: 17487 Err:     0 (0.00%)
2026-10-07 10:25:30,621 INFO o.a.j.t.JMeterThread: Thread is done: POST arrivals 1-438
2026-10-07 10:25:30,621 INFO o.a.j.t.JMeterThread: Thread finished: POST arrivals 1-438
2026-10-07 10:25:30,676 INFO o.a.j.t.JMeterThread: Thread started: POST arrivals 1-443
2026-10-07 10:25:30,721 INFO o.a.j.t.JMeterThread: Thread started: POST arrivals 1-444
2026-10-07 10:25:31,283 INFO o.a.j.t.JMeterThread: Thread started: POST arrivals 1-445
2026-10-07 10:25:31,885 INFO o.a.j.t.JMeterThread: Thread started: POST arrivals 1-446
2026-10-07 10:25:31,954 INFO o.a.j.t.JMeterThread: Thread is done: POST arrivals 1-439
2026-10-07 10:25:31,954 INFO o.a.j.t.JMeterThread: Thread finished: POST arrivals 1-439
2026-10-07 10:25:32,177 INFO o.a.j.t.JMeterThread: Thread started: POST arrivals 1-447
2026-10-07 10:25:32,937 INFO o.a.j.t.JMeterThread: Thread is done: POST arrivals 1-440
2026-10-07 10:25:32,937 INFO o.a.j.t.JMeterThread: Thread finished: POST arrivals 1-440
2026-10-07 10:25:33,667 INFO o.a.j.t.JMeterThread: Thread started: POST arrivals 1-448
2026-10-07 10:25:34,839 INFO o.a.j.t.JMeterThread: Thread is done: POST arrivals 1-441
2026-10-07 10:25:34,839 INFO o.a.j.t.JMeterThread: Thread finished: POST arrivals 1-441
2026-10-07 10:25:35,309 INFO o.a.j.t.JMeterThread: Thread started: Stats arrivals 3-21
2026-10-07 10:25:35,312 INFO o.a.j.t.o.PoissonArrivalsRamp: Generating 9 events, beginRate = 0.030000000000000002 / sec, endRate = 0.030000000000000002 / sec, duration = 300.0 sec
2026-10-07 10:25:36,375 INFO o.a.j.t.JMeterThread: Thread is done: POST arrivals 1-442
2026-10-07 10:25:36,375 INFO o.a.j.t.JMeterThread: Thread finished: POST arrivals 1-442
2026-10-07 10:25:37,165 INFO o.a.j.t.JMeterThread: Thread is done: POST arrivals 1-443
2026-10-07 10:25:37,165 INFO o.a.j.t.JMeterThread: Thread finished: POST arrivals 1-443
2026-10-07 10:25:38,528 INFO o.a.j.t.JMeterThread: Thread is done: POST arrivals 1-444
2026-10-07 10:25:38,528 INFO o.a.j.t.JMeterThread: Thread finished: POST arrivals 1-444
2026-10-07 10:25:39,034 INFO o.a.j.t.JMeterThread: Thread started: POST arrivals 1-449
2026-10-07 10:25:39,146 INFO o.a.j.t.JMeterThread: Thread started: POST arrivals 1-450
2026-10-07 10:25:39,675 INFO o.a.j.t.JMeterThread: Thread started: POST arrivals 1-451
2026-10-07 10:25:40,169 INFO o.a.j.t.JMeterThread: Thread is done: POST arrivals 1-445
2026-10-07 10:25:40,170 INFO o.a.j.t.JMeterThread: Thread finished: POST arrivals 1-445
2026-10-07 10:25:40,526 INFO o.a.j.t.JMeterThread: Thread started: POST arrivals 1-452
2026-10-07 10:25:40,864 INFO o.a.j.t.JMeterThread: Thread started: POST arrivals 1-453
2026-10-07 10:25:41,218 INFO o.a.j.t.JMeterThread: Thread started: POST arrivals 1-454
2026-10-07 10:25:41,495 INFO o.a.j.t.JMeterThread: Thread is done: POST arrivals 1-446
2026-10-07 10:25:41,495 INFO o.a.j.t.JMeterThread: Thread finished: POST arrivals 1-446
2026-10-07 10:25:42,070 INFO o.a.j.t.JMeterThread: Thread started: POST arrivals 1-455
2026-10-07 10:25:42,314 INFO o.a.j.t.JMeterThread: Thread is done: POST arrivals 1-447
2026-10-07 10:25:42,314 INFO o.a.j.t.JMeterThread: Thread finished: POST arrivals 1-447
2026-10-07 10:25:43,172 INFO o.a.j.t.JMeterThread: Thread started: POST arrivals 1-456
2026-10-07 10:25:43,321 INFO o.a.j.t.JMeterThread: Thread is done: POST arrivals 1-448
2026-10-07 10:25:43,321 INFO o.a.j.t.JMeterThread: Thread finished: POST arrivals 1-448
2026-10-07 10:25:43,348 INFO o.a.j.t.JMeterThread: Thread is done: Stats arrivals 3-21
2026-10-07 10:25:43,349 INFO o.a.j.t.JMeterThread: Thread finished: Stats arrivals 3-21
2026-10-07 10:25:45,893 INFO o.a.j.t.JMeterThread: Thread started: POST arrivals 1-457
2026-10-07 10:25:46,514 INFO o.a.j.t.JMeterThread: Thread is done: POST arrivals 1-449
2026-10-07 10:25:46,514 INFO o.a.j.t.JMeterThread: Thread finished: POST arrivals 1-449
2026-10-07 10:25:47,000 INFO o.a.j.t.JMeterThread: Thread started: POST arrivals 1-458
2026-10-07 10:25:47,042 INFO o.a.j.t.JMeterThread: Thread started: POST arrivals 1-459
2026-10-07 10:25:47,400 INFO o.a.j.t.JMeterThread: Thread started: POST arrivals 1-460
2026-10-07 10:25:47,639 INFO o.a.j.t.JMeterThread: Thread is done: POST arrivals 1-450
2026-10-07 10:25:47,640 INFO o.a.j.t.JMeterThread: Thread finished: POST arrivals 1-450
2026-10-07 10:25:49,376 INFO o.a.j.t.JMeterThread: Thread started: POST arrivals 1-461
2026-10-07 10:25:49,468 INFO o.a.j.t.JMeterThread: Thread is done: POST arrivals 1-451
2026-10-07 10:25:49,468 INFO o.a.j.t.JMeterThread: Thread finished: POST arrivals 1-451
2026-10-07 10:25:50,712 INFO o.a.j.t.JMeterThread: Thread is done: POST arrivals 1-452
2026-10-07 10:25:50,712 INFO o.a.j.t.JMeterThread: Thread finished: POST arrivals 1-452
2026-10-07 10:25:52,148 INFO o.a.j.t.JMeterThread: Thread is done: POST arrivals 1-453
2026-10-07 10:25:52,148 INFO o.a.j.t.JMeterThread: Thread finished: POST arrivals 1-453
2026-10-07 10:25:54,096 INFO o.a.j.t.JMeterThread: Thread is done: POST arrivals 1-454
2026-10-07 10:25:54,096 INFO o.a.j.t.JMeterThread: Thread finished: POST arrivals 1-454
2026-10-07 10:25:54,210 INFO o.a.j.t.JMeterThread: Thread started: POST arrivals 1-462
2026-10-07 10:25:54,213 INFO o.a.j.t.o.PoissonArrivalsRamp: Generating 180 events, beginRate = 0.6 / sec, endRate = 0.6 / sec, duration = 300.0 sec
2026-10-07 10:25:56,336 INFO o.a.j.t.JMeterThread: Thread started: POST arrivals 1-463
2026-10-07 10:25:56,382 INFO o.a.j.t.JMeterThread: Thread is done: POST arrivals 1-455
2026-10-07 10:25:56,382 INFO o.a.j.t.JMeterThread: Thread finished: POST arrivals 1-455
2026-10-07 10:25:57,079 INFO o.a.j.t.JMeterThread: Thread started: POST arrivals 1-464
2026-10-07 10:25:57,888 INFO o.a.j.t.JMeterThread: Thread started: POST arrivals 1-465
2026-10-07 10:25:58,331 INFO o.a.j.t.JMeterThread: Thread is done: POST arrivals 1-456
2026-10-07 10:25:58,331 INFO o.a.j.t.JMeterThread: Thread finished: POST arrivals 1-456
2026-10-07 10:25:59,929 INFO o.a.j.t.JMeterThread: Thread is done: POST arrivals 1-457
2026-10-07 10:25:59,929 INFO o.a.j.t.JMeterThread: Thread finished: POST arrivals 1-457
2026-10-07 10:26:00,048 INFO o.a.j.t.JMeterThread: Thread started: POST arrivals 1-466
2026-10-07 10:26:01,187 INFO o.a.j.t.JMeterThread: Thread started: POST arrivals 1-467
2026-10-07 10:26:01,774 INFO o.a.j.r.Summariser: summary +     21 in 00:00:31 =    0.7/s Avg:  9738 Min:  5069 Max: 15156 Err:     0 (0.00%) Active: 10 Started: 580 Finished: 570
2026-10-07 10:26:01,776 INFO o.a.j.r.Summariser: summary =    571 in 00:27:07 =    0.4/s Avg:  4468 Min:    18 Max: 17487 Err:     0 (0.00%)
2026-10-07 10:26:01,777 INFO o.a.j.t.JMeterThread: Thread is done: POST arrivals 1-458
2026-10-07 10:26:01,777 INFO o.a.j.t.JMeterThread: Thread finished: POST arrivals 1-458
2026-10-07 10:26:03,821 INFO o.a.j.t.JMeterThread: Thread is done: POST arrivals 1-459
2026-10-07 10:26:03,821 INFO o.a.j.t.JMeterThread: Thread finished: POST arrivals 1-459
2026-10-07 10:26:05,312 INFO o.a.j.t.JMeterThread: Thread started: POST arrivals 1-468
2026-10-07 10:26:05,379 INFO o.a.j.t.JMeterThread: Thread is done: POST arrivals 1-460
2026-10-07 10:26:05,379 INFO o.a.j.t.JMeterThread: Thread finished: POST arrivals 1-460
2026-10-07 10:26:05,494 INFO o.a.j.t.JMeterThread: Thread started: POST arrivals 1-469
2026-10-07 10:26:06,468 INFO o.a.j.t.JMeterThread: Thread started: POST arrivals 1-470
2026-10-07 10:26:06,936 INFO o.a.j.t.JMeterThread: Thread started: POST arrivals 1-471
2026-10-07 10:26:07,332 INFO o.a.j.t.JMeterThread: Thread is done: POST arrivals 1-461
2026-10-07 10:26:07,332 INFO o.a.j.t.JMeterThread: Thread finished: POST arrivals 1-461
2026-10-07 10:26:08,008 INFO o.a.j.t.JMeterThread: Thread started: POST arrivals 1-472
2026-10-07 10:26:08,265 INFO o.a.j.t.JMeterThread: Thread started: POST arrivals 1-473
2026-10-07 10:26:08,497 INFO o.a.j.t.JMeterThread: Thread started: Search arrivals 2-93
2026-10-07 10:26:09,539 INFO o.a.j.t.JMeterThread: Thread started: POST arrivals 1-474
2026-10-07 10:26:10,270 INFO o.a.j.t.JMeterThread: Thread is done: POST arrivals 1-462
2026-10-07 10:26:10,270 INFO o.a.j.t.JMeterThread: Thread finished: POST arrivals 1-462
2026-10-07 10:26:11,100 INFO o.a.j.t.JMeterThread: Thread started: Search arrivals 2-94
2026-10-07 10:26:11,109 INFO o.a.j.t.JMeterThread: Thread is done: POST arrivals 1-463
2026-10-07 10:26:11,109 INFO o.a.j.t.JMeterThread: Thread finished: POST arrivals 1-463
2026-10-07 10:26:11,430 INFO o.a.j.t.JMeterThread: Thread started: POST arrivals 1-475
2026-10-07 10:26:11,434 INFO o.a.j.t.JMeterThread: Thread started: Search arrivals 2-95
2026-10-07 10:26:11,821 INFO o.a.j.t.JMeterThread: Thread started: POST arrivals 1-476
2026-10-07 10:26:12,475 INFO o.a.j.t.JMeterThread: Thread started: POST arrivals 1-477
2026-10-07 10:26:12,710 INFO o.a.j.t.JMeterThread: Thread is done: POST arrivals 1-464
2026-10-07 10:26:12,710 INFO o.a.j.t.JMeterThread: Thread finished: POST arrivals 1-464
2026-10-07 10:26:13,754 INFO o.a.j.t.JMeterThread: Thread is done: POST arrivals 1-465
2026-10-07 10:26:13,754 INFO o.a.j.t.JMeterThread: Thread finished: POST arrivals 1-465
2026-10-07 10:26:14,870 INFO o.a.j.t.JMeterThread: Thread started: POST arrivals 1-478
2026-10-07 10:26:14,990 INFO o.a.j.t.JMeterThread: Thread started: Search arrivals 2-96
2026-10-07 10:26:15,546 INFO o.a.j.t.JMeterThread: Thread started: Search arrivals 2-97
2026-10-07 10:26:15,565 INFO o.a.j.t.JMeterThread: Thread started: POST arrivals 1-479
2026-10-07 10:26:16,837 INFO o.a.j.t.JMeterThread: Thread started: POST arrivals 1-480
2026-10-07 10:26:17,452 INFO o.a.j.t.JMeterThread: Thread is done: POST arrivals 1-466
2026-10-07 10:26:17,452 INFO o.a.j.t.JMeterThread: Thread finished: POST arrivals 1-466
2026-10-07 10:26:17,777 INFO o.a.j.t.JMeterThread: Thread started: POST arrivals 1-481
2026-10-07 10:26:18,979 INFO o.a.j.t.JMeterThread: Thread started: POST arrivals 1-482
2026-10-07 10:26:19,061 INFO o.a.j.t.JMeterThread: Thread started: POST arrivals 1-483
2026-10-07 10:26:19,071 INFO o.a.j.t.JMeterThread: Thread is done: POST arrivals 1-467
2026-10-07 10:26:19,071 INFO o.a.j.t.JMeterThread: Thread finished: POST arrivals 1-467
2026-10-07 10:26:20,184 INFO o.a.j.t.JMeterThread: Thread started: POST arrivals 1-484
2026-10-07 10:26:20,233 INFO o.a.j.t.JMeterThread: Thread started: POST arrivals 1-485
2026-10-07 10:26:22,018 INFO o.a.j.t.JMeterThread: Thread started: POST arrivals 1-486
2026-10-07 10:26:22,373 INFO o.a.j.t.JMeterThread: Thread is done: POST arrivals 1-468
2026-10-07 10:26:22,373 INFO o.a.j.t.JMeterThread: Thread finished: POST arrivals 1-468
2026-10-07 10:26:23,173 INFO o.a.j.t.JMeterThread: Thread started: POST arrivals 1-487
2026-10-07 10:26:24,303 INFO o.a.j.t.JMeterThread: Thread is done: POST arrivals 1-469
2026-10-07 10:26:24,303 INFO o.a.j.t.JMeterThread: Thread finished: POST arrivals 1-469
2026-10-07 10:26:24,603 INFO o.a.j.t.JMeterThread: Thread started: POST arrivals 1-488
2026-10-07 10:26:25,037 INFO o.a.j.t.JMeterThread: Thread started: POST arrivals 1-489
2026-10-07 10:26:25,188 INFO o.a.j.t.JMeterThread: Thread started: POST arrivals 1-490
2026-10-07 10:26:26,076 INFO o.a.j.t.JMeterThread: Thread started: Stats arrivals 3-22
2026-10-07 10:26:27,273 INFO o.a.j.t.JMeterThread: Thread is done: POST arrivals 1-470
2026-10-07 10:26:27,273 INFO o.a.j.t.JMeterThread: Thread finished: POST arrivals 1-470
2026-10-07 10:26:27,737 INFO o.a.j.t.JMeterThread: Thread started: Search arrivals 2-98
2026-10-07 10:26:30,836 INFO o.a.j.r.Summariser: summary +     13 in 00:00:29 =    0.4/s Avg: 17753 Min: 14767 Max: 23895 Err:     0 (0.00%) Active: 27 Started: 610 Finished: 583
2026-10-07 10:26:30,838 INFO o.a.j.r.Summariser: summary =    584 in 00:27:36 =    0.4/s Avg:  4764 Min:    18 Max: 23895 Err:     0 (0.00%)
2026-10-07 10:26:30,838 INFO o.a.j.t.JMeterThread: Thread is done: POST arrivals 1-471
2026-10-07 10:26:30,839 INFO o.a.j.t.JMeterThread: Thread finished: POST arrivals 1-471
2026-10-07 10:26:31,763 INFO o.a.j.t.JMeterThread: Thread started: Search arrivals 2-99
2026-10-07 10:26:32,118 INFO o.a.j.t.JMeterThread: Thread started: POST arrivals 1-491
2026-10-07 10:26:32,916 INFO o.a.j.t.JMeterThread: Thread started: POST arrivals 1-492
2026-10-07 10:26:33,044 INFO o.a.j.t.JMeterThread: Thread started: POST arrivals 1-493
2026-10-07 10:26:33,508 INFO o.a.j.t.JMeterThread: Thread is done: POST arrivals 1-472
2026-10-07 10:26:33,508 INFO o.a.j.t.JMeterThread: Thread finished: POST arrivals 1-472
2026-10-07 10:26:34,775 INFO o.a.j.t.JMeterThread: Thread started: POST arrivals 1-494
2026-10-07 10:26:34,887 INFO o.a.j.t.JMeterThread: Thread started: POST arrivals 1-495
2026-10-07 10:26:35,321 INFO o.a.j.t.JMeterThread: Thread started: POST arrivals 1-496
2026-10-07 10:26:36,405 INFO o.a.j.t.JMeterThread: Thread started: POST arrivals 1-497
2026-10-07 10:26:36,693 INFO o.a.j.t.JMeterThread: Thread is done: POST arrivals 1-473
2026-10-07 10:26:36,694 INFO o.a.j.t.JMeterThread: Thread finished: POST arrivals 1-473
2026-10-07 10:26:36,688 INFO o.a.j.t.JMeterThread: Thread started: Search arrivals 2-100
2026-10-07 10:26:36,728 INFO o.a.j.t.JMeterThread: Thread is done: Search arrivals 2-93
2026-10-07 10:26:36,729 INFO o.a.j.t.JMeterThread: Thread finished: Search arrivals 2-93
2026-10-07 10:26:37,544 INFO o.a.j.t.JMeterThread: Thread started: POST arrivals 1-498
2026-10-07 10:26:37,676 INFO o.a.j.t.JMeterThread: Thread started: Search arrivals 2-101
2026-10-07 10:26:39,604 INFO o.a.j.t.JMeterThread: Thread started: POST arrivals 1-499
2026-10-07 10:26:39,925 INFO o.a.j.t.JMeterThread: Thread started: Stats arrivals 3-23
2026-10-07 10:26:39,937 INFO o.a.j.t.JMeterThread: Thread is done: POST arrivals 1-474
2026-10-07 10:26:39,937 INFO o.a.j.t.JMeterThread: Thread finished: POST arrivals 1-474
2026-10-07 10:26:39,957 INFO o.a.j.t.JMeterThread: Thread is done: Search arrivals 2-94
2026-10-07 10:26:39,957 INFO o.a.j.t.JMeterThread: Thread finished: Search arrivals 2-94
2026-10-07 10:26:40,254 INFO o.a.j.t.JMeterThread: Thread started: POST arrivals 1-500
2026-10-07 10:26:41,241 INFO o.a.j.t.JMeterThread: Thread is done: POST arrivals 1-475
2026-10-07 10:26:41,241 INFO o.a.j.t.JMeterThread: Thread finished: POST arrivals 1-475
2026-10-07 10:26:41,286 INFO o.a.j.t.JMeterThread: Thread is done: Search arrivals 2-95
2026-10-07 10:26:41,287 INFO o.a.j.t.JMeterThread: Thread finished: Search arrivals 2-95
2026-10-07 10:26:42,326 INFO o.a.j.t.JMeterThread: Thread is done: POST arrivals 1-476
2026-10-07 10:26:42,326 INFO o.a.j.t.JMeterThread: Thread finished: POST arrivals 1-476
2026-10-07 10:26:44,596 INFO o.a.j.t.JMeterThread: Thread is done: POST arrivals 1-477
2026-10-07 10:26:44,596 INFO o.a.j.t.JMeterThread: Thread finished: POST arrivals 1-477
2026-10-07 10:26:45,212 INFO o.a.j.t.JMeterThread: Thread started: Stats arrivals 3-24
2026-10-07 10:26:45,418 INFO o.a.j.t.JMeterThread: Thread started: POST arrivals 1-501
2026-10-07 10:26:46,330 INFO o.a.j.t.JMeterThread: Thread is done: POST arrivals 1-478
2026-10-07 10:26:46,330 INFO o.a.j.t.JMeterThread: Thread finished: POST arrivals 1-478
2026-10-07 10:26:46,345 INFO o.a.j.t.JMeterThread: Thread is done: Search arrivals 2-96
2026-10-07 10:26:46,345 INFO o.a.j.t.JMeterThread: Thread finished: Search arrivals 2-96
2026-10-07 10:26:46,379 INFO o.a.j.t.JMeterThread: Thread is done: Search arrivals 2-97
2026-10-07 10:26:46,379 INFO o.a.j.t.JMeterThread: Thread finished: Search arrivals 2-97
2026-10-07 10:26:47,563 INFO o.a.j.t.JMeterThread: Thread is done: POST arrivals 1-479
2026-10-07 10:26:47,563 INFO o.a.j.t.JMeterThread: Thread finished: POST arrivals 1-479
2026-10-07 10:26:47,676 INFO o.a.j.t.JMeterThread: Thread started: POST arrivals 1-502
2026-10-07 10:26:48,686 INFO o.a.j.t.JMeterThread: Thread is done: POST arrivals 1-480
2026-10-07 10:26:48,686 INFO o.a.j.t.JMeterThread: Thread finished: POST arrivals 1-480
2026-10-07 10:26:49,200 INFO o.a.j.t.JMeterThread: Thread started: POST arrivals 1-503
2026-10-07 10:26:50,219 INFO o.a.j.t.JMeterThread: Thread started: POST arrivals 1-504
2026-10-07 10:26:51,048 INFO o.a.j.t.JMeterThread: Thread started: POST arrivals 1-505
2026-10-07 10:26:51,336 INFO o.a.j.t.JMeterThread: Thread is done: POST arrivals 1-481
2026-10-07 10:26:51,337 INFO o.a.j.t.JMeterThread: Thread finished: POST arrivals 1-481
2026-10-07 10:26:52,318 INFO o.a.j.t.JMeterThread: Thread started: POST arrivals 1-506
2026-10-07 10:26:52,598 INFO o.a.j.t.JMeterThread: Thread started: POST arrivals 1-507
2026-10-07 10:26:53,689 INFO o.a.j.t.JMeterThread: Thread started: POST arrivals 1-508
2026-10-07 10:26:54,206 INFO o.a.j.t.JMeterThread: Thread started: POST arrivals 1-509
2026-10-07 10:26:54,379 INFO o.a.j.t.JMeterThread: Thread started: POST arrivals 1-510
2026-10-07 10:26:54,733 INFO o.a.j.t.JMeterThread: Thread is done: POST arrivals 1-482
2026-10-07 10:26:54,733 INFO o.a.j.t.JMeterThread: Thread finished: POST arrivals 1-482
2026-10-07 10:26:55,742 INFO o.a.j.t.JMeterThread: Thread is done: POST arrivals 1-483
2026-10-07 10:26:55,742 INFO o.a.j.t.JMeterThread: Thread finished: POST arrivals 1-483
2026-10-07 10:26:56,512 INFO o.a.j.t.JMeterThread: Thread started: POST arrivals 1-511
2026-10-07 10:26:56,628 INFO o.a.j.t.JMeterThread: Thread started: POST arrivals 1-512
2026-10-07 10:27:00,047 INFO o.a.j.r.Summariser: summary +     18 in 00:00:29 =    0.6/s Avg: 31497 Min: 25496 Max: 39858 Err:     0 (0.00%) Active: 36 Started: 637 Finished: 601
2026-10-07 10:27:00,052 INFO o.a.j.r.Summariser: summary =    602 in 00:28:05 =    0.4/s Avg:  5563 Min:    18 Max: 39858 Err:     0 (0.00%)
2026-10-07 10:27:00,055 INFO o.a.j.t.JMeterThread: Thread is done: POST arrivals 1-484
2026-10-07 10:27:00,055 INFO o.a.j.t.JMeterThread: Thread finished: POST arrivals 1-484
2026-10-07 10:27:00,064 INFO o.a.j.t.JMeterThread: Thread started: POST arrivals 1-513
2026-10-07 10:27:01,589 INFO o.a.j.t.JMeterThread: Thread is done: POST arrivals 1-485
2026-10-07 10:27:01,589 INFO o.a.j.t.JMeterThread: Thread finished: POST arrivals 1-485
2026-10-07 10:27:01,639 INFO o.a.j.t.JMeterThread: Thread started: POST arrivals 1-514
2026-10-07 10:27:03,012 INFO o.a.j.t.JMeterThread: Thread is done: POST arrivals 1-486
2026-10-07 10:27:03,012 INFO o.a.j.t.JMeterThread: Thread finished: POST arrivals 1-486
2026-10-07 10:27:03,833 INFO o.a.j.t.JMeterThread: Thread is done: POST arrivals 1-487
2026-10-07 10:27:03,834 INFO o.a.j.t.JMeterThread: Thread finished: POST arrivals 1-487
2026-10-07 10:27:05,844 INFO o.a.j.t.JMeterThread: Thread started: POST arrivals 1-515
2026-10-07 10:27:07,109 INFO o.a.j.t.JMeterThread: Thread is done: POST arrivals 1-488
2026-10-07 10:27:07,109 INFO o.a.j.t.JMeterThread: Thread finished: POST arrivals 1-488
2026-10-07 10:27:08,132 INFO o.a.j.t.JMeterThread: Thread is done: POST arrivals 1-489
2026-10-07 10:27:08,132 INFO o.a.j.t.JMeterThread: Thread finished: POST arrivals 1-489
2026-10-07 10:27:08,676 INFO o.a.j.t.JMeterThread: Thread started: POST arrivals 1-516
2026-10-07 10:27:09,067 INFO o.a.j.t.JMeterThread: Thread started: Stats arrivals 3-25
2026-10-07 10:27:09,678 INFO o.a.j.t.JMeterThread: Thread started: POST arrivals 1-517
2026-10-07 10:27:11,315 INFO o.a.j.t.JMeterThread: Thread started: Search arrivals 2-102
2026-10-07 10:27:11,378 INFO o.a.j.t.JMeterThread: Thread is done: POST arrivals 1-490
2026-10-07 10:27:11,378 INFO o.a.j.t.JMeterThread: Thread finished: POST arrivals 1-490
2026-10-07 10:27:11,408 INFO o.a.j.t.JMeterThread: Thread is done: Stats arrivals 3-22
2026-10-07 10:27:11,408 INFO o.a.j.t.JMeterThread: Thread finished: Stats arrivals 3-22
2026-10-07 10:27:11,456 INFO o.a.j.t.JMeterThread: Thread is done: Search arrivals 2-98
2026-10-07 10:27:11,457 INFO o.a.j.t.JMeterThread: Thread finished: Search arrivals 2-98
2026-10-07 10:27:11,491 INFO o.a.j.t.JMeterThread: Thread is done: Search arrivals 2-99
2026-10-07 10:27:11,491 INFO o.a.j.t.JMeterThread: Thread finished: Search arrivals 2-99
2026-10-07 10:27:11,940 INFO o.a.j.t.JMeterThread: Thread started: POST arrivals 1-518
2026-10-07 10:27:12,671 INFO o.a.j.t.JMeterThread: Thread started: Search arrivals 2-103
2026-10-07 10:27:13,149 INFO o.a.j.t.JMeterThread: Thread is done: POST arrivals 1-491
2026-10-07 10:27:13,149 INFO o.a.j.t.JMeterThread: Thread finished: POST arrivals 1-491
2026-10-07 10:27:13,774 INFO o.a.j.t.JMeterThread: Thread started: POST arrivals 1-519
2026-10-07 10:27:14,381 INFO o.a.j.t.JMeterThread: Thread is done: POST arrivals 1-492
2026-10-07 10:27:14,381 INFO o.a.j.t.JMeterThread: Thread finished: POST arrivals 1-492
2026-10-07 10:27:14,471 INFO o.a.j.t.JMeterThread: Thread started: POST arrivals 1-520
2026-10-07 10:27:15,200 INFO o.a.j.t.JMeterThread: Thread is done: POST arrivals 1-493
2026-10-07 10:27:15,200 INFO o.a.j.t.JMeterThread: Thread finished: POST arrivals 1-493
2026-10-07 10:27:15,843 INFO o.a.j.t.JMeterThread: Thread started: POST arrivals 1-521
2026-10-07 10:27:16,325 INFO o.a.j.t.JMeterThread: Thread is done: POST arrivals 1-494
2026-10-07 10:27:16,325 INFO o.a.j.t.JMeterThread: Thread finished: POST arrivals 1-494
2026-10-07 10:27:17,392 INFO o.a.j.t.JMeterThread: Thread started: POST arrivals 1-522
2026-10-07 10:27:17,403 INFO o.a.j.t.JMeterThread: Thread is done: POST arrivals 1-495
2026-10-07 10:27:17,403 INFO o.a.j.t.JMeterThread: Thread finished: POST arrivals 1-495
2026-10-07 10:27:18,363 INFO o.a.j.t.JMeterThread: Thread is done: POST arrivals 1-496
2026-10-07 10:27:18,363 INFO o.a.j.t.JMeterThread: Thread finished: POST arrivals 1-496
2026-10-07 10:27:19,816 INFO o.a.j.t.JMeterThread: Thread is done: POST arrivals 1-497
2026-10-07 10:27:19,816 INFO o.a.j.t.JMeterThread: Thread finished: POST arrivals 1-497
2026-10-07 10:27:19,877 INFO o.a.j.t.JMeterThread: Thread is done: Search arrivals 2-100
2026-10-07 10:27:19,877 INFO o.a.j.t.JMeterThread: Thread finished: Search arrivals 2-100
2026-10-07 10:27:20,624 INFO o.a.j.t.JMeterThread: Thread is done: POST arrivals 1-498
2026-10-07 10:27:20,624 INFO o.a.j.t.JMeterThread: Thread finished: POST arrivals 1-498
2026-10-07 10:27:20,635 INFO o.a.j.t.JMeterThread: Thread is done: Search arrivals 2-101
2026-10-07 10:27:20,635 INFO o.a.j.t.JMeterThread: Thread finished: Search arrivals 2-101
2026-10-07 10:27:21,448 INFO o.a.j.t.JMeterThread: Thread is done: POST arrivals 1-499
2026-10-07 10:27:21,448 INFO o.a.j.t.JMeterThread: Thread finished: POST arrivals 1-499
2026-10-07 10:27:21,448 INFO o.a.j.t.JMeterThread: Thread is done: Stats arrivals 3-23
2026-10-07 10:27:21,448 INFO o.a.j.t.JMeterThread: Thread finished: Stats arrivals 3-23
2026-10-07 10:27:21,518 INFO o.a.j.t.JMeterThread: Thread started: POST arrivals 1-523
2026-10-07 10:27:22,194 INFO o.a.j.t.JMeterThread: Thread started: POST arrivals 1-524
2026-10-07 10:27:22,880 INFO o.a.j.t.JMeterThread: Thread is done: POST arrivals 1-500
2026-10-07 10:27:22,880 INFO o.a.j.t.JMeterThread: Thread finished: POST arrivals 1-500
2026-10-07 10:27:22,881 INFO o.a.j.t.JMeterThread: Thread is done: Stats arrivals 3-24
2026-10-07 10:27:22,881 INFO o.a.j.t.JMeterThread: Thread finished: Stats arrivals 3-24
2026-10-07 10:27:23,041 INFO o.a.j.t.JMeterThread: Thread started: POST arrivals 1-525
2026-10-07 10:27:24,036 INFO o.a.j.t.JMeterThread: Thread is done: POST arrivals 1-501
2026-10-07 10:27:24,080 INFO o.a.j.t.JMeterThread: Thread finished: POST arrivals 1-501
2026-10-07 10:27:25,238 INFO o.a.j.t.JMeterThread: Thread started: POST arrivals 1-526
2026-10-07 10:27:25,469 INFO o.a.j.t.JMeterThread: Thread started: Search arrivals 2-104
2026-10-07 10:27:26,156 INFO o.a.j.t.JMeterThread: Thread is done: POST arrivals 1-502
2026-10-07 10:27:26,156 INFO o.a.j.t.JMeterThread: Thread finished: POST arrivals 1-502
2026-10-07 10:27:26,969 INFO o.a.j.t.JMeterThread: Thread started: POST arrivals 1-527
2026-10-07 10:27:27,658 INFO o.a.j.t.JMeterThread: Thread is done: POST arrivals 1-503
2026-10-07 10:27:27,658 INFO o.a.j.t.JMeterThread: Thread finished: POST arrivals 1-503
2026-10-07 10:27:28,794 INFO o.a.j.t.JMeterThread: Thread started: POST arrivals 1-528
2026-10-07 10:27:29,640 INFO o.a.j.t.JMeterThread: Thread started: POST arrivals 1-529
2026-10-07 10:27:30,667 INFO o.a.j.r.Summariser: summary +     27 in 00:00:31 =    0.9/s Avg: 41757 Min: 37664 Max: 46185 Err:     0 (0.00%) Active: 30 Started: 658 Finished: 628
2026-10-07 10:27:30,676 INFO o.a.j.r.Summariser: summary =    629 in 00:28:35 =    0.4/s Avg:  7117 Min:    18 Max: 46185 Err:     0 (0.00%)
2026-10-07 10:27:30,676 INFO o.a.j.t.JMeterThread: Thread is done: POST arrivals 1-504
2026-10-07 10:27:30,676 INFO o.a.j.t.JMeterThread: Thread finished: POST arrivals 1-504
2026-10-07 10:27:31,915 INFO o.a.j.t.JMeterThread: Thread is done: POST arrivals 1-505
2026-10-07 10:27:31,916 INFO o.a.j.t.JMeterThread: Thread finished: POST arrivals 1-505
2026-10-07 10:27:32,189 INFO o.a.j.t.JMeterThread: Thread started: POST arrivals 1-530
2026-10-07 10:27:32,687 INFO o.a.j.t.JMeterThread: Thread started: POST arrivals 1-531
2026-10-07 10:27:33,204 INFO o.a.j.t.JMeterThread: Thread started: POST arrivals 1-532
2026-10-07 10:27:34,246 INFO o.a.j.t.JMeterThread: Thread is done: POST arrivals 1-506
2026-10-07 10:27:34,246 INFO o.a.j.t.JMeterThread: Thread finished: POST arrivals 1-506
2026-10-07 10:27:34,323 INFO o.a.j.t.JMeterThread: Thread started: Search arrivals 2-105
2026-10-07 10:27:34,704 INFO o.a.j.t.JMeterThread: Thread started: POST arrivals 1-533
2026-10-07 10:27:36,522 INFO o.a.j.t.JMeterThread: Thread started: POST arrivals 1-534
2026-10-07 10:27:38,242 INFO o.a.j.t.JMeterThread: Thread is done: POST arrivals 1-507
2026-10-07 10:27:38,242 INFO o.a.j.t.JMeterThread: Thread finished: POST arrivals 1-507
2026-10-07 10:27:39,134 INFO o.a.j.t.JMeterThread: Thread started: Search arrivals 2-106
2026-10-07 10:27:39,556 INFO o.a.j.t.JMeterThread: Thread started: POST arrivals 1-535
2026-10-07 10:27:39,770 INFO o.a.j.t.JMeterThread: Thread started: POST arrivals 1-536
2026-10-07 10:27:40,006 INFO o.a.j.t.JMeterThread: Thread is done: POST arrivals 1-508
2026-10-07 10:27:40,006 INFO o.a.j.t.JMeterThread: Thread finished: POST arrivals 1-508
2026-10-07 10:27:40,213 INFO o.a.j.t.JMeterThread: Thread started: POST arrivals 1-537
2026-10-07 10:27:41,776 INFO o.a.j.t.JMeterThread: Thread is done: POST arrivals 1-509
2026-10-07 10:27:41,776 INFO o.a.j.t.JMeterThread: Thread finished: POST arrivals 1-509
2026-10-07 10:27:42,957 INFO o.a.j.t.JMeterThread: Thread is done: POST arrivals 1-510
2026-10-07 10:27:42,957 INFO o.a.j.t.JMeterThread: Thread finished: POST arrivals 1-510
2026-10-07 10:27:43,980 INFO o.a.j.t.JMeterThread: Thread is done: POST arrivals 1-511
2026-10-07 10:27:43,980 INFO o.a.j.t.JMeterThread: Thread finished: POST arrivals 1-511
2026-10-07 10:27:46,635 INFO o.a.j.t.JMeterThread: Thread started: POST arrivals 1-538
2026-10-07 10:27:47,919 INFO o.a.j.t.JMeterThread: Thread is done: POST arrivals 1-512
2026-10-07 10:27:47,919 INFO o.a.j.t.JMeterThread: Thread finished: POST arrivals 1-512
2026-10-07 10:27:47,948 INFO o.a.j.t.JMeterThread: Thread started: Search arrivals 2-107
2026-10-07 10:27:48,106 INFO o.a.j.t.JMeterThread: Thread started: POST arrivals 1-539
2026-10-07 10:27:49,302 INFO o.a.j.t.JMeterThread: Thread is done: POST arrivals 1-513
2026-10-07 10:27:49,302 INFO o.a.j.t.JMeterThread: Thread finished: POST arrivals 1-513
2026-10-07 10:27:49,470 INFO o.a.j.t.JMeterThread: Thread started: POST arrivals 1-540
2026-10-07 10:27:49,759 INFO o.a.j.t.JMeterThread: Thread started: POST arrivals 1-541
2026-10-07 10:27:50,480 INFO o.a.j.t.JMeterThread: Thread started: POST arrivals 1-542
2026-10-07 10:27:51,379 INFO o.a.j.t.JMeterThread: Thread started: POST arrivals 1-543
2026-10-07 10:27:52,679 INFO o.a.j.t.JMeterThread: Thread is done: POST arrivals 1-514
2026-10-07 10:27:52,679 INFO o.a.j.t.JMeterThread: Thread finished: POST arrivals 1-514
2026-10-07 10:27:52,912 INFO o.a.j.t.JMeterThread: Thread started: POST arrivals 1-544
2026-10-07 10:27:53,508 INFO o.a.j.t.JMeterThread: Thread is done: POST arrivals 1-515
2026-10-07 10:27:53,508 INFO o.a.j.t.JMeterThread: Thread finished: POST arrivals 1-515
2026-10-07 10:27:53,681 INFO o.a.j.t.JMeterThread: Thread started: POST arrivals 1-545
2026-10-07 10:27:56,468 INFO o.a.j.t.JMeterThread: Thread started: POST arrivals 1-546
2026-10-07 10:27:56,965 INFO o.a.j.t.JMeterThread: Thread started: Search arrivals 2-108
2026-10-07 10:27:57,184 INFO o.a.j.t.JMeterThread: Thread is done: POST arrivals 1-516
2026-10-07 10:27:57,184 INFO o.a.j.t.JMeterThread: Thread finished: POST arrivals 1-516
2026-10-07 10:27:57,208 INFO o.a.j.t.JMeterThread: Thread is done: Stats arrivals 3-25
2026-10-07 10:27:57,208 INFO o.a.j.t.JMeterThread: Thread finished: Stats arrivals 3-25
2026-10-07 10:27:58,106 INFO o.a.j.t.JMeterThread: Thread is done: POST arrivals 1-517
2026-10-07 10:27:58,107 INFO o.a.j.t.JMeterThread: Thread finished: POST arrivals 1-517
2026-10-07 10:27:58,153 INFO o.a.j.t.JMeterThread: Thread is done: Search arrivals 2-102
2026-10-07 10:27:58,162 INFO o.a.j.t.JMeterThread: Thread finished: Search arrivals 2-102
2026-10-07 10:27:58,264 INFO o.a.j.t.JMeterThread: Thread started: POST arrivals 1-547
2026-10-07 10:27:59,026 INFO o.a.j.t.JMeterThread: Thread started: POST arrivals 1-548
2026-10-07 10:27:59,296 INFO o.a.j.t.JMeterThread: Thread started: POST arrivals 1-549
2026-10-07 10:28:00,465 INFO o.a.j.r.Summariser: summary +     16 in 00:00:30 =    0.5/s Avg: 47372 Min: 40863 Max: 51286 Err:     0 (0.00%) Active: 38 Started: 682 Finished: 644
2026-10-07 10:28:00,471 INFO o.a.j.r.Summariser: summary =    645 in 00:29:05 =    0.4/s Avg:  8115 Min:    18 Max: 51286 Err:     0 (0.00%)
2026-10-07 10:28:00,471 INFO o.a.j.t.JMeterThread: Thread is done: POST arrivals 1-518
2026-10-07 10:28:00,471 INFO o.a.j.t.JMeterThread: Thread finished: POST arrivals 1-518
2026-10-07 10:28:00,480 INFO o.a.j.t.JMeterThread: Thread is done: Search arrivals 2-103
2026-10-07 10:28:00,480 INFO o.a.j.t.JMeterThread: Thread finished: Search arrivals 2-103
2026-10-07 10:28:01,055 INFO o.a.j.t.JMeterThread: Thread started: Search arrivals 2-109
2026-10-07 10:28:01,558 INFO o.a.j.t.JMeterThread: Thread started: POST arrivals 1-550
2026-10-07 10:28:01,940 INFO o.a.j.t.JMeterThread: Thread started: POST arrivals 1-551
2026-10-07 10:28:02,258 INFO o.a.j.t.JMeterThread: Thread started: POST arrivals 1-552
2026-10-07 10:28:02,883 INFO o.a.j.t.JMeterThread: Thread is done: POST arrivals 1-519
2026-10-07 10:28:02,883 INFO o.a.j.t.JMeterThread: Thread finished: POST arrivals 1-519
2026-10-07 10:28:04,662 INFO o.a.j.t.JMeterThread: Thread is done: POST arrivals 1-520
2026-10-07 10:28:04,662 INFO o.a.j.t.JMeterThread: Thread finished: POST arrivals 1-520
2026-10-07 10:28:05,815 INFO o.a.j.t.JMeterThread: Thread started: POST arrivals 1-553
2026-10-07 10:28:06,298 INFO o.a.j.t.JMeterThread: Thread is done: POST arrivals 1-521
2026-10-07 10:28:06,298 INFO o.a.j.t.JMeterThread: Thread finished: POST arrivals 1-521
2026-10-07 10:28:09,882 INFO o.a.j.t.JMeterThread: Thread is done: POST arrivals 1-522
2026-10-07 10:28:09,882 INFO o.a.j.t.JMeterThread: Thread finished: POST arrivals 1-522
2026-10-07 10:28:10,105 INFO o.a.j.t.JMeterThread: Thread started: POST arrivals 1-554
2026-10-07 10:28:12,342 INFO o.a.j.t.JMeterThread: Thread is done: POST arrivals 1-523
2026-10-07 10:28:12,343 INFO o.a.j.t.JMeterThread: Thread finished: POST arrivals 1-523
2026-10-07 10:28:13,499 INFO o.a.j.t.JMeterThread: Thread started: POST arrivals 1-555
2026-10-07 10:28:13,515 INFO o.a.j.t.JMeterThread: Thread started: POST arrivals 1-556
2026-10-07 10:28:13,526 INFO o.a.j.t.JMeterThread: Thread started: Search arrivals 2-110
2026-10-07 10:28:14,178 INFO o.a.j.t.JMeterThread: Thread started: POST arrivals 1-557
2026-10-07 10:28:15,721 INFO o.a.j.t.JMeterThread: Thread is done: POST arrivals 1-524
2026-10-07 10:28:15,721 INFO o.a.j.t.JMeterThread: Thread finished: POST arrivals 1-524
2026-10-07 10:28:16,442 INFO o.a.j.t.JMeterThread: Thread started: POST arrivals 1-558
2026-10-07 10:28:16,497 INFO o.a.j.t.JMeterThread: Thread is done: POST arrivals 1-525
2026-10-07 10:28:16,497 INFO o.a.j.t.JMeterThread: Thread finished: POST arrivals 1-525
2026-10-07 10:28:17,263 INFO o.a.j.t.JMeterThread: Thread started: Search arrivals 2-111
2026-10-07 10:28:17,772 INFO o.a.j.t.JMeterThread: Thread is done: POST arrivals 1-526
2026-10-07 10:28:17,773 INFO o.a.j.t.JMeterThread: Thread finished: POST arrivals 1-526
2026-10-07 10:28:17,790 INFO o.a.j.t.JMeterThread: Thread is done: Search arrivals 2-104
2026-10-07 10:28:17,790 INFO o.a.j.t.JMeterThread: Thread finished: Search arrivals 2-104
2026-10-07 10:28:19,846 INFO o.a.j.t.JMeterThread: Thread is done: POST arrivals 1-527
2026-10-07 10:28:19,846 INFO o.a.j.t.JMeterThread: Thread finished: POST arrivals 1-527
2026-10-07 10:28:22,481 INFO o.a.j.t.JMeterThread: Thread is done: POST arrivals 1-528
2026-10-07 10:28:22,481 INFO o.a.j.t.JMeterThread: Thread finished: POST arrivals 1-528
2026-10-07 10:28:22,567 INFO o.a.j.t.JMeterThread: Thread started: Search arrivals 2-112
2026-10-07 10:28:23,516 INFO o.a.j.t.JMeterThread: Thread started: POST arrivals 1-559
2026-10-07 10:28:24,107 INFO o.a.j.t.JMeterThread: Thread is done: POST arrivals 1-529
2026-10-07 10:28:24,107 INFO o.a.j.t.JMeterThread: Thread finished: POST arrivals 1-529
2026-10-07 10:28:28,084 INFO o.a.j.t.JMeterThread: Thread is done: POST arrivals 1-530
2026-10-07 10:28:28,084 INFO o.a.j.t.JMeterThread: Thread finished: POST arrivals 1-530
2026-10-07 10:28:29,135 INFO o.a.j.t.JMeterThread: Thread is done: POST arrivals 1-531
2026-10-07 10:28:29,135 INFO o.a.j.t.JMeterThread: Thread finished: POST arrivals 1-531
2026-10-07 10:28:30,571 INFO o.a.j.t.JMeterThread: Thread started: POST arrivals 1-560
2026-10-07 10:28:30,573 INFO o.a.j.t.JMeterThread: Thread started: POST arrivals 1-561
2026-10-07 10:28:30,981 INFO o.a.j.r.Summariser: summary +     16 in 00:00:31 =    0.5/s Avg: 52736 Min: 47806 Max: 57772 Err:     0 (0.00%) Active: 38 Started: 698 Finished: 660
2026-10-07 10:28:30,983 INFO o.a.j.r.Summariser: summary =    661 in 00:29:36 =    0.4/s Avg:  9195 Min:    18 Max: 57772 Err:     0 (0.00%)
2026-10-07 10:28:30,984 INFO o.a.j.t.JMeterThread: Thread is done: POST arrivals 1-532
2026-10-07 10:28:30,984 INFO o.a.j.t.JMeterThread: Thread finished: POST arrivals 1-532
2026-10-07 10:28:30,995 INFO o.a.j.t.JMeterThread: Thread is done: Search arrivals 2-105
2026-10-07 10:28:30,995 INFO o.a.j.t.JMeterThread: Thread finished: Search arrivals 2-105
2026-10-07 10:28:32,413 INFO o.a.j.t.JMeterThread: Thread is done: POST arrivals 1-533
2026-10-07 10:28:32,414 INFO o.a.j.t.JMeterThread: Thread finished: POST arrivals 1-533
2026-10-07 10:28:33,371 INFO o.a.j.t.JMeterThread: Thread is done: POST arrivals 1-534
2026-10-07 10:28:33,371 INFO o.a.j.t.JMeterThread: Thread finished: POST arrivals 1-534
2026-10-07 10:28:33,415 INFO o.a.j.t.JMeterThread: Thread is done: Search arrivals 2-106
2026-10-07 10:28:33,415 INFO o.a.j.t.JMeterThread: Thread finished: Search arrivals 2-106
2026-10-07 10:28:35,933 INFO o.a.j.t.JMeterThread: Thread started: POST arrivals 1-562
2026-10-07 10:28:36,104 INFO o.a.j.t.JMeterThread: Thread started: POST arrivals 1-563
2026-10-07 10:28:36,303 INFO o.a.j.t.JMeterThread: Thread is done: POST arrivals 1-535
2026-10-07 10:28:36,303 INFO o.a.j.t.JMeterThread: Thread finished: POST arrivals 1-535
2026-10-07 10:28:36,476 INFO o.a.j.t.JMeterThread: Thread started: POST arrivals 1-564
2026-10-07 10:28:37,124 INFO o.a.j.t.JMeterThread: Thread is done: POST arrivals 1-536
2026-10-07 10:28:37,125 INFO o.a.j.t.JMeterThread: Thread finished: POST arrivals 1-536
2026-10-07 10:28:37,599 INFO o.a.j.t.JMeterThread: Thread started: POST arrivals 1-565
2026-10-07 10:28:37,686 INFO o.a.j.t.JMeterThread: Thread started: POST arrivals 1-566
2026-10-07 10:28:38,856 INFO o.a.j.t.JMeterThread: Thread is done: POST arrivals 1-537
2026-10-07 10:28:38,856 INFO o.a.j.t.JMeterThread: Thread finished: POST arrivals 1-537
2026-10-07 10:28:39,014 INFO o.a.j.t.JMeterThread: Thread started: POST arrivals 1-567
2026-10-07 10:28:39,891 INFO o.a.j.t.JMeterThread: Thread is done: POST arrivals 1-538
2026-10-07 10:28:39,891 INFO o.a.j.t.JMeterThread: Thread finished: POST arrivals 1-538
2026-10-07 10:28:39,901 INFO o.a.j.t.JMeterThread: Thread is done: Search arrivals 2-107
2026-10-07 10:28:39,901 INFO o.a.j.t.JMeterThread: Thread finished: Search arrivals 2-107
2026-10-07 10:28:40,280 INFO o.a.j.t.JMeterThread: Thread started: POST arrivals 1-568
2026-10-07 10:28:40,912 INFO o.a.j.t.JMeterThread: Thread is done: POST arrivals 1-539
2026-10-07 10:28:40,913 INFO o.a.j.t.JMeterThread: Thread finished: POST arrivals 1-539
2026-10-07 10:28:43,968 INFO o.a.j.t.JMeterThread: Thread started: Search arrivals 2-113
2026-10-07 10:28:44,281 INFO o.a.j.t.JMeterThread: Thread is done: POST arrivals 1-540
2026-10-07 10:28:44,281 INFO o.a.j.t.JMeterThread: Thread finished: POST arrivals 1-540
2026-10-07 10:28:44,648 INFO o.a.j.t.JMeterThread: Thread started: Search arrivals 2-114
2026-10-07 10:28:44,944 INFO o.a.j.t.JMeterThread: Thread started: Search arrivals 2-115
2026-10-07 10:28:47,016 INFO o.a.j.t.JMeterThread: Thread started: POST arrivals 1-569
2026-10-07 10:28:47,774 INFO o.a.j.t.JMeterThread: Thread is done: POST arrivals 1-541
2026-10-07 10:28:47,774 INFO o.a.j.t.JMeterThread: Thread finished: POST arrivals 1-541
2026-10-07 10:28:48,052 INFO o.a.j.t.JMeterThread: Thread started: POST arrivals 1-570
2026-10-07 10:28:50,248 INFO o.a.j.t.JMeterThread: Thread is done: POST arrivals 1-542
2026-10-07 10:28:50,248 INFO o.a.j.t.JMeterThread: Thread finished: POST arrivals 1-542
2026-10-07 10:28:51,232 INFO o.a.j.t.JMeterThread: Thread is done: POST arrivals 1-543
2026-10-07 10:28:51,232 INFO o.a.j.t.JMeterThread: Thread finished: POST arrivals 1-543
2026-10-07 10:28:51,747 INFO o.a.j.t.JMeterThread: Thread started: Search arrivals 2-116
2026-10-07 10:28:52,229 INFO o.a.j.t.JMeterThread: Thread started: POST arrivals 1-571
2026-10-07 10:28:53,341 INFO o.a.j.t.JMeterThread: Thread started: POST arrivals 1-572
2026-10-07 10:28:53,455 INFO o.a.j.t.JMeterThread: Thread is done: POST arrivals 1-544
2026-10-07 10:28:53,455 INFO o.a.j.t.JMeterThread: Thread finished: POST arrivals 1-544
2026-10-07 10:28:54,946 INFO o.a.j.t.JMeterThread: Thread started: POST arrivals 1-573
2026-10-07 10:28:56,339 INFO o.a.j.t.JMeterThread: Thread is done: POST arrivals 1-545
2026-10-07 10:28:56,339 INFO o.a.j.t.JMeterThread: Thread finished: POST arrivals 1-545
2026-10-07 10:28:57,914 INFO o.a.j.t.JMeterThread: Thread is done: POST arrivals 1-546
2026-10-07 10:28:57,914 INFO o.a.j.t.JMeterThread: Thread finished: POST arrivals 1-546
2026-10-07 10:28:57,928 INFO o.a.j.t.JMeterThread: Thread is done: Search arrivals 2-108
2026-10-07 10:28:57,928 INFO o.a.j.t.JMeterThread: Thread finished: Search arrivals 2-108
2026-10-07 10:28:58,470 INFO o.a.j.t.JMeterThread: Thread started: POST arrivals 1-574
2026-10-07 10:29:01,089 INFO o.a.j.r.Summariser: summary +     19 in 00:00:30 =    0.6/s Avg: 57738 Min: 51948 Max: 62817 Err:     0 (0.00%) Active: 36 Started: 715 Finished: 679
2026-10-07 10:29:01,090 INFO o.a.j.r.Summariser: summary =    680 in 00:30:06 =    0.4/s Avg: 10552 Min:    18 Max: 62817 Err:     0 (0.00%)
2026-10-07 10:29:01,091 INFO o.a.j.t.JMeterThread: Thread is done: POST arrivals 1-547
2026-10-07 10:29:01,091 INFO o.a.j.t.JMeterThread: Thread finished: POST arrivals 1-547
2026-10-07 10:29:02,222 INFO o.a.j.t.JMeterThread: Thread is done: POST arrivals 1-548
2026-10-07 10:29:02,222 INFO o.a.j.t.JMeterThread: Thread finished: POST arrivals 1-548
2026-10-07 10:29:02,317 INFO o.a.j.t.JMeterThread: Thread started: POST arrivals 1-575
2026-10-07 10:29:03,649 INFO o.a.j.t.JMeterThread: Thread is done: POST arrivals 1-549
2026-10-07 10:29:03,649 INFO o.a.j.t.JMeterThread: Thread finished: POST arrivals 1-549
2026-10-07 10:29:03,664 INFO o.a.j.t.JMeterThread: Thread is done: Search arrivals 2-109
2026-10-07 10:29:03,664 INFO o.a.j.t.JMeterThread: Thread finished: Search arrivals 2-109
2026-10-07 10:29:04,908 INFO o.a.j.t.JMeterThread: Thread is done: POST arrivals 1-550
2026-10-07 10:29:04,908 INFO o.a.j.t.JMeterThread: Thread finished: POST arrivals 1-550
2026-10-07 10:29:05,141 INFO o.a.j.t.JMeterThread: Thread started: POST arrivals 1-576
2026-10-07 10:29:05,261 INFO o.a.j.t.JMeterThread: Thread started: POST arrivals 1-577
2026-10-07 10:29:07,224 INFO o.a.j.t.JMeterThread: Thread started: POST arrivals 1-578
2026-10-07 10:29:07,641 INFO o.a.j.t.JMeterThread: Thread is done: POST arrivals 1-551
2026-10-07 10:29:07,641 INFO o.a.j.t.JMeterThread: Thread finished: POST arrivals 1-551
2026-10-07 10:29:08,871 INFO o.a.j.t.JMeterThread: Thread is done: POST arrivals 1-552
2026-10-07 10:29:08,871 INFO o.a.j.t.JMeterThread: Thread finished: POST arrivals 1-552
2026-10-07 10:29:08,952 INFO o.a.j.t.JMeterThread: Thread started: POST arrivals 1-579
2026-10-07 10:29:09,611 INFO o.a.j.t.JMeterThread: Thread is done: POST arrivals 1-553
2026-10-07 10:29:09,611 INFO o.a.j.t.JMeterThread: Thread finished: POST arrivals 1-553
2026-10-07 10:29:09,656 INFO o.a.j.t.JMeterThread: Thread started: POST arrivals 1-580
2026-10-07 10:29:10,528 INFO o.a.j.t.JMeterThread: Thread started: POST arrivals 1-581
2026-10-07 10:29:11,445 INFO o.a.j.t.JMeterThread: Thread started: POST arrivals 1-582
2026-10-07 10:29:11,840 INFO o.a.j.t.JMeterThread: Thread is done: POST arrivals 1-554
2026-10-07 10:29:11,867 INFO o.a.j.t.JMeterThread: Thread finished: POST arrivals 1-554
2026-10-07 10:29:12,064 INFO o.a.j.t.JMeterThread: Thread started: POST arrivals 1-583
2026-10-07 10:29:12,392 INFO o.a.j.t.JMeterThread: Thread started: POST arrivals 1-584
2026-10-07 10:29:12,460 INFO o.a.j.t.JMeterThread: Thread started: POST arrivals 1-585
2026-10-07 10:29:14,863 INFO o.a.j.t.JMeterThread: Thread is done: POST arrivals 1-555
2026-10-07 10:29:14,863 INFO o.a.j.t.JMeterThread: Thread finished: POST arrivals 1-555
2026-10-07 10:29:16,407 INFO o.a.j.t.JMeterThread: Thread started: POST arrivals 1-586
2026-10-07 10:29:16,447 INFO o.a.j.t.JMeterThread: Thread started: Search arrivals 2-117
2026-10-07 10:29:16,736 INFO o.a.j.t.JMeterThread: Thread is done: POST arrivals 1-556
2026-10-07 10:29:16,736 INFO o.a.j.t.JMeterThread: Thread finished: POST arrivals 1-556
2026-10-07 10:29:16,783 INFO o.a.j.t.JMeterThread: Thread is done: Search arrivals 2-110
2026-10-07 10:29:16,783 INFO o.a.j.t.JMeterThread: Thread finished: Search arrivals 2-110
2026-10-07 10:29:17,155 INFO o.a.j.t.JMeterThread: Thread started: Search arrivals 2-118
2026-10-07 10:29:18,190 INFO o.a.j.t.JMeterThread: Thread is done: POST arrivals 1-557
2026-10-07 10:29:18,190 INFO o.a.j.t.JMeterThread: Thread finished: POST arrivals 1-557
2026-10-07 10:29:20,647 INFO o.a.j.t.JMeterThread: Thread is done: POST arrivals 1-558
2026-10-07 10:29:20,647 INFO o.a.j.t.JMeterThread: Thread finished: POST arrivals 1-558
2026-10-07 10:29:20,664 INFO o.a.j.t.JMeterThread: Thread is done: Search arrivals 2-111
2026-10-07 10:29:20,664 INFO o.a.j.t.JMeterThread: Thread finished: Search arrivals 2-111
2026-10-07 10:29:20,694 INFO o.a.j.t.JMeterThread: Thread is done: Search arrivals 2-112
2026-10-07 10:29:20,694 INFO o.a.j.t.JMeterThread: Thread finished: Search arrivals 2-112
2026-10-07 10:29:21,220 INFO o.a.j.t.JMeterThread: Thread started: POST arrivals 1-587
2026-10-07 10:29:21,773 INFO o.a.j.t.JMeterThread: Thread is done: POST arrivals 1-559
2026-10-07 10:29:21,774 INFO o.a.j.t.JMeterThread: Thread finished: POST arrivals 1-559
2026-10-07 10:29:23,668 INFO o.a.j.t.JMeterThread: Thread started: POST arrivals 1-588
2026-10-07 10:29:23,711 INFO o.a.j.t.JMeterThread: Thread started: Search arrivals 2-119
2026-10-07 10:29:25,628 INFO o.a.j.t.JMeterThread: Thread is done: POST arrivals 1-560
2026-10-07 10:29:25,628 INFO o.a.j.t.JMeterThread: Thread finished: POST arrivals 1-560
2026-10-07 10:29:27,075 INFO o.a.j.t.JMeterThread: Thread started: POST arrivals 1-589
2026-10-07 10:29:27,508 INFO o.a.j.t.JMeterThread: Thread is done: POST arrivals 1-561
2026-10-07 10:29:27,509 INFO o.a.j.t.JMeterThread: Thread finished: POST arrivals 1-561
2026-10-07 10:29:28,213 INFO o.a.j.t.JMeterThread: Thread started: POST arrivals 1-590
2026-10-07 10:29:28,823 INFO o.a.j.t.JMeterThread: Thread started: Search arrivals 2-120
2026-10-07 10:29:29,905 INFO o.a.j.t.JMeterThread: Thread is done: POST arrivals 1-562
2026-10-07 10:29:29,905 INFO o.a.j.t.JMeterThread: Thread finished: POST arrivals 1-562
2026-10-07 10:29:30,566 INFO o.a.j.t.JMeterThread: Thread started: POST arrivals 1-591
2026-10-07 10:29:32,151 INFO o.a.j.r.Summariser: summary +     20 in 00:00:31 =    0.6/s Avg: 61451 Min: 53967 Max: 66607 Err:     0 (0.00%) Active: 37 Started: 736 Finished: 699
2026-10-07 10:29:32,153 INFO o.a.j.r.Summariser: summary =    700 in 00:30:37 =    0.4/s Avg: 12006 Min:    18 Max: 66607 Err:     0 (0.00%)
2026-10-07 10:29:32,153 INFO o.a.j.t.JMeterThread: Thread is done: POST arrivals 1-563
2026-10-07 10:29:32,153 INFO o.a.j.t.JMeterThread: Thread finished: POST arrivals 1-563
2026-10-07 10:29:32,812 INFO o.a.j.t.JMeterThread: Thread started: POST arrivals 1-592
2026-10-07 10:29:33,447 INFO o.a.j.t.JMeterThread: Thread is done: POST arrivals 1-564
2026-10-07 10:29:33,447 INFO o.a.j.t.JMeterThread: Thread finished: POST arrivals 1-564
2026-10-07 10:29:33,901 INFO o.a.j.t.JMeterThread: Thread started: POST arrivals 1-593
2026-10-07 10:29:34,063 INFO o.a.j.t.JMeterThread: Thread started: POST arrivals 1-594
2026-10-07 10:29:34,268 INFO o.a.j.t.JMeterThread: Thread started: POST arrivals 1-595
2026-10-07 10:29:34,485 INFO o.a.j.t.JMeterThread: Thread started: POST arrivals 1-596
2026-10-07 10:29:35,935 INFO o.a.j.t.JMeterThread: Thread started: POST arrivals 1-597
2026-10-07 10:29:36,112 INFO o.a.j.t.JMeterThread: Thread started: POST arrivals 1-598
2026-10-07 10:29:37,135 INFO o.a.j.t.JMeterThread: Thread is done: POST arrivals 1-565
2026-10-07 10:29:37,135 INFO o.a.j.t.JMeterThread: Thread finished: POST arrivals 1-565
2026-10-07 10:29:38,231 INFO o.a.j.t.JMeterThread: Thread started: POST arrivals 1-599
2026-10-07 10:29:38,552 INFO o.a.j.t.JMeterThread: Thread is done: POST arrivals 1-566
2026-10-07 10:29:38,552 INFO o.a.j.t.JMeterThread: Thread finished: POST arrivals 1-566
2026-10-07 10:29:39,388 INFO o.a.j.t.JMeterThread: Thread is done: POST arrivals 1-567
2026-10-07 10:29:39,388 INFO o.a.j.t.JMeterThread: Thread finished: POST arrivals 1-567
2026-10-07 10:29:39,620 INFO o.a.j.t.JMeterThread: Thread started: Search arrivals 2-121
2026-10-07 10:29:40,925 INFO o.a.j.t.JMeterThread: Thread is done: POST arrivals 1-568
2026-10-07 10:29:40,925 INFO o.a.j.t.JMeterThread: Thread finished: POST arrivals 1-568
2026-10-07 10:29:40,942 INFO o.a.j.t.JMeterThread: Thread is done: Search arrivals 2-114
2026-10-07 10:29:40,942 INFO o.a.j.t.JMeterThread: Thread finished: Search arrivals 2-114
2026-10-07 10:29:40,959 INFO o.a.j.t.JMeterThread: Thread is done: Search arrivals 2-113
2026-10-07 10:29:40,959 INFO o.a.j.t.JMeterThread: Thread finished: Search arrivals 2-113
2026-10-07 10:29:40,977 INFO o.a.j.t.JMeterThread: Thread is done: Search arrivals 2-115
2026-10-07 10:29:40,977 INFO o.a.j.t.JMeterThread: Thread finished: Search arrivals 2-115
2026-10-07 10:29:42,025 INFO o.a.j.t.JMeterThread: Thread started: Search arrivals 2-122
2026-10-07 10:29:42,247 INFO o.a.j.t.JMeterThread: Thread started: POST arrivals 1-600
2026-10-07 10:29:43,948 INFO o.a.j.t.JMeterThread: Thread is done: POST arrivals 1-569
2026-10-07 10:29:43,948 INFO o.a.j.t.JMeterThread: Thread finished: POST arrivals 1-569
2026-10-07 10:29:44,064 INFO o.a.j.t.JMeterThread: Thread started: POST arrivals 1-601
2026-10-07 10:29:44,202 INFO o.a.j.t.JMeterThread: Thread started: POST arrivals 1-602
2026-10-07 10:29:44,364 INFO o.a.j.t.JMeterThread: Thread started: POST arrivals 1-603
2026-10-07 10:29:45,103 INFO o.a.j.t.JMeterThread: Thread started: POST arrivals 1-604
2026-10-07 10:29:45,218 INFO o.a.j.t.JMeterThread: Thread started: POST arrivals 1-605
2026-10-07 10:29:46,046 INFO o.a.j.t.JMeterThread: Thread started: POST arrivals 1-606
2026-10-07 10:29:46,860 INFO o.a.j.t.JMeterThread: Thread started: Search arrivals 2-123
2026-10-07 10:29:46,864 INFO o.a.j.t.JMeterThread: Thread is done: POST arrivals 1-570
2026-10-07 10:29:46,865 INFO o.a.j.t.JMeterThread: Thread finished: POST arrivals 1-570
2026-10-07 10:29:46,879 INFO o.a.j.t.JMeterThread: Thread is done: Search arrivals 2-116
2026-10-07 10:29:46,879 INFO o.a.j.t.JMeterThread: Thread finished: Search arrivals 2-116
2026-10-07 10:29:48,025 INFO o.a.j.t.JMeterThread: Thread started: POST arrivals 1-607
2026-10-07 10:29:48,184 INFO o.a.j.t.JMeterThread: Thread started: POST arrivals 1-608
2026-10-07 10:29:48,240 INFO o.a.j.t.JMeterThread: Thread started: POST arrivals 1-609
2026-10-07 10:29:49,078 INFO o.a.j.t.JMeterThread: Thread started: POST arrivals 1-610
2026-10-07 10:29:50,092 INFO o.a.j.t.JMeterThread: Thread is done: POST arrivals 1-571
2026-10-07 10:29:50,092 INFO o.a.j.t.JMeterThread: Thread finished: POST arrivals 1-571
2026-10-07 10:29:50,260 INFO o.a.j.t.JMeterThread: Thread started: POST arrivals 1-611
2026-10-07 10:29:51,378 INFO o.a.j.t.JMeterThread: Thread is done: POST arrivals 1-572
2026-10-07 10:29:51,378 INFO o.a.j.t.JMeterThread: Thread finished: POST arrivals 1-572
2026-10-07 10:29:53,010 INFO o.a.j.t.JMeterThread: Thread is done: POST arrivals 1-573
2026-10-07 10:29:53,010 INFO o.a.j.t.JMeterThread: Thread finished: POST arrivals 1-573
2026-10-07 10:29:53,723 INFO o.a.j.t.JMeterThread: Thread started: POST arrivals 1-612
2026-10-07 10:29:54,131 INFO o.a.j.t.JMeterThread: Thread started: POST arrivals 1-613
2026-10-07 10:29:54,150 INFO o.a.j.t.JMeterThread: Thread started: POST arrivals 1-614
2026-10-07 10:29:54,251 INFO o.a.j.t.JMeterThread: Thread is done: POST arrivals 1-574
2026-10-07 10:29:54,251 INFO o.a.j.t.JMeterThread: Thread finished: POST arrivals 1-574
2026-10-07 10:29:55,566 INFO o.a.j.t.JMeterThread: Thread is done: POST arrivals 1-575
2026-10-07 10:29:55,587 INFO o.a.j.t.JMeterThread: Thread finished: POST arrivals 1-575
2026-10-07 10:29:56,390 INFO o.a.j.t.JMeterThread: Thread is done: POST arrivals 1-576
2026-10-07 10:29:56,390 INFO o.a.j.t.JMeterThread: Thread finished: POST arrivals 1-576
2026-10-07 10:29:56,728 INFO o.a.j.t.JMeterThread: Thread started: POST arrivals 1-615
2026-10-07 10:29:58,844 INFO o.a.j.t.JMeterThread: Thread is done: POST arrivals 1-577
2026-10-07 10:29:58,844 INFO o.a.j.t.JMeterThread: Thread finished: POST arrivals 1-577
2026-10-07 10:30:00,142 INFO o.a.j.t.JMeterThread: Thread started: POST arrivals 1-616
2026-10-07 10:30:00,492 INFO o.a.j.r.Summariser: summary +     19 in 00:00:28 =    0.7/s Avg: 56819 Min: 51244 Max: 60861 Err:     0 (0.00%) Active: 46 Started: 764 Finished: 718
2026-10-07 10:30:00,495 INFO o.a.j.r.Summariser: summary =    719 in 00:31:05 =    0.4/s Avg: 13190 Min:    18 Max: 66607 Err:     0 (0.00%)
2026-10-07 10:30:00,495 INFO o.a.j.t.JMeterThread: Thread is done: POST arrivals 1-578
2026-10-07 10:30:00,495 INFO o.a.j.t.JMeterThread: Thread finished: POST arrivals 1-578
2026-10-07 10:30:01,033 INFO o.a.j.t.JMeterThread: Thread started: Search arrivals 2-124
2026-10-07 10:30:01,508 INFO o.a.j.t.JMeterThread: Thread is done: POST arrivals 1-579
2026-10-07 10:30:01,508 INFO o.a.j.t.JMeterThread: Thread finished: POST arrivals 1-579
2026-10-07 10:30:02,942 INFO o.a.j.t.JMeterThread: Thread is done: POST arrivals 1-580
2026-10-07 10:30:02,942 INFO o.a.j.t.JMeterThread: Thread finished: POST arrivals 1-580
2026-10-07 10:30:03,462 INFO o.a.j.t.JMeterThread: Thread started: POST arrivals 1-617
2026-10-07 10:30:03,713 INFO o.a.j.t.JMeterThread: Thread started: POST arrivals 1-618
2026-10-07 10:30:03,848 INFO o.a.j.t.JMeterThread: Thread started: Search arrivals 2-125
2026-10-07 10:30:03,893 INFO o.a.j.t.JMeterThread: Thread started: POST arrivals 1-619
2026-10-07 10:30:03,941 INFO o.a.j.t.JMeterThread: Thread is done: POST arrivals 1-581
2026-10-07 10:30:03,941 INFO o.a.j.t.JMeterThread: Thread finished: POST arrivals 1-581
2026-10-07 10:30:05,400 INFO o.a.j.t.JMeterThread: Thread is done: POST arrivals 1-582
2026-10-07 10:30:05,400 INFO o.a.j.t.JMeterThread: Thread finished: POST arrivals 1-582
2026-10-07 10:30:08,164 INFO o.a.j.t.JMeterThread: Thread is done: POST arrivals 1-583
2026-10-07 10:30:08,165 INFO o.a.j.t.JMeterThread: Thread finished: POST arrivals 1-583
2026-10-07 10:30:09,083 INFO o.a.j.t.JMeterThread: Thread is done: POST arrivals 1-584
2026-10-07 10:30:09,083 INFO o.a.j.t.JMeterThread: Thread finished: POST arrivals 1-584
2026-10-07 10:30:09,856 INFO o.a.j.t.JMeterThread: Thread started: POST arrivals 1-620
2026-10-07 10:30:10,115 INFO o.a.j.t.JMeterThread: Thread is done: POST arrivals 1-585
2026-10-07 10:30:10,115 INFO o.a.j.t.JMeterThread: Thread finished: POST arrivals 1-585
2026-10-07 10:30:10,391 INFO o.a.j.t.JMeterThread: Thread started: POST arrivals 1-621
2026-10-07 10:30:11,863 INFO o.a.j.t.JMeterThread: Thread is done: POST arrivals 1-586
2026-10-07 10:30:11,863 INFO o.a.j.t.JMeterThread: Thread finished: POST arrivals 1-586
2026-10-07 10:30:11,867 INFO o.a.j.t.JMeterThread: Thread is done: Search arrivals 2-117
2026-10-07 10:30:11,867 INFO o.a.j.t.JMeterThread: Thread finished: Search arrivals 2-117
2026-10-07 10:30:11,873 INFO o.a.j.t.JMeterThread: Thread is done: Search arrivals 2-118
2026-10-07 10:30:11,873 INFO o.a.j.t.JMeterThread: Thread finished: Search arrivals 2-118
2026-10-07 10:30:12,461 INFO o.a.j.t.JMeterThread: Thread started: POST arrivals 1-622
2026-10-07 10:30:14,708 INFO o.a.j.t.JMeterThread: Thread is done: POST arrivals 1-587
2026-10-07 10:30:14,708 INFO o.a.j.t.JMeterThread: Thread finished: POST arrivals 1-587
2026-10-07 10:30:14,768 INFO o.a.j.t.JMeterThread: Thread started: Search arrivals 2-126
2026-10-07 10:30:14,980 INFO o.a.j.t.JMeterThread: Thread started: POST arrivals 1-623
2026-10-07 10:30:15,611 INFO o.a.j.t.JMeterThread: Thread started: POST arrivals 1-624
2026-10-07 10:30:16,715 INFO o.a.j.t.JMeterThread: Thread is done: POST arrivals 1-588
2026-10-07 10:30:16,715 INFO o.a.j.t.JMeterThread: Thread finished: POST arrivals 1-588
2026-10-07 10:30:16,779 INFO o.a.j.t.JMeterThread: Thread is done: Search arrivals 2-119
2026-10-07 10:30:16,780 INFO o.a.j.t.JMeterThread: Thread finished: Search arrivals 2-119
2026-10-07 10:30:17,304 INFO o.a.j.t.JMeterThread: Thread started: POST arrivals 1-625
2026-10-07 10:30:18,029 INFO o.a.j.t.JMeterThread: Thread started: POST arrivals 1-626
2026-10-07 10:30:18,039 INFO o.a.j.t.JMeterThread: Thread is done: POST arrivals 1-589
2026-10-07 10:30:18,039 INFO o.a.j.t.JMeterThread: Thread finished: POST arrivals 1-589
2026-10-07 10:30:18,217 INFO o.a.j.t.JMeterThread: Thread started: POST arrivals 1-627
2026-10-07 10:30:19,384 INFO o.a.j.t.JMeterThread: Thread is done: POST arrivals 1-590
2026-10-07 10:30:19,384 INFO o.a.j.t.JMeterThread: Thread finished: POST arrivals 1-590
2026-10-07 10:30:19,442 INFO o.a.j.t.JMeterThread: Thread is done: Search arrivals 2-120
2026-10-07 10:30:19,443 INFO o.a.j.t.JMeterThread: Thread finished: Search arrivals 2-120
2026-10-07 10:30:20,493 INFO o.a.j.t.JMeterThread: Thread is done: POST arrivals 1-591
2026-10-07 10:30:20,493 INFO o.a.j.t.JMeterThread: Thread finished: POST arrivals 1-591
2026-10-07 10:30:20,879 INFO o.a.j.t.JMeterThread: Thread started: POST arrivals 1-628
2026-10-07 10:30:21,245 INFO o.a.j.t.JMeterThread: Thread started: POST arrivals 1-629
2026-10-07 10:30:21,521 INFO o.a.j.t.JMeterThread: Thread started: POST arrivals 1-630
2026-10-07 10:30:22,607 INFO o.a.j.t.JMeterThread: Thread is done: POST arrivals 1-592
2026-10-07 10:30:22,607 INFO o.a.j.t.JMeterThread: Thread finished: POST arrivals 1-592
2026-10-07 10:30:23,924 INFO o.a.j.t.JMeterThread: Thread started: POST arrivals 1-631
2026-10-07 10:30:24,243 INFO o.a.j.t.JMeterThread: Thread is done: POST arrivals 1-593
2026-10-07 10:30:24,249 INFO o.a.j.t.JMeterThread: Thread finished: POST arrivals 1-593
2026-10-07 10:30:25,881 INFO o.a.j.t.JMeterThread: Thread is done: POST arrivals 1-594
2026-10-07 10:30:25,881 INFO o.a.j.t.JMeterThread: Thread finished: POST arrivals 1-594
2026-10-07 10:30:25,918 INFO o.a.j.t.JMeterThread: Thread started: POST arrivals 1-632
2026-10-07 10:30:26,890 INFO o.a.j.t.JMeterThread: Thread started: POST arrivals 1-633
2026-10-07 10:30:27,134 INFO o.a.j.t.JMeterThread: Thread started: POST arrivals 1-634
2026-10-07 10:30:27,269 INFO o.a.j.t.JMeterThread: Thread is done: POST arrivals 1-595
2026-10-07 10:30:27,269 INFO o.a.j.t.JMeterThread: Thread finished: POST arrivals 1-595
2026-10-07 10:30:28,806 INFO o.a.j.t.JMeterThread: Thread is done: POST arrivals 1-596
2026-10-07 10:30:28,806 INFO o.a.j.t.JMeterThread: Thread finished: POST arrivals 1-596
2026-10-07 10:30:30,389 INFO o.a.j.r.Summariser: summary +     23 in 00:00:30 =    0.8/s Avg: 53264 Min: 49790 Max: 57650 Err:     0 (0.00%) Active: 44 Started: 785 Finished: 741
2026-10-07 10:30:30,391 INFO o.a.j.r.Summariser: summary =    742 in 00:31:35 =    0.4/s Avg: 14432 Min:    18 Max: 66607 Err:     0 (0.00%)
2026-10-07 10:30:30,392 INFO o.a.j.t.JMeterThread: Thread is done: POST arrivals 1-597
2026-10-07 10:30:30,392 INFO o.a.j.t.JMeterThread: Thread finished: POST arrivals 1-597
2026-10-07 10:30:30,838 INFO o.a.j.t.JMeterThread: Thread started: Search arrivals 2-127
2026-10-07 10:30:31,426 INFO o.a.j.t.JMeterThread: Thread is done: POST arrivals 1-598
2026-10-07 10:30:31,426 INFO o.a.j.t.JMeterThread: Thread finished: POST arrivals 1-598
2026-10-07 10:30:32,425 INFO o.a.j.t.JMeterThread: Thread started: Stats arrivals 3-26
2026-10-07 10:30:33,765 INFO o.a.j.t.JMeterThread: Thread is done: POST arrivals 1-599
2026-10-07 10:30:33,791 INFO o.a.j.t.JMeterThread: Thread finished: POST arrivals 1-599
2026-10-07 10:30:33,786 INFO o.a.j.t.JMeterThread: Thread is done: Search arrivals 2-122
2026-10-07 10:30:33,791 INFO o.a.j.t.JMeterThread: Thread finished: Search arrivals 2-122
2026-10-07 10:30:33,777 INFO o.a.j.t.JMeterThread: Thread is done: Search arrivals 2-121
2026-10-07 10:30:33,791 INFO o.a.j.t.JMeterThread: Thread finished: Search arrivals 2-121
2026-10-07 10:30:33,792 INFO o.a.j.t.JMeterThread: Thread started: Search arrivals 2-128
2026-10-07 10:30:33,797 INFO o.a.j.t.o.EvenArrivalsRamp: Generating 0 events, beginRate = 0.0 / sec, endRate = 0.0 / sec, duration = 360.0 sec
2026-10-07 10:30:33,797 INFO o.a.j.t.o.OpenModelThreadGroup: There will be no more events, so will wait for 381 sec till the end of the schedule
2026-10-07 10:30:34,681 INFO o.a.j.t.JMeterThread: Thread started: POST arrivals 1-635
2026-10-07 10:30:34,995 INFO o.a.j.t.JMeterThread: Thread is done: POST arrivals 1-600
2026-10-07 10:30:34,996 INFO o.a.j.t.JMeterThread: Thread finished: POST arrivals 1-600
2026-10-07 10:30:37,042 INFO o.a.j.t.JMeterThread: Thread is done: POST arrivals 1-601
2026-10-07 10:30:37,042 INFO o.a.j.t.JMeterThread: Thread finished: POST arrivals 1-601
2026-10-07 10:30:37,243 INFO o.a.j.t.JMeterThread: Thread started: POST arrivals 1-636
2026-10-07 10:30:38,499 INFO o.a.j.t.JMeterThread: Thread started: POST arrivals 1-637
2026-10-07 10:30:39,309 INFO o.a.j.t.JMeterThread: Thread started: POST arrivals 1-638
2026-10-07 10:30:40,804 INFO o.a.j.t.JMeterThread: Thread is done: POST arrivals 1-602
2026-10-07 10:30:40,804 INFO o.a.j.t.JMeterThread: Thread finished: POST arrivals 1-602
2026-10-07 10:30:43,496 INFO o.a.j.t.JMeterThread: Thread is done: POST arrivals 1-603
2026-10-07 10:30:43,497 INFO o.a.j.t.JMeterThread: Thread finished: POST arrivals 1-603
2026-10-07 10:30:44,141 INFO o.a.j.t.JMeterThread: Thread started: Stats arrivals 3-27
2026-10-07 10:30:44,152 INFO o.a.j.t.JMeterThread: Thread is done: POST arrivals 1-604
2026-10-07 10:30:44,153 INFO o.a.j.t.JMeterThread: Thread finished: POST arrivals 1-604
2026-10-07 10:30:45,095 INFO o.a.j.t.JMeterThread: Thread started: POST arrivals 1-639
2026-10-07 10:30:46,056 INFO o.a.j.t.JMeterThread: Thread is done: POST arrivals 1-605
2026-10-07 10:30:46,056 INFO o.a.j.t.JMeterThread: Thread finished: POST arrivals 1-605
2026-10-07 10:30:46,522 INFO o.a.j.t.JMeterThread: Thread started: POST arrivals 1-640
2026-10-07 10:30:47,899 INFO o.a.j.t.JMeterThread: Thread is done: POST arrivals 1-606
2026-10-07 10:30:47,899 INFO o.a.j.t.JMeterThread: Thread finished: POST arrivals 1-606
2026-10-07 10:30:47,944 INFO o.a.j.t.JMeterThread: Thread is done: Search arrivals 2-123
2026-10-07 10:30:47,944 INFO o.a.j.t.JMeterThread: Thread finished: Search arrivals 2-123
2026-10-07 10:30:48,438 INFO o.a.j.t.JMeterThread: Thread started: POST arrivals 1-641
2026-10-07 10:30:49,447 INFO o.a.j.t.JMeterThread: Thread started: Stats arrivals 3-28
2026-10-07 10:30:50,249 INFO o.a.j.t.o.EvenArrivalsRamp: Generating 0 events, beginRate = 0.0 / sec, endRate = 0.0 / sec, duration = 360.0 sec
2026-10-07 10:30:50,249 INFO o.a.j.t.JMeterThread: Thread started: POST arrivals 1-642
2026-10-07 10:30:50,250 INFO o.a.j.t.o.OpenModelThreadGroup: There will be no more events, so will wait for 364 sec till the end of the schedule
2026-10-07 10:30:50,917 INFO o.a.j.t.JMeterThread: Thread is done: POST arrivals 1-607
2026-10-07 10:30:50,917 INFO o.a.j.t.JMeterThread: Thread finished: POST arrivals 1-607
2026-10-07 10:30:53,810 INFO o.a.j.t.JMeterThread: Thread started: Stats arrivals 3-29
2026-10-07 10:30:54,284 INFO o.a.j.t.o.EvenArrivalsRamp: Generating 0 events, beginRate = 0.0 / sec, endRate = 0.0 / sec, duration = 360.0 sec
2026-10-07 10:30:54,284 INFO o.a.j.t.o.OpenModelThreadGroup: There will be no more events, so will wait for 360 sec till the end of the schedule
2026-10-07 10:30:54,285 INFO o.a.j.t.JMeterThread: Thread started: Stats arrivals 3-30
2026-10-07 10:30:54,302 INFO o.a.j.t.JMeterThread: Thread is done: POST arrivals 1-608
2026-10-07 10:30:54,302 INFO o.a.j.t.JMeterThread: Thread finished: POST arrivals 1-608
2026-10-07 10:30:57,009 INFO o.a.j.t.JMeterThread: Thread is done: POST arrivals 1-609
2026-10-07 10:30:57,009 INFO o.a.j.t.JMeterThread: Thread finished: POST arrivals 1-609
2026-10-07 10:31:00,772 INFO o.a.j.r.Summariser: summary +     16 in 00:00:30 =    0.5/s Avg: 59400 Min: 51757 Max: 71684 Err:     0 (0.00%) Active: 43 Started: 800 Finished: 757
2026-10-07 10:31:00,774 INFO o.a.j.r.Summariser: summary =    758 in 00:32:06 =    0.4/s Avg: 15382 Min:    18 Max: 71684 Err:     0 (0.00%)
2026-10-07 10:31:00,774 INFO o.a.j.t.JMeterThread: Thread is done: POST arrivals 1-610
2026-10-07 10:31:00,774 INFO o.a.j.t.JMeterThread: Thread finished: POST arrivals 1-610
2026-10-07 10:31:02,559 INFO o.a.j.t.JMeterThread: Thread is done: POST arrivals 1-611
2026-10-07 10:31:02,559 INFO o.a.j.t.JMeterThread: Thread finished: POST arrivals 1-611
2026-10-07 10:31:04,944 INFO o.a.j.t.JMeterThread: Thread is done: POST arrivals 1-612
2026-10-07 10:31:04,944 INFO o.a.j.t.JMeterThread: Thread finished: POST arrivals 1-612
2026-10-07 10:31:06,021 INFO o.a.j.t.JMeterThread: Thread is done: POST arrivals 1-613
2026-10-07 10:31:06,021 INFO o.a.j.t.JMeterThread: Thread finished: POST arrivals 1-613
2026-10-07 10:31:07,501 INFO o.a.j.t.JMeterThread: Thread is done: POST arrivals 1-614
2026-10-07 10:31:07,501 INFO o.a.j.t.JMeterThread: Thread finished: POST arrivals 1-614
2026-10-07 10:31:08,585 INFO o.a.j.t.JMeterThread: Thread is done: POST arrivals 1-615
2026-10-07 10:31:08,585 INFO o.a.j.t.JMeterThread: Thread finished: POST arrivals 1-615
2026-10-07 10:31:10,428 INFO o.a.j.t.JMeterThread: Thread is done: POST arrivals 1-616
2026-10-07 10:31:10,428 INFO o.a.j.t.JMeterThread: Thread finished: POST arrivals 1-616
2026-10-07 10:31:10,468 INFO o.a.j.t.JMeterThread: Thread is done: Search arrivals 2-124
2026-10-07 10:31:10,468 INFO o.a.j.t.JMeterThread: Thread finished: Search arrivals 2-124
2026-10-07 10:31:11,963 INFO o.a.j.t.JMeterThread: Thread is done: POST arrivals 1-617
2026-10-07 10:31:11,963 INFO o.a.j.t.JMeterThread: Thread finished: POST arrivals 1-617
2026-10-07 10:31:12,781 INFO o.a.j.t.JMeterThread: Thread is done: POST arrivals 1-618
2026-10-07 10:31:12,781 INFO o.a.j.t.JMeterThread: Thread finished: POST arrivals 1-618
2026-10-07 10:31:12,792 INFO o.a.j.t.JMeterThread: Thread is done: Search arrivals 2-125
2026-10-07 10:31:12,792 INFO o.a.j.t.JMeterThread: Thread finished: Search arrivals 2-125
2026-10-07 10:31:14,219 INFO o.a.j.t.JMeterThread: Thread is done: POST arrivals 1-619
2026-10-07 10:31:14,219 INFO o.a.j.t.JMeterThread: Thread finished: POST arrivals 1-619
2026-10-07 10:31:15,868 INFO o.a.j.t.JMeterThread: Thread is done: POST arrivals 1-620
2026-10-07 10:31:15,868 INFO o.a.j.t.JMeterThread: Thread finished: POST arrivals 1-620
2026-10-07 10:31:17,292 INFO o.a.j.t.JMeterThread: Thread is done: POST arrivals 1-621
2026-10-07 10:31:17,293 INFO o.a.j.t.JMeterThread: Thread finished: POST arrivals 1-621
2026-10-07 10:31:18,110 INFO o.a.j.t.JMeterThread: Thread is done: POST arrivals 1-622
2026-10-07 10:31:18,110 INFO o.a.j.t.JMeterThread: Thread finished: POST arrivals 1-622
2026-10-07 10:31:18,156 INFO o.a.j.t.JMeterThread: Thread is done: Search arrivals 2-126
2026-10-07 10:31:18,156 INFO o.a.j.t.JMeterThread: Thread finished: Search arrivals 2-126
2026-10-07 10:31:19,233 INFO o.a.j.t.JMeterThread: Thread is done: POST arrivals 1-623
2026-10-07 10:31:19,233 INFO o.a.j.t.JMeterThread: Thread finished: POST arrivals 1-623
2026-10-07 10:31:22,101 INFO o.a.j.t.JMeterThread: Thread is done: POST arrivals 1-624
2026-10-07 10:31:22,101 INFO o.a.j.t.JMeterThread: Thread finished: POST arrivals 1-624
2026-10-07 10:31:23,436 INFO o.a.j.t.JMeterThread: Thread is done: POST arrivals 1-625
2026-10-07 10:31:23,436 INFO o.a.j.t.JMeterThread: Thread finished: POST arrivals 1-625
2026-10-07 10:31:25,376 INFO o.a.j.t.JMeterThread: Thread is done: POST arrivals 1-626
2026-10-07 10:31:25,376 INFO o.a.j.t.JMeterThread: Thread finished: POST arrivals 1-626
2026-10-07 10:31:26,607 INFO o.a.j.t.JMeterThread: Thread is done: POST arrivals 1-627
2026-10-07 10:31:26,607 INFO o.a.j.t.JMeterThread: Thread finished: POST arrivals 1-627
2026-10-07 10:31:28,144 INFO o.a.j.t.JMeterThread: Thread is done: POST arrivals 1-628
2026-10-07 10:31:28,144 INFO o.a.j.t.JMeterThread: Thread finished: POST arrivals 1-628
2026-10-07 10:31:30,107 INFO o.a.j.r.Summariser: summary +     22 in 00:00:29 =    0.8/s Avg: 68532 Min: 63382 Max: 73343 Err:     0 (0.00%) Active: 21 Started: 800 Finished: 779
2026-10-07 10:31:30,111 INFO o.a.j.r.Summariser: summary =    780 in 00:32:35 =    0.4/s Avg: 16881 Min:    18 Max: 73343 Err:     0 (0.00%)
2026-10-07 10:31:30,111 INFO o.a.j.t.JMeterThread: Thread is done: POST arrivals 1-629
2026-10-07 10:31:30,111 INFO o.a.j.t.JMeterThread: Thread finished: POST arrivals 1-629
2026-10-07 10:31:32,446 INFO o.a.j.t.JMeterThread: Thread is done: POST arrivals 1-630
2026-10-07 10:31:32,446 INFO o.a.j.t.JMeterThread: Thread finished: POST arrivals 1-630
2026-10-07 10:31:34,357 INFO o.a.j.t.JMeterThread: Thread is done: POST arrivals 1-631
2026-10-07 10:31:34,357 INFO o.a.j.t.JMeterThread: Thread finished: POST arrivals 1-631
2026-10-07 10:31:36,030 INFO o.a.j.t.JMeterThread: Thread is done: POST arrivals 1-632
2026-10-07 10:31:36,030 INFO o.a.j.t.JMeterThread: Thread finished: POST arrivals 1-632
2026-10-07 10:31:38,077 INFO o.a.j.t.JMeterThread: Thread is done: POST arrivals 1-633
2026-10-07 10:31:38,077 INFO o.a.j.t.JMeterThread: Thread finished: POST arrivals 1-633
2026-10-07 10:31:40,033 INFO o.a.j.t.JMeterThread: Thread is done: POST arrivals 1-634
2026-10-07 10:31:40,033 INFO o.a.j.t.JMeterThread: Thread finished: POST arrivals 1-634
2026-10-07 10:31:40,094 INFO o.a.j.t.JMeterThread: Thread is done: Search arrivals 2-127
2026-10-07 10:31:40,094 INFO o.a.j.t.JMeterThread: Thread finished: Search arrivals 2-127
2026-10-07 10:31:40,121 INFO o.a.j.t.JMeterThread: Thread is done: Stats arrivals 3-26
2026-10-07 10:31:40,121 INFO o.a.j.t.JMeterThread: Thread finished: Stats arrivals 3-26
2026-10-07 10:31:40,176 INFO o.a.j.t.JMeterThread: Thread is done: Search arrivals 2-128
2026-10-07 10:31:40,176 INFO o.a.j.t.JMeterThread: Thread finished: Search arrivals 2-128
2026-10-07 10:31:41,564 INFO o.a.j.t.JMeterThread: Thread is done: POST arrivals 1-635
2026-10-07 10:31:41,564 INFO o.a.j.t.JMeterThread: Thread finished: POST arrivals 1-635
2026-10-07 10:31:43,711 INFO o.a.j.t.JMeterThread: Thread is done: POST arrivals 1-636
2026-10-07 10:31:43,711 INFO o.a.j.t.JMeterThread: Thread finished: POST arrivals 1-636
2026-10-07 10:31:46,577 INFO o.a.j.t.JMeterThread: Thread is done: POST arrivals 1-637
2026-10-07 10:31:46,578 INFO o.a.j.t.JMeterThread: Thread finished: POST arrivals 1-637
2026-10-07 10:31:47,503 INFO o.a.j.t.JMeterThread: Thread is done: POST arrivals 1-638
2026-10-07 10:31:47,503 INFO o.a.j.t.JMeterThread: Thread finished: POST arrivals 1-638
2026-10-07 10:31:47,504 INFO o.a.j.t.JMeterThread: Thread is done: Stats arrivals 3-27
2026-10-07 10:31:47,504 INFO o.a.j.t.JMeterThread: Thread finished: Stats arrivals 3-27
2026-10-07 10:31:49,134 INFO o.a.j.t.JMeterThread: Thread is done: POST arrivals 1-639
2026-10-07 10:31:49,134 INFO o.a.j.t.JMeterThread: Thread finished: POST arrivals 1-639
2026-10-07 10:31:50,130 INFO o.a.j.t.JMeterThread: Thread is done: POST arrivals 1-640
2026-10-07 10:31:50,130 INFO o.a.j.t.JMeterThread: Thread finished: POST arrivals 1-640
2026-10-07 10:31:53,853 INFO o.a.j.t.JMeterThread: Thread is done: POST arrivals 1-641
2026-10-07 10:31:53,853 INFO o.a.j.t.JMeterThread: Thread finished: POST arrivals 1-641
2026-10-07 10:31:53,872 INFO o.a.j.t.JMeterThread: Thread is done: Stats arrivals 3-28
2026-10-07 10:31:53,872 INFO o.a.j.t.JMeterThread: Thread finished: Stats arrivals 3-28
2026-10-07 10:31:55,586 INFO o.a.j.t.JMeterThread: Thread is done: POST arrivals 1-642
2026-10-07 10:31:55,586 INFO o.a.j.t.JMeterThread: Thread finished: POST arrivals 1-642
2026-10-07 10:31:55,637 INFO o.a.j.t.JMeterThread: Thread is done: Stats arrivals 3-29
2026-10-07 10:31:55,637 INFO o.a.j.t.JMeterThread: Thread finished: Stats arrivals 3-29
2026-10-07 10:31:55,680 INFO o.a.j.t.JMeterThread: Thread is done: Stats arrivals 3-30
2026-10-07 10:31:55,681 INFO o.a.j.t.JMeterThread: Thread finished: Stats arrivals 3-30
2026-10-07 10:36:55,060 INFO o.a.j.t.o.OpenModelThreadGroup: There will be no more events, will shutdown the thread pool
2026-10-07 10:36:55,060 INFO o.a.j.t.o.OpenModelThreadGroup: There will be no more events, will shutdown the thread pool
2026-10-07 10:36:55,060 INFO o.a.j.t.o.OpenModelThreadGroup: Thread starting done
2026-10-07 10:36:55,060 INFO o.a.j.t.o.OpenModelThreadGroup: Thread starting done
2026-10-07 10:36:55,061 INFO o.a.j.t.o.OpenModelThreadGroup: There will be no more events, will shutdown the thread pool
2026-10-07 10:36:55,061 INFO o.a.j.e.StandardJMeterEngine: Notifying test listeners of end of test
2026-10-07 10:36:55,061 INFO o.a.j.s.FileServer: Close: data/tickets.csv
2026-10-07 10:36:55,062 INFO o.a.j.t.o.OpenModelThreadGroup: Thread starting done
2026-10-07 10:36:55,066 INFO o.a.j.r.Summariser: summary +     20 in 00:05:25 =    0.1/s Avg: 66890 Min: 61390 Max: 72893 Err:     0 (0.00%) Active: 0 Started: 800 Finished: 800
2026-10-07 10:36:55,068 INFO o.a.j.r.Summariser: summary =    800 in 00:38:00 =    0.4/s Avg: 18131 Min:    18 Max: 73343 Err:     0 (0.00%)
